# Object Export From Tinkercad Server 2015

mtllib obj.mtl

o obj_0
v -13.071 		-5.273 		18
v -11.765 		-12.91 		9.158
v -16.305 		40.695 		35.7
v -15.044 		39.728 		35.7
v -15 		-6.072 		18
v -12.111 		-12.294 		8.791
v -11.149 		40.739 		17.665
v -11.01 		40.739 		17.545
v -13.576 		39.12 		35.7
v -13 		-10.24 		18
v -13 		-13.051 		18
v -13 		-14.84 		18
v -11.222 		40.739 		17.729
v -16.657 		-7.343 		18
v -10.337 		40.739 		17.673
v -17.928 		-9 		18
v -18.727 		-10.929 		18
v -15.297 		39.29 		34.609
v -9 		1.526 		6.66
v -13.707 		38.631 		34.609
v -9 		1.769 		6.169
v -9 		1.236 		7.117
v -19 		-13 		18
v -11.464 		40.739 		17.865
v -18.727 		-15.071 		18
v -9.039 		1.231 		6.452
v -15.536 		38.876 		33.5
v -13.83 		38.17 		33.5
v -12 		40.739 		17.978
v -11.727 		40.739 		17.949
v -15 		-19.928 		18
v -13.071 		-20.727 		18
v -12.273 		40.739 		17.949
v -15.759 		38.489 		32.391
v -13.946 		37.738 		32.391
v -17.928 		-17 		18
v -9.039 		1.822 		6.868
v -15.967 		38.129 		31.3
v -16.657 		-18.657 		18
v -16.157 		37.799 		30.247
v -9.707 		1.932 		6.945
v -13.227 		-11.714 		29.657
v -10.6 		40.739 		16.5
v -16.423 		45 		38.674
v -13.165 		-10.835 		29.096
v -10.627 		40.739 		16.788
v -16.83 		43.706 		37.75
v -17 		45 		37.75
v -13.651 		-11.469 		29.096
v -9.627 		1.733 		6.805
v -16.83 		46.294 		37.75
v -10.707 		40.739 		17.066
v -9.6 		1.526 		6.66
v -13.957 		-12.208 		29.096
v -10.836 		40.739 		17.321
v -9.6 		1.236 		7.117
v -9.627 		1.045 		6.947
v -13 		-9.536 		27.75
v -13.828 		-10.172 		27.75
v -16.811 		47.778 		36.753
v -13.222 		-9.151 		26.987
v -17.366 		46.438 		36.753
v -14.143 		-9.857 		26.987
v -9.707 		1.12 		6.375
v -9.627 		1.319 		6.515
v -9.627 		1.989 		6.288
v -17.272 		48.044 		35.7
v -17.88 		46.576 		35.7
v -9.6 		1.769 		6.169
v -13.502 		-10.498 		28.457
v -14.064 		-11.231 		28.457
v -12.536 		40.739 		17.865
v -12.296 		40.739 		17.942
v -14.418 		-12.084 		28.457
v -17.71 		48.297 		34.609
v -12.99 		40.739 		17.545
v -14.464 		-11 		27.75
v -18.369 		46.707 		34.609
v -12.778 		40.739 		17.729
v -14.864 		-11.965 		27.75
v -14.849 		-10.778 		26.987
v -18.124 		48.536 		33.5
v -15.293 		-11.85 		26.987
v -18.83 		46.83 		33.5
v -13.111 		40.739 		18.255
v -13.435 		-8.782 		26.182
v -17.556 		45 		36.753
v -17.366 		43.562 		36.753
v -14.444 		-9.556 		26.182
v -13.414 		40.739 		17.993
v -16.811 		42.222 		36.753
v -15.218 		-10.565 		26.182
v -15.704 		-11.74 		26.182
v -17.88 		43.424 		35.7
v -18.088 		45 		35.7
v -17.272 		41.956 		35.7
v -13.637 		-8.432 		25.348
v -14.73 		-9.27 		25.348
v -13.164 		40.739 		17.321
v -9.586 		3.155 		6.118
v -15.568 		-10.363 		25.348
v -10.222 		3.115 		5.372
v -9.4425 		1.1032 		0
v -9.4423 		1.1034 		0
v -16.095 		-11.635 		25.348
v -18.369 		43.293 		34.609
v -9.889 		3.55 		5.483
v -10.235 		3.711 		5.524
v -18.593 		45 		34.609
v -17.71 		41.703 		34.609
v -9.953 		1.2301 		0
v -9.9528 		1.2304 		0
v -13.071 		-13 		30.129
v -19.071 		45 		33.5
v -13 		-13.536 		30.129
v -18.83 		43.17 		33.5
v -9.4035 		1.1456 		0
v -10.038 		31.198 		14.256
v -18.124 		41.464 		33.5
v -13 		-12.464 		30.129
v -10.038 		30.93 		13.811
v -9.938 		1.25 		0
v -10.152 		31.214 		13.6
v -10.152 		31.46 		14.009
v -13.484 		-13.666 		29.657
v -13.572 		-13 		29.657
v -11.765 		-12.397 		8.646
v -13.227 		-14.286 		29.657
v -13.484 		-12.334 		29.657
v -11.235 		44.558 		16.127
v -11.39 		-12.982 		9.077
v -12.414 		-13.064 		10.001
v -10.889 		44.455 		16.279
v -12.414 		-12.635 		9.465
v -10.784 		44.407 		16.35
v -13.373 		32.864 		16.476
v -12.663 		-12.852 		10.19
v -12.663 		-12.444 		9.679
v -13.373 		33.372 		16.649
v -11.235 		32.664 		13.824
v -9.9252 		1.2754 		0
v -13.961 		32.829 		16.593
v -10.889 		32.561 		13.976
v -13.961 		33.349 		16.769
v -9.4035 		1.1456 		0
v -9.5794 		1.1894 		0
v -9.5986 		1.1942 		0
v -9.6002 		1.1946 		0
v -9.7526 		1.2325 		0
v -9.753 		1.2326 		0
v -13.957 		-13.792 		29.096
v -9.7661 		1.2358 		0
v -10.784 		32.513 		14.047
v -14.061 		-13 		29.096
v -9.8645 		1.2603 		0
v -9.8649 		1.2604 		0
v -16.662 		40.338 		34.609
v -9.8716 		1.2621 		0
v -9.8725 		1.2623 		0
v -9.9198 		1.2741 		0
v -9.9252 		1.2754 		0
v -17 		40 		33.5
v -11.5 		4 		0
v -10.152 		32.719 		16.966
v -18.511 		48.759 		32.391
v -11.765 		2.528 		8.269
v -11.765 		2.071 		8.842
v -19.262 		46.946 		32.391
v -11.235 		32.399 		18.045
v -18.871 		48.967 		31.3
v -9.586 		3.333 		5.427
v -19.663 		47.053 		31.3
v -11.61 		44.052 		15.556
v -12 		44.071 		15.521
v -9.423 		3.16 		5.383
v -20.031 		47.152 		30.247
v -10.889 		32.453 		17.861
v -11.39 		1.052 		9.894
v -11.39 		1.622 		9.443
v -10.586 		32.527 		17.613
v -20.365 		47.241 		29.25
v -13.651 		-14.531 		29.096
v -13.165 		-15.165 		29.096
v -11.765 		1.558 		9.354
v -9.039 		2.44 		5.199
v -9.152 		2.767 		5.283
v -9.152 		2.607 		5.904
v -9.039 		2.29 		5.78
v -12.216 		-10.521 		7.792
v -11.765 		-11.236 		7.83
v -12 		44.643 		16.001
v -12.111 		-11.164 		7.997
v -11.61 		44.622 		16.033
v -12.216 		-11.131 		8.074
v -9.836 		2.618 		5.908
v -11 		-11.909 		8.073
v -10.222 		2.944 		6.036
v -10.01 		2.797 		5.978
v -14.418 		-13.916 		28.457
v -11.39 		-11.891 		8.106
v -14.538 		-13 		28.457
v -15 		-13 		27.75
v -14.864 		-14.035 		27.75
v -15.445 		-13 		26.987
v -15.293 		-14.15 		26.987
v -12.414 		-10.473 		7.946
v -9.896 		2.68 		5.932
v -9.423 		2.988 		6.053
v -20.663 		47.321 		28.326
v -9.337 		2.899 		6.018
v -20.924 		47.391 		27.49
v -21.147 		47.451 		26.756
v -12.111 		1.954 		8.711
v -9.627 		2.192 		5.741
v -11.222 		43.673 		16.269
v -9.707 		2.413 		5.828
v -11.149 		43.644 		16.322
v -10.586 		43.792 		16.045
v -9.707 		2.567 		5.232
v -10.784 		43.869 		15.9
v -11.273 		1.294 		8.983
v -10.337 		43.648 		16.316
v -11.536 		1.249 		8.92
v -10.01 		2.963 		5.333
v -11.851 		1.144 		8.772
v -19.262 		43.054 		32.391
v -9.836 		2.778 		5.286
v -19.518 		45 		32.391
v -18.511 		41.241 		32.391
v -14.064 		-14.769 		28.457
v -13.502 		-15.502 		28.457
v -9.896 		2.842 		5.302
v -11.01 		43.064 		16.081
v -11.149 		43.108 		15.973
v -19.934 		45 		31.3
v -19.663 		42.947 		31.3
v -14.464 		-15 		27.75
v -9.337 		3.069 		5.36
v -13.828 		-15.828 		27.75
v -9.627 		2.338 		5.173
v -14.849 		-15.222 		26.987
v -14.143 		-16.143 		26.987
v -12.961 		-5.683 		19.343
v -11.222 		43.132 		15.916
v -13 		-5.536 		18.871
v -15.704 		-14.26 		26.182
v -15.87 		-13 		26.182
v -15.218 		-15.435 		26.182
v -10.337 		43.111 		15.966
v -18 		6.583 		32.25
v -14.5 		1.022 		28.857
v -11 		2.792 		43
v -12.111 		1.455 		9.209
v -9 		2.1 		5.113
v -11.778 		1.177 		8.819
v -13.42 		-6.397 		0
v -10.889 		43.325 		15.441
v -15 		-5.66 		0
v -17.66 		-3.428 		0
v -16.428 		-4.66 		0
v -12.216 		1.407 		9.142
v -13.214 		-2.567 		1.532
v -10.586 		43.229 		15.678
v -9.6 		2.1 		5.113
v -10.784 		43.292 		15.523
v -13.536 		-3.124 		1.414
v -13.83 		-3.634 		1.286
v -10.889 		43.91 		15.823
v -14.096 		-4.094 		1.147
v -16.275 		-13 		25.348
v -16.095 		-14.365 		25.348
v -11.235 		43.998 		15.657
v -14.545 		-2.417 		1.414
v -14.924 		-2.868 		1.286
v -11.851 		1.6 		8.316
v -10.784 		32.479 		17.775
v -11.536 		1.72 		8.45
v -11.778 		1.638 		8.359
v -15.265 		-3.275 		1.147
v -15.567 		-3.634 		1
v -11.235 		43.397 		15.265
v -15.826 		-3.943 		0.845
v -11.273 		1.77 		8.506
v -11.727 		43.772 		16.082
v -14.33 		-4.5 		1
v -11.61 		32.365 		18.158
v -12.273 		43.772 		16.082
v -12.216 		1.899 		8.651
v -12 		32.354 		18.196
v -13.1 		-5.517 		0.845
v -12 		43.785 		16.058
v -11.99 		1.08 		8.683
v -13.214 		-5.83 		0.684
v -10.586 		32.422 		14.181
v -11.99 		1.528 		8.235
v -13.304 		-6.077 		0.518
v -11.464 		43.734 		16.153
v -15.568 		-15.637 		25.348
v -18.871 		41.033 		31.3
v -12 		43.223 		15.691
v -12.273 		43.213 		15.717
v -11 		3.143 		6.114
v -20.031 		42.848 		30.247
v -10.727 		3.12 		6.105
v -13.828 		-8.101 		24.5
v -20.315 		45 		30.247
v -14.007 		-7.791 		23.652
v -12.414 		1.796 		8.535
v -12.414 		1.317 		9.015
v -20.365 		42.759 		29.25
v -14.173 		-7.503 		22.818
v -12.663 		1.605 		8.321
v -12.663 		1.148 		8.778
v -14.326 		-7.239 		22.013
v -11.727 		43.213 		15.717
v -14.464 		-7 		21.25
v -12.273 		32.539 		17.572
v -15.899 		-8.101 		21.25
v -11.464 		43.182 		15.793
v -14.587 		-6.786 		20.543
v -11.464 		32.563 		17.492
v -11.727 		32.539 		17.572
v -20.66 		45 		29.25
v -11 		3.321 		5.424
v -10.727 		3.297 		5.418
v -11.149 		31.957 		14.13
v -11.222 		31.996 		14.085
v -12 		32.531 		17.599
v -11.01 		31.885 		14.215
v -11.61 		43.441 		15.157
v -12 		43.456 		15.121
v -10.464 		3.228 		5.4
v -11.149 		32.618 		17.304
v -13.111 		44.455 		16.279
v -10.61 		3.81 		5.549
v -11.01 		32.652 		17.19
v -11 		3.844 		5.557
v -12.39 		44.052 		15.556
v -12.765 		44.558 		16.127
v -10.464 		3.053 		6.078
v -11.222 		32.601 		17.364
v -12.39 		44.622 		16.033
v -11.273 		3.12 		6.105
v -10.836 		32.715 		16.979
v -10.586 		32.154 		13.899
v -10.337 		32.616 		17.311
v -20.969 		45 		28.326
v -11.273 		3.297 		5.418
v -11.235 		32.428 		13.575
v -16.073 		-7.927 		20.543
v -21.239 		45 		27.49
v -21.469 		45 		26.756
v -13.368 		-6.254 		0.347
v -21.659 		45 		26.139
v -10.889 		32.311 		13.713
v -21.808 		45 		25.647
v -13.031 		-5.421 		18.495
v -10.889 		32.088 		13.419
v -21.914 		45 		25.29
v -21.979 		45 		25.073
v -10.784 		32.257 		13.777
v -13.053 		-5.339 		18.221
v -13.066 		-5.289 		18.056
v -13.111 		32.453 		17.861
v -12.536 		32.563 		17.492
v -11.778 		2.05 		7.843
v -22 		45 		25
v -12.765 		32.399 		18.045
v -14.966 		-6.131 		18.221
v -12.39 		32.365 		18.158
v -14.991 		-6.087 		18.056
v -11.536 		2.141 		7.924
v -14.696 		-6.599 		19.904
v -12.111 		2.399 		8.154
v -16.226 		-7.774 		19.904
v -12.536 		43.734 		16.153
v -12.216 		2.339 		8.101
v -12.778 		43.132 		15.916
v -13.414 		32.527 		17.613
v -14.788 		-6.439 		19.343
v -13.577 		32.585 		17.415
v -16.357 		-7.643 		19.343
v -20.663 		42.679 		28.326
v -20.924 		42.609 		27.49
v -11.39 		3.81 		5.549
v -11.765 		2.926 		7.643
v -12.111 		2.786 		7.545
v -21.147 		42.549 		26.756
v -13.104 		32.693 		17.052
v -13.164 		32.715 		16.979
v -12.216 		2.721 		7.499
v -21.33 		42.5 		26.139
v -12.778 		32.601 		17.363
v -21.474 		42.462 		25.647
v -21.577 		42.434 		25.29
v -13.407 		-6.361 		0.174
v -21.639 		42.417 		25.073
v -11.851 		2.362 		7.247
v -12.778 		43.673 		16.269
v -9 		1.961 		5.651
v -9.039 		1.454 		6
v -14.532 		-4.849 		0.845
v -13.104 		43.01 		16.213
v -16.04 		-4.198 		0.684
v -12.99 		43.064 		16.081
v -9.039 		1.632 		5.522
v -12.99 		32.652 		17.19
v -11.536 		2.506 		7.348
v -9.152 		1.152 		5.837
v -13.111 		43.91 		15.823
v -9.152 		1.315 		5.399
v -13.111 		43.325 		15.441
v -12.536 		43.182 		15.793
v -13.663 		32.616 		17.311
v -10.784 		32.028 		13.475
v -9.6 		1.961 		5.651
v -13.848 		32.719 		16.966
v -14.864 		-6.308 		18.871
v -16.209 		-4.399 		0.518
v -14.923 		-6.205 		18.495
v -16.33 		-4.544 		0.347
v -21.659 		42.412 		25
v -10.586 		31.914 		13.582
v -17.316 		39.684 		32.391
v -17.61 		39.39 		31.3
v -11.727 		32.128 		13.929
v -12 		32.145 		13.909
v -15 		-9 		24.5
v -11.727 		32.399 		14.215
v -12.273 		37.161 		15.051
v -19.201 		40.843 		30.247
v -15.899 		-10.172 		24.5
v -12.273 		32.128 		13.929
v -17.879 		39.121 		30.247
v -12 		32.414 		14.193
v -15.253 		-8.747 		23.652
v -19.5 		40.67 		29.25
v -16.209 		-9.993 		23.652
v -18.124 		38.876 		29.25
v -15.488 		-8.512 		22.818
v -10.586 		38 		15.007
v -10.784 		38 		14.835
v -10.889 		38 		14.745
v -15.704 		-8.296 		22.013
v -12 		38 		14.389
v -19.767 		40.516 		28.326
v -12.273 		32.399 		14.215
v -20.001 		40.381 		27.49
v -13.663 		37.161 		15.327
v -13.577 		37.161 		15.216
v -13.414 		37.161 		15.007
v -15.899 		-15.828 		24.5
v -20.201 		40.265 		26.756
v -16.209 		-16.007 		23.652
v -12.536 		37.161 		15.135
v -12.296 		37.161 		15.058
v -11.464 		32.077 		13.989
v -20.365 		40.17 		26.139
v -12.765 		38 		14.55
v -12.39 		38 		14.429
v -12.422 		38 		14.44
v -16.464 		-7.536 		18.871
v -16.548 		-7.452 		18.495
v -18.342 		38.658 		28.326
v -16.645 		-7.355 		18.056
v -16.608 		-7.392 		18.221
v -14.698 		-5.138 		0.684
v -11.464 		32.355 		14.281
v -14.83 		-5.365 		0.518
v -14.924 		-5.529 		0.347
v -18.533 		38.467 		27.49
v -14.981 		-5.627 		0.174
v -12.765 		43.998 		15.658
v -16.464 		-11.536 		24.5
v -16.81 		-11.443 		23.652
v -11.61 		32.727 		13.73
v -16.634 		-2.567 		1
v -16.943 		-2.826 		0.845
v -13.577 		43.152 		15.866
v -13.414 		43.229 		15.678
v -16.497 		-9.827 		22.818
v -13.663 		43.111 		15.966
v -17.198 		-3.04 		0.684
v -17.131 		-11.357 		22.818
v -17.399 		-3.209 		0.518
v -11.61 		32.5 		13.49
v -17.544 		-3.33 		0.347
v -13.663 		43.648 		16.316
v -13.577 		43.697 		16.222
v -17.631 		-3.403 		0.174
v -12 		32.749 		13.698
v -13.414 		43.792 		16.045
v -16.761 		-9.674 		22.013
v -16.403 		-4.631 		0.174
v -9.707 		1.337 		5.937
v -11.778 		2.408 		7.279
v -11.99 		2.276 		7.187
v -20.494 		40.096 		25.647
v -3.273 		-15.071 		18
v -9.627 		1.549 		6.051
v -20.586 		40.043 		25.29
v -11.765 		3.258 		6.971
v -12.111 		3.109 		6.891
v -3.861 		-14.913 		19.904
v -11.765 		3.521 		6.262
v -12.111 		3.365 		6.201
v -3.683 		-14.961 		19.343
v -12.216 		3.292 		6.172
v -11.33 		28.556 		33
v -17.66 		25.653 		25.267
v -5 		25.653 		25.267
v -9.836 		1.142 		5.832
v -14.588 		54.659 		25
v -17 		53.66 		25
v -12 		32.524 		13.461
v -9.707 		1.508 		5.474
v -9.836 		1.304 		5.395
v -19.071 		52.071 		25
v -20.66 		50 		25
v -10.01 		1.125 		5.324
v -14 		45.212 		25
v -21.659 		47.588 		25
v -11.536 		2.811 		6.73
v -11.778 		2.707 		6.674
v -15.759 		51.511 		32.391
v -3.536 		-15 		18.871
v -12.216 		3.04 		6.853
v -14.053 		52.663 		31.3
v -17.425 		-11.278 		22.013
v -3.421 		-15.031 		18.495
v -15.967 		51.871 		31.3
v -14.152 		53.031 		30.247
v -17 		-9.536 		21.25
v -17.692 		-11.207 		21.25
v -3.289 		-15.066 		18.056
v -3.339 		-15.053 		18.221
v -16.157 		52.201 		30.247
v -12 		31.904 		13.591
v -17.214 		-9.413 		20.543
v -11.727 		31.885 		13.609
v -17.931 		-11.143 		20.543
v -14.241 		53.365 		29.25
v -12.273 		31.885 		13.609
v -16.33 		52.5 		29.25
v -17.401 		-9.304 		19.904
v -6.58 		-6.397 		0
v -17.561 		-9.212 		19.343
v -14.321 		53.663 		28.326
v -8.264 		-6.848 		0
v -10 		-7 		0
v -11.736 		-6.848 		0
v -11.464 		31.83 		13.661
v -17.692 		-9.136 		18.871
v -17.795 		-9.077 		18.495
v -17.869 		-9.034 		18.221
v -9.627 		1.73 		5.561
v -12.164 		2.116 		7.074
v -6.696 		-6.077 		0.518
v -12.164 		2.396 		6.507
v -11.01 		31.617 		13.861
v -10.836 		31.469 		14.001
v -11.851 		2.659 		6.648
v -9.337 		1.023 		5.284
v -6.632 		-6.254 		0.347
v -6.593 		-6.361 		0.174
v -11.99 		2.567 		6.599
v -9.039 		1.759 		5.026
v -10 		-6.063 		0.845
v -10.627 		30.842 		13.877
v -8.426 		-5.925 		0.845
v -12.414 		2.597 		7.412
v -17.913 		-9.009 		18.056
v -12.663 		2.368 		7.251
v -12.414 		2.225 		7.999
v -9.627 		1.862 		5.052
v -18.139 		-11.087 		19.904
v -12.293 		2.201 		6.402
v -18.317 		-11.039 		19.343
v -12.663 		2.665 		6.651
v -12.848 		2.386 		6.501
v -12.414 		2.909 		6.783
v -10.707 		31.3 		14.16
v -10.627 		31.116 		14.333
v -12.962 		2.083 		6.339
v -10 		-6.397 		0.684
v -12.848 		2.106 		7.067
v -3.356 		3.882 		2.5
v -3.922 		2.987 		2.113
v -3.14 		3.713 		2.113
v -10.152 		34.422 		15.692
v -10.152 		33.998 		15.664
v -12.164 		1.78 		7.602
v -12.164 		1.394 		8.085
v -10.337 		31.476 		13.406
v -11.851 		2.008 		7.806
v -10.337 		31.702 		13.782
v -10.038 		34.422 		16.088
v -10.038 		33.96 		16.058
v -18.464 		-11 		18.871
v -11.99 		1.928 		7.735
v -11.01 		31.384 		13.474
v -18.579 		-10.969 		18.495
v -10 		32.945 		16.204
v -18.711 		-10.934 		18.056
v -18.661 		-10.947 		18.221
v -10 		33.427 		16.368
v -10.038 		33.504 		15.966
v -11.222 		31.516 		13.376
v -11.149 		31.471 		13.41
v -8.368 		-6.254 		0.684
v -11.222 		31.739 		13.747
v -11.149 		31.697 		13.786
v -12.765 		43.397 		15.265
v -14.391 		53.924 		27.49
v -12.39 		43.441 		15.157
v -16.464 		-14.464 		24.5
v -16.657 		-13 		24.5
v -16.81 		-14.557 		23.652
v -14.451 		54.147 		26.756
v -10.152 		42.977 		16.295
v -17.015 		-13 		23.652
v -10.152 		42.442 		16.034
v -14.5 		54.33 		26.139
v -17.131 		-14.643 		22.818
v -14.538 		54.474 		25.647
v -17.347 		-13 		22.818
v -10.836 		31.224 		13.593
v -16.497 		-16.173 		22.818
v -10.707 		31.041 		13.729
v -10.038 		41.812 		16.231
v -10.038 		41.279 		16.124
v -14.566 		54.577 		25.29
v -10.152 		41.887 		15.845
v -10.152 		41.317 		15.73
v -17.652 		-13 		22.013
v -17.425 		-14.722 		22.013
v -14.583 		54.639 		25.073
v -16.761 		-16.326 		22.013
v -17.692 		-14.793 		21.25
v -1.808 		3 		1.147
v -10.836 		42.982 		16.283
v -10.707 		42.375 		16.262
v -1.34 		3 		1
v -17.879 		50.879 		30.247
v -10.836 		42.446 		16.021
v -2.929 		3 		1.414
v -11.235 		32.034 		12.992
v -18.124 		51.124 		29.25
v -11.235 		32.217 		13.297
v -2.34 		3 		1.286
v -17.928 		-13 		21.25
v -10.038 		33.06 		15.815
v -11.149 		42.542 		15.696
v -17.931 		-14.857 		20.543
v -11.01 		42.509 		15.81
v -16.83 		53.365 		26.139
v -16.904 		53.494 		25.647
v -10.152 		33.171 		15.441
v -16.957 		53.586 		25.29
v -10.152 		33.579 		15.58
v -11.222 		42.56 		15.636
v -1.933 		1.578 		1.147
v -16.989 		53.642 		25.073
v -1.471 		1.496 		1
v -10.337 		42.545 		15.689
v -10.586 		42.634 		15.387
v -11.235 		31.881 		12.666
v -1.075 		1.426 		0.845
v -11.235 		31.76 		12.321
v -10.889 		31.894 		13.096
v -11.235 		42.762 		14.955
v -3.67 		1.884 		1.532
v -10.889 		42.708 		15.139
v -10.784 		31.829 		13.144
v -3.036 		1.772 		1.414
v -10.784 		42.682 		15.225
v -10 		-6.659 		0.518
v -8.323 		-6.513 		0.518
v -10 		-6.848 		0.347
v -2.456 		1.67 		1.286
v -10.627 		33.948 		16.18
v -8.29 		-6.698 		0.347
v -10.627 		34.422 		16.212
v -10.707 		33.975 		15.905
v -10 		-6.962 		0.174
v -10.707 		34.422 		15.934
v -8.27 		-6.811 		0.174
v -3.772 		2.821 		1.71
v -11.574 		-5.925 		0.845
v -10.836 		33.999 		15.651
v -10.836 		34.422 		15.679
v -12 		32.324 		13.196
v -12 		32.15 		12.907
v -11.01 		34.02 		15.428
v -2.961 		3.574 		1.71
v -11.632 		-6.254 		0.684
v -12 		32.004 		12.596
v -11.677 		-6.513 		0.518
v -11.71 		-6.698 		0.347
v -11.73 		-6.811 		0.174
v -12.293 		1.241 		7.914
v -11.61 		32.297 		13.222
v -12.373 		1.075 		7.729
v -3.77 		2.7469 		1.5589
v -3.7274 		2.7715 		1.5527
v -12.962 		1.149 		7.811
v -12.663 		2.013 		7.81
v -2.9638 		3.3999 		1.414
v -3.2015 		3.2063 		1.4607
v -12.848 		1.386 		8.077
v -2.8519 		3.4888 		1.388
v -5.343 		-7.343 		18
v -11.61 		32.12 		12.929
v -12.293 		1.611 		7.451
v -12.373 		1.427 		7.288
v -3.5812 		2.8952 		1.532
v -11.61 		31.973 		12.614
v -11.01 		34.422 		15.455
v -7 		-6.072 		18
v -3.273 		-10.929 		18
v -4.072 		-9 		18
v -12.962 		1.509 		7.361
v -12.848 		1.771 		7.595
v -3 		-13 		18
v -16.484 		52.767 		28.326
v -18.342 		51.342 		28.326
v -16.619 		53.001 		27.49
v -9 		-10.0265 		18
v -10.6 		32.945 		16.204
v -11.149 		31.282 		13.007
v -11.222 		31.33 		12.979
v -10.6 		33.427 		16.368
v -10.627 		33.025 		15.932
v -16.735 		53.201 		26.756
v -8.172 		-8.101 		24.5
v -7.993 		-7.791 		23.652
v -7.827 		-7.503 		22.818
v -10.627 		33.481 		16.087
v -10.586 		31.706 		13.236
v -7.674 		-7.239 		22.013
v -10.586 		31.532 		12.865
v -10.707 		33.533 		15.816
v -11.235 		42.102 		14.731
v -10.836 		33.581 		15.567
v -12.293 		1.932 		6.945
v -10.889 		42.065 		14.921
v -10.707 		33.103 		15.67
v -10.586 		42.016 		15.177
v -12.373 		1.733 		6.805
v -10.337 		31.288 		13.003
v -10.784 		42.048 		15.01
v -12.962 		1.822 		6.868
v -10.836 		33.174 		15.429
v -11.01 		31.19 		13.059
v -10.707 		30.824 		13.267
v -10.836 		31.019 		13.156
v -12.373 		1.045 		6.947
v -6.101 		-8.101 		21.25
v -7.536 		-7 		21.25
v -12.4 		1.236 		7.117
v -5.927 		-7.927 		20.543
v -7.413 		-6.786 		20.543
v -12.4 		1.526 		6.66
v -10.586 		34.422 		15.007
v -5.774 		-7.774 		19.904
v -13 		1.526 		6.66
v -13 		1.236 		7.117
v -5.643 		-7.643 		19.343
v -11.149 		34.422 		15.335
v -3.4548 		3 		1.5105
v -5.536 		-7.536 		18.871
v -11.222 		34.422 		15.271
v -5.452 		-7.452 		18.495
v -12.373 		1.989 		6.288
v -2.4591 		3.9429 		1.294
v -12.4 		1.769 		6.169
v -2.6876 		3.6787 		1.3487
v -10.337 		34.422 		15.327
v -5.355 		-7.355 		18.056
v -5.392 		-7.392 		18.221
v -13 		1.769 		6.169
v -10.586 		34.063 		14.983
v -2.4257 		3.9831 		1.286
v -12.273 		42.622 		15.428
v -8 		3.772 		4.096
v -7.303 		3.828 		4.096
v -11.464 		42.598 		15.508
v -11.222 		34.038 		15.246
v -11.727 		42.622 		15.428
v -6.627 		3.997 		4.096
v -11.149 		34.032 		15.309
v -5.75 		3.882 		3.83
v -5.525 		3.52 		3.536
v -12 		42.63 		15.401
v -4.818 		3.979 		3.536
v -5.319 		3.188 		3.214
v -18.533 		51.533 		27.49
v -4.553 		3.686 		3.214
v -18.175 		-13 		20.543
v -11.61 		42.796 		14.842
v -18.696 		51.696 		26.756
v -12 		42.807 		14.804
v -18.83 		51.83 		26.139
v -6.039 		2.497 		2.868
v -18.391 		-13 		19.904
v -18.935 		51.935 		25.647
v -5.133 		2.889 		2.868
v -4.314 		3.421 		2.868
v -19.011 		52.011 		25.29
v -12 		42.013 		15.192
v -18.575 		-13 		19.343
v -11.727 		42.008 		15.219
v -19.056 		52.056 		25.073
v -11.464 		41.992 		15.301
v -18.727 		-13 		18.871
v -5.927 		2.21 		2.5
v -18.846 		-13 		18.495
v -4.969 		2.625 		2.5
v -18.932 		-13 		18.221
v -4.103 		3.188 		2.5
v -18.983 		-13 		18.056
v -4.828 		2.398 		2.113
v -19.767 		49.484 		28.326
v -20.001 		49.619 		27.49
v -7.304 		-6.599 		19.904
v -20.201 		49.735 		26.756
v -5.83 		1.964 		2.113
v -18.139 		-14.913 		19.904
v -8 		3.322 		3.83
v -7.212 		-6.439 		19.343
v -18.317 		-14.961 		19.343
v -20.365 		49.83 		26.139
v -18.464 		-15 		18.871
v -7.219 		3.385 		3.83
v -7.136 		-6.308 		18.871
v -6.461 		3.574 		3.83
v -18.579 		-15.031 		18.495
v -7.077 		-6.205 		18.495
v -7.034 		-6.131 		18.221
v -8 		2.904 		3.536
v -18.661 		-15.053 		18.221
v -18.711 		-15.066 		18.056
v -7.14 		2.974 		3.536
v -7.009 		-6.087 		18.056
v -6.307 		3.181 		3.536
v -20.494 		49.904 		25.647
v -8 		2.521 		3.214
v -20.586 		49.957 		25.29
v -4.069 		-11.143 		20.543
v -7.069 		2.596 		3.214
v -20.642 		49.989 		25.073
v -13 		-16.464 		27.75
v -6.166 		2.821 		3.214
v -6.101 		-10.172 		24.5
v -13.222 		-16.849 		26.987
v -12.273 		42.008 		15.219
v -14.444 		-16.444 		26.182
v -13.435 		-17.218 		26.182
v -11.61 		42.125 		14.614
v -12.293 		1.12 		6.375
v -8 		2.176 		2.868
v -14.73 		-16.73 		25.348
v -7.004 		2.256 		2.868
v -12 		42.132 		14.574
v -13.637 		-17.568 		25.348
v -12.373 		1.319 		6.515
v -12.962 		1.231 		6.452
v -8 		1.871 		2.5
v -15 		-17 		24.5
v -13.828 		-17.899 		24.5
v -6.947 		1.956 		2.5
v -14.053 		37.337 		31.3
v -10.627 		41.267 		16.247
v -14.152 		36.969 		30.247
v -8 		1.609 		2.113
v -10.707 		41.841 		16.081
v -15.253 		-17.253 		23.652
v -10.707 		41.294 		15.971
v -14.007 		-18.209 		23.652
v -6.898 		1.698 		2.113
v -15.488 		-17.488 		22.818
v -16.33 		37.5 		29.25
v -14.241 		36.635 		29.25
v -10.627 		41.789 		16.351
v -7 		-9 		24.5
v -14.173 		-18.497 		22.818
v -10.889 		31.732 		12.751
v -5.19 		-11.443 		23.652
v -10.889 		31.604 		12.386
v -10.784 		31.663 		12.79
v -15.704 		-17.704 		22.013
v -14.326 		-18.761 		22.013
v -10.836 		41.889 		15.832
v -15.899 		-17.899 		21.25
v -11.149 		41.954 		15.496
v -14.464 		-19 		21.25
v -11.222 		41.966 		15.435
v -16.073 		-18.073 		20.543
v -14.587 		-19.214 		20.543
v -10.784 		31.531 		12.416
v -16.226 		-18.226 		19.904
v -11.01 		41.932 		15.614
v -16.357 		-18.357 		19.343
v -10.586 		31.394 		12.472
v -10.337 		41.956 		15.489
v -11.536 		3.228 		5.4
v -11.01 		41.339 		15.495
v -11.149 		41.35 		15.375
v -13 		-20.464 		18.871
v -14.321 		36.337 		28.326
v -10.836 		30.857 		12.694
v -5.791 		-9.993 		23.652
v -10.836 		41.318 		15.717
v -6.747 		-8.747 		23.652
v -10.337 		41.351 		15.368
v -11.222 		31.183 		12.56
v -10.337 		34.032 		15.301
v -11.149 		31.132 		12.58
v -14.391 		36.076 		27.49
v -11.222 		41.357 		15.312
v -10.784 		34.422 		14.835
v -11.01 		31.036 		12.62
v -6.029 		1.555 		1.813
v -11.235 		41.425 		14.595
v -10.889 		41.406 		14.789
v -21.33 		47.5 		26.139
v -10.784 		34.079 		14.813
v -10.337 		31.138 		12.578
v -21.474 		47.538 		25.647
v -10.889 		34.422 		14.745
v -10.586 		41.382 		15.05
v -10.784 		41.398 		14.879
v -21.577 		47.566 		25.29
v -11.727 		31.675 		13.259
v -11.464 		31.614 		13.304
v -11.464 		31.435 		12.92
v -21.639 		47.583 		25.073
v -10.889 		34.088 		14.723
v -12 		31.52 		12.871
v -11.235 		34.422 		14.55
v -11.235 		34.106 		14.529
v -11.727 		31.499 		12.883
v -11.235 		33.794 		14.466
v -11.765 		3.711 		5.524
v -12.273 		31.675 		13.259
v -5.9735 		1.7616 		1.813
v -6.0624 		1.7431 		1.8197
v -12.273 		31.499 		12.883
v -5.302 		1.29 		1.732
v -12.273 		41.377 		15.093
v -5.7665 		1.8021 		1.7931
v -4.61 		1.038 		1.638
v -14.696 		-19.401 		19.904
v -12 		31.695 		13.244
v -4.351 		2.004 		1.638
v -9.412 		54.659 		25
v -14.788 		-19.561 		19.343
v -12 		31.382 		12.477
v -4.929 		37.929 		25
v -11.727 		31.36 		12.487
v -14.864 		-19.692 		18.871
v -12.273 		31.36 		12.487
v -7 		36.34 		25
v -10 		45.212 		25
v -14.923 		-19.795 		18.495
v -11.464 		31.292 		12.514
v -9.412 		35.341 		25
v -14.966 		-19.869 		18.221
v -14.991 		-19.913 		18.056
v -4.711 		2.21 		1.71
v -9.549 		54.147 		26.756
v -5.0964 		2.0561 		1.732
v -4.9502 		2.1098 		1.7157
v -13.031 		-20.579 		18.495
v -4.9042 		2.1263 		1.71
v -9.5 		54.33 		26.139
v -11.778 		3.115 		5.372
v -13.111 		32.561 		13.976
v -9.462 		54.474 		25.647
v -13.066 		-20.711 		18.056
v -13.053 		-20.661 		18.221
v -12 		41.38 		15.065
v -4.869 		-11.357 		22.818
v -12.111 		3.55 		5.483
v -5.503 		-9.827 		22.818
v -5.3771 		1.9497 		1.7576
v -6.512 		-8.512 		22.818
v -11.464 		41.369 		15.177
v -17 		-16.464 		21.25
v -11.727 		41.377 		15.093
v -17.214 		-16.587 		20.543
v -4.575 		-11.278 		22.013
v -5.239 		-9.674 		22.013
v -6.296 		-8.296 		22.013
v -4.308 		-11.207 		21.25
v -11.61 		41.436 		14.476
v -17.401 		-16.696 		19.904
v -5 		-9.536 		21.25
v -12 		41.44 		14.435
v -17.561 		-16.788 		19.343
v -4.7056 		2.2013 		1.6855
v -17.692 		-16.864 		18.871
v -4.3136 		2.4327 		1.638
v -4.6234 		2.2498 		1.6755
v -13.104 		42.468 		15.948
v -13.164 		42.446 		16.021
v -4.786 		-9.413 		20.543
v -17.795 		-16.923 		18.495
v -13.293 		42.375 		16.262
v -17.869 		-16.966 		18.221
v -13.164 		42.982 		16.283
v -17.913 		-16.991 		18.056
v -3.861 		-11.087 		19.904
v -8.017 		1.336 		1.932
v -12.216 		3.475 		5.464
v -3.683 		-11.039 		19.343
v -3.536 		-11 		18.871
v -16.464 		-18.464 		18.871
v -11.536 		3.053 		6.078
v -16.548 		-18.548 		18.495
v -12.164 		2.618 		5.908
v -11.778 		2.944 		6.036
v -16.645 		-18.645 		18.056
v -16.608 		-18.608 		18.221
v -12.536 		42.598 		15.508
v -12.778 		42.56 		15.637
v -12.765 		32.664 		13.824
v -12.296 		32.395 		14.221
v -12.536 		32.354 		14.281
v -9.434 		54.577 		25.29
v -11 		-14.84 		18
v -9.417 		54.639 		25.073
v -3.421 		-10.969 		18.495
v -12.164 		2.778 		5.286
v -11.464 		34.422 		15.135
v -11.727 		34.059 		15.027
v -11.851 		3.062 		5.358
v -11.851 		2.893 		6.016
v -3.339 		-10.947 		18.221
v -3.289 		-10.934 		18.056
v -11.464 		34.051 		15.11
v -11.99 		2.797 		5.978
v -11.99 		2.963 		5.333
v -12 		34.422 		15.022
v -8 		1.5137 		1.9359
v -4.087 		-9.009 		18.056
v -11.727 		34.422 		15.051
v -7.038 		1.29 		1.879
v -10.24 		-14.84 		18
v -12.273 		34.059 		15.027
v -12 		34.061 		14.998
v -12.99 		42.509 		15.81
v -12.296 		32.123 		13.934
v -12.536 		32.077 		13.989
v -13.848 		42.977 		16.295
v -12.273 		34.422 		15.051
v -13.414 		42.634 		15.387
v -13.577 		42.576 		15.585
v -13.663 		42.545 		15.689
v -12 		34.121 		14.369
v -4.599 		-9.304 		19.904
v -12 		34.422 		14.389
v -4.439 		-9.212 		19.343
v -12.414 		3.155 		6.118
v -4.308 		-9.136 		18.871
v -13.848 		42.442 		16.034
v -11.61 		34.118 		14.409
v -11.61 		34.422 		14.429
v -12.414 		3.333 		5.427
v -11.61 		33.817 		14.349
v -4.205 		-9.077 		18.495
v -12.99 		31.885 		14.215
v -12.778 		31.995 		14.085
v -12.373 		2.192 		5.741
v -7.8883 		1.5206 		1.932
v -7.4765 		1.543 		1.9112
v -6.9065 		1.5718 		1.879
v -7.419 		1.5459 		1.908
v -12.293 		2.413 		5.828
v -6.8745 		1.5731 		1.8767
v -12.663 		2.899 		6.018
v -12.536 		41.992 		15.301
v -12.848 		2.607 		5.904
v -10.586 		33.708 		14.913
v -12.962 		2.29 		5.78
v -13.111 		42.708 		15.139
v -4.131 		-9.034 		18.221
v -4.072 		-17 		18
v -12.765 		42.762 		14.955
v -12.663 		3.069 		5.36
v -5.343 		-18.657 		18
v -12.848 		2.767 		5.283
v -4.944 		37.944 		25.073
v -12.373 		2.338 		5.173
v -4.072 		-13 		21.25
v -7 		-19.928 		18
v -3.825 		-13 		20.543
v -12.293 		2.567 		5.232
v -11 		-21 		18
v -8.929 		-20.727 		18
v -7.516 		37.233 		28.326
v -4.653 		-13 		22.818
v -12.962 		2.44 		5.199
v -7.381 		36.999 		27.49
v -4.348 		-13 		22.013
v -8.172 		-15.828 		27.75
v -7.536 		-15 		27.75
v -12.39 		42.796 		14.842
v -7.857 		-16.143 		26.987
v -7.151 		-15.222 		26.987
v -3.609 		-13 		19.904
v -12.765 		42.102 		14.731
v -12.39 		42.125 		14.614
v -6.3712 		1.6793 		1.8428
v -3.425 		-13 		19.343
v -3.273 		-13 		18.871
v -3.154 		-13 		18.495
v -3.068 		-13 		18.221
v -11.01 		33.624 		15.349
v -13.293 		41.841 		16.081
v -3.017 		-13 		18.056
v -11.149 		33.646 		15.232
v -12.4 		2.1 		5.113
v -11.222 		33.288 		15.044
v -12.778 		41.966 		15.435
v -12.99 		41.932 		15.614
v -9.586 		3.441 		4.718
v -9.889 		3.662 		4.746
v -11.222 		33.658 		15.17
v -10.222 		3.218 		4.69
v -10.235 		3.826 		4.767
v -10.337 		33.648 		15.224
v -7.265 		36.799 		26.756
v -13 		2.1 		5.113
v -13.111 		32.311 		13.713
v -7.17 		36.635 		26.139
v -6.782 		-15.435 		26.182
v -12.765 		32.428 		13.575
v -6.432 		-15.637 		25.348
v -7.096 		36.506 		25.647
v -4.069 		-14.857 		20.543
v -7.043 		36.414 		25.29
v -7.011 		36.358 		25.073
v -6.101 		-15.828 		24.5
v -5.791 		-16.007 		23.652
v -9.423 		3.265 		4.696
v -5.503 		-16.173 		22.818
v -9.947 		37.337 		31.3
v -9.337 		3.172 		4.684
v -9.848 		36.969 		30.247
v -12.422 		32.722 		13.738
v -9.039 		2.531 		4.604
v -9.152 		2.864 		4.646
v -9 		2.184 		4.56
v -9.759 		36.635 		29.25
v -10.337 		33.273 		15.097
v -9.679 		36.337 		28.326
v -9.609 		36.076 		27.49
v -12.164 		1.142 		5.832
v -12.39 		32.727 		13.73
v -12.164 		1.304 		5.395
v -11.01 		33.237 		15.218
v -9.549 		35.853 		26.756
v -11.851 		1.029 		5.287
v -9.5 		35.67 		26.139
v -11.149 		33.271 		15.104
v -12.422 		32.494 		13.497
v -9.462 		35.526 		25.647
v -12.39 		32.5 		13.49
v -11.99 		1.125 		5.324
v -9.434 		35.423 		25.29
v -9.417 		35.361 		25.073
v -13.111 		32.088 		13.419
v -12.296 		31.881 		13.614
v -13.164 		41.889 		15.832
v -13.104 		41.904 		15.756
v -10.889 		33.758 		14.656
v -10.889 		33.436 		14.547
v -12.536 		31.83 		13.662
v -10.784 		33.74 		14.745
v -9.896 		2.94 		4.655
v -9.836 		2.875 		4.647
v -9.707 		2.66 		4.62
v -12 		55 		25
v -10.586 		33.362 		14.795
v -13.414 		32.422 		14.181
v -13.414 		31.914 		13.582
v -10.01 		3.064 		4.671
v -10.784 		33.411 		14.633
v -13.414 		32.154 		13.899
v -12 		47.001 		25
v -13.83 		51.83 		33.5
v -12 		53.315 		30.247
v -9.627 		2.427 		4.59
v -9.6 		2.184 		4.56
v -12 		53.66 		29.25
v -5.239 		-16.326 		22.013
v -13.663 		31.962 		14.125
v -13.293 		31.3 		14.16
v -11.235 		33.49 		14.363
v -12 		53.969 		28.326
v -13.164 		31.469 		14.001
v -13.373 		41.789 		16.351
v -12.4 		1.961 		5.651
v -12.536 		41.369 		15.177
v -12.373 		1.549 		6.051
v -12.99 		31.617 		13.861
v -12.778 		31.739 		13.747
v -13 		1.961 		5.651
v -10.038 		40.739 		16.088
v -10.152 		40.739 		15.692
v -12.778 		31.516 		13.376
v -11.01 		40.739 		15.455
v -10.627 		40.739 		16.212
v -10.707 		40.739 		15.934
v -10.889 		33.127 		14.396
v -10.836 		40.739 		15.679
v -11 		3.428 		4.717
v -12.99 		31.384 		13.474
v -10.727 		3.404 		4.714
v -10.586 		33.03 		14.633
v -10.464 		3.334 		4.705
v -10.784 		33.093 		14.478
v -12 		54.239 		27.49
v -13.164 		31.224 		13.593
v -12 		54.469 		26.756
v -11 		3.962 		4.784
v -11.464 		33.327 		14.915
v -10.61 		3.927 		4.779
v -11.464 		33.684 		15.037
v -12 		54.659 		26.139
v -12 		54.808 		25.647
v -12 		54.979 		25.073
v -12 		54.914 		25.29
v -11.273 		3.404 		4.714
v -11.39 		3.927 		4.779
v -12 		33.705 		14.927
v -11.727 		33.7 		14.955
v -9.357 		-6.869 		22.818
v -12.273 		33.7 		14.955
v -9.278 		-6.575 		22.013
v -9.039 		1.837 		4.516
v -9.207 		-6.308 		21.25
v -13.946 		52.262 		32.391
v -11 		-6.072 		21.25
v -12.273 		33.35 		14.836
v -12 		33.358 		14.809
v -9.152 		1.503 		4.474
v -9.143 		-6.069 		20.543
v -11.727 		33.35 		14.836
v -9.152 		1.432 		4.942
v -9.707 		1.632 		4.993
v -9.087 		-5.861 		19.904
v -9.586 		-5.839 		10.414
v -12.293 		1.337 		5.937
v -12.273 		33.014 		14.671
v -12 		33.025 		14.646
v -11.464 		32.983 		14.747
v -9.714 		-15.227 		29.657
v -10.586 		40.739 		15.007
v -10.337 		40.739 		15.327
v -10.208 		-15.957 		29.096
v -12.962 		1.454 		6
v -9.469 		-15.651 		29.096
v -12.848 		1.152 		5.837
v -8.835 		-15.165 		29.096
v -11.149 		40.739 		15.335
v -10.01 		-5.839 		9.99
v -9.836 		-5.839 		9.778
v -11.222 		40.739 		15.271
v -9.337 		-5.839 		10.111
v -9.337 		1.131 		4.865
v -11.235 		40.739 		14.55
v -10.889 		40.739 		14.745
v -11.536 		-15 		30.129
v -10.784 		40.739 		14.836
v -11 		-15.071 		30.129
v -13.373 		31.116 		14.333
v -12.293 		1.508 		5.474
v -12.373 		1.73 		5.561
v -10.464 		-15 		30.129
v -12.962 		1.632 		5.522
v -11.464 		40.739 		15.135
v -11.727 		40.739 		15.051
v -12 		40.739 		15.022
v -12.286 		-15.227 		29.657
v -12.765 		32.217 		13.297
v -11.666 		-15.484 		29.657
v -12.848 		1.315 		5.399
v -12.765 		32.034 		12.992
v -13.111 		31.894 		13.096
v -11 		-15.572 		29.657
v -11.61 		40.739 		14.429
v -10.334 		-15.484 		29.657
v -12.663 		1.023 		5.284
v -12.422 		32.29 		13.228
v -11.792 		-15.957 		29.096
v -12.39 		32.297 		13.222
v -11 		-16.061 		29.096
v -12.373 		1.862 		5.052
v -12.962 		1.759 		5.026
v -12.39 		32.12 		12.929
v -12.422 		32.113 		12.934
v -9.231 		-16.064 		28.457
v -10.01 		1.236 		4.892
v -8.498 		-15.502 		28.457
v -12 		35 		25
v -9.836 		1.421 		4.94
v -12 		37.929 		33.5
v -12.765 		31.881 		12.666
v -12.765 		31.76 		12.321
v -10.01 		1.304 		4.449
v -12.531 		-15.651 		29.096
v -12 		37.482 		32.391
v -10.054 		37.738 		32.391
v -12.769 		-16.064 		28.457
v -12 		37.066 		31.3
v -7.556 		-16.444 		26.182
v -7.27 		-16.73 		25.348
v -12.422 		31.965 		12.618
v -11.536 		3.334 		4.705
v -12.39 		31.973 		12.614
v -12 		36.685 		30.247
v -8.172 		-17.899 		24.5
v -9.707 		1.708 		4.5
v -9.836 		1.492 		4.473
v -12 		36.34 		29.25
v -7 		-17 		24.5
v -7.993 		-18.209 		23.652
v -9.627 		1.941 		4.529
v -6.747 		-17.253 		23.652
v -7.827 		-18.497 		22.818
v -9.337 		1.196 		4.435
v -6.512 		-17.488 		22.818
v -12.778 		31.33 		12.979
v -12.296 		31.669 		13.263
v -12.296 		31.493 		12.886
v -12 		36.031 		28.326
v -9.373 		3.997 		4.096
v -8.697 		3.828 		4.096
v -12 		35.761 		27.49
v -12 		35.531 		26.756
v -11.765 		3.826 		4.767
v -12 		35.341 		26.139
v -12.536 		31.614 		13.304
v -12.536 		31.435 		12.92
v -7.674 		-18.761 		22.013
v -6.296 		-17.704 		22.013
v -9.586 		3.477 		4
v -9.423 		3.3 		4
v -11.727 		33.014 		14.671
v -9.337 		3.206 		4
v -10.235 		-5.839 		7.152
v -10.235 		3.865 		4
v -10.038 		45.561 		25
v -10.152 		45.897 		25
v -9.889 		3.699 		4
v -10.017 		45.056 		25
v -10.727 		-5.839 		7.627
v -10.464 		-5.839 		7.707
v -10.889 		46.7 		25
v -11.235 		46.865 		25
v -10.61 		-5.839 		7.039
v -10.586 		46.477 		25
v -10.784 		46.622 		25
v -11 		-5.839 		7
v -7.536 		-19 		21.25
v -13.164 		33.999 		15.651
v -13.164 		34.422 		15.679
v -10.58 		46.4704 		25
v -13.293 		33.975 		15.905
v -6.101 		-17.899 		21.25
v -11.264 		46.8729 		25
v -11.264 		46.2731 		25
v -11.222 		46.253 		25
v -11.149 		46.199 		25
v -11.0076 		46.0944 		25
v -10.836 		45.908 		25
v -10.707 		45.691 		25
v -10.627 		45.456 		25
v -10.6 		45.212 		25
v -10.6173 		45.056 		25
v -5 		-16.464 		21.25
v -7.413 		-19.214 		20.543
v -12.99 		34.422 		15.455
v -11.778 		3.218 		4.69
v -11.851 		3.165 		4.683
v -10.01 		3.097 		4
v -10.222 		3.253 		4
v -12.99 		34.02 		15.428
v -12.111 		3.662 		4.746
v -12.216 		3.586 		4.736
v -9.152 		2.897 		4
v -9.039 		2.561 		4
v -9 		2.212 		4
v -13.293 		34.422 		15.934
v -9.6 		2.212 		4
v -9.707 		2.691 		4
v -9.627 		2.456 		4
v -9.896 		2.973 		4
v -13.848 		34.422 		15.692
v -13.848 		33.998 		15.664
v -13.961 		34.422 		16.088
v -9.836 		2.908 		4
v -9.586 		-11.468 		12.444
v -12 		35.192 		25.647
v -9.337 		-11.712 		12.313
v -12 		35.021 		25.073
v -12 		35.086 		25.29
v -13.961 		33.96 		16.058
v -13.373 		33.948 		16.18
v -10.235 		-10.078 		11.331
v -9.586 		-8.578 		10.414
v -9.586 		-8.937 		10.437
v -9.539 		3.574 		3.83
v -13.373 		34.422 		16.212
v -9.889 		-8.578 		10.663
v -9.889 		-8.912 		10.684
v -5.927 		-18.073 		20.543
v -4.786 		-16.587 		20.543
v -12.164 		2.875 		4.647
v -11.99 		3.064 		4.671
v -12.99 		31.19 		13.059
v -4.087 		-16.991 		18.056
v -10.235 		-8.578 		10.848
v -10.235 		-8.894 		10.868
v -10.235 		-9.206 		10.927
v -11.01 		46.097 		25
v -13.164 		31.019 		13.156
v -10.337 		46.206 		25
v -5.774 		-18.226 		19.904
v -4.599 		-16.696 		19.904
v -12.288 		46.9752 		25
v -13.111 		31.732 		12.751
v -11.61 		46.967 		25
v -13.111 		31.604 		12.386
v -10.222 		1.085 		4.854
v -5.643 		-18.357 		19.343
v -4.439 		-16.788 		19.343
v -10.222 		1.149 		4.43
v -10.464 		1.034 		4.415
v -4.308 		-16.864 		18.871
v -13.164 		33.581 		15.567
v -12.296 		31.354 		12.489
v -4.205 		-16.923 		18.495
v -12.536 		31.292 		12.514
v -13.164 		33.174 		15.429
v -12.164 		1.421 		4.94
v -11.851 		1.137 		4.867
v -11.778 		1.084 		4.854
v -9.586 		-9.97 		10.769
v -4.131 		-16.966 		18.221
v -13.293 		33.103 		15.67
v -9.889 		-9.564 		10.85
v -11.99 		1.236 		4.892
v -12.778 		31.183 		12.56
v -13.293 		33.533 		15.816
v -12.99 		31.036 		12.62
v -5.536 		-18.464 		18.871
v -5.452 		-18.548 		18.495
v -13.961 		33.504 		15.966
v -5.355 		-18.645 		18.056
v -5.392 		-18.608 		18.221
v -13.414 		31.706 		13.236
v -13.4 		33.427 		16.368
v -13.373 		33.481 		16.087
v -12.164 		1.492 		4.473
v -11.851 		1.203 		4.436
v -11.778 		1.149 		4.43
v -11.99 		1.304 		4.449
v -11.536 		1.034 		4.415
v -10.038 		30.707 		13.333
v -14 		33.427 		16.368
v -7.304 		-19.401 		19.904
v -10 		30.635 		14.03
v -10 		30.392 		13.512
v -12.288 		46.436 		25
v -12.273 		46.44 		25
v -12 		46.464 		25
v -11.727 		46.44 		25
v -11.464 		46.369 		25
v -7.212 		-19.561 		19.343
v -7.136 		-19.692 		18.871
v -12.39 		46.966 		25
v -12.765 		46.865 		25
v -13.111 		46.699 		25
v -7.077 		-19.795 		18.495
v -13.414 		46.477 		25
v -13.577 		46.3 		25
v -10.152 		29.775 		13.863
v -13.663 		46.206 		25
v -10.038 		30.078 		13.691
v -13.7384 		46.08 		25
v -7.034 		-19.869 		18.221
v -13.0056 		46.08 		25
v -12.99 		46.097 		25
v -12.778 		46.253 		25
v -12.536 		46.369 		25
v -10.038 		30.339 		14.249
v -13.3827 		45.056 		25
v -13.4 		45.212 		25
v -13.373 		45.456 		25
v -13.293 		45.691 		25
v -13.164 		45.908 		25
v -13.104 		45.973 		25
v -7.009 		-19.913 		18.056
v -13.848 		45.897 		25
v -13.961 		45.561 		25
v -13.9826 		45.056 		25
v -10.084 		-16.418 		28.457
v -10.152 		44.527 		25
v -10.038 		44.863 		25
v -9.965 		-16.864 		27.75
v -10.152 		29.394 		12.576
v -9 		-16.464 		27.75
v -13.373 		33.025 		15.932
v -10.038 		29.721 		12.488
v -10.152 		29.554 		13.232
v -13.4 		32.945 		16.204
v -10.586 		37.161 		17.993
v -10.038 		29.871 		13.101
v -10.038 		30.529 		12.829
v -8.781 		3.385 		3.83
v -14 		32.945 		16.204
v -10.038 		30.402 		12.305
v -8.165 		30.985 		22.948
v -14.588 		35.341 		25
v -9.85 		-17.293 		26.987
v -10 		30.061 		12.397
v -8.778 		-16.849 		26.987
v -10 		30.2 		12.965
v -19.071 		37.929 		25
v -11.916 		-16.418 		28.457
v -20.66 		40 		25
v -17 		36.34 		25
v -11 		-16.538 		28.457
v -10.337 		44.218 		25
v -12.035 		-16.864 		27.75
v -10.627 		44.968 		25
v -10.707 		44.733 		25
v -10.836 		44.516 		25
v -11.0048 		44.3316 		25
v -11.149 		44.225 		25
v -11.222 		44.171 		25
v -11.464 		44.055 		25
v -11.5492 		44.032 		25
v -11.01 		44.326 		25
v -10.707 		30.229 		14.331
v -10.5079 		44.032 		25
v -11.727 		43.984 		25
v -12 		43.959 		25
v -12.273 		43.984 		25
v -12.288 		43.9879 		25
v -10.6 		30.635 		14.03
v -10.586 		43.947 		25
v -10.7277 		43.8425 		25
v -9.586 		3.477 		3.7549
v -9.5797 		3.4702 		3.7523
v -9.5805 		3.471 		3.7527
v -10.784 		43.801 		25
v -9.728 		3.581 		3.7821
v -10.627 		30.428 		14.184
v -10.889 		43.724 		25
v -10.235 		3.865 		3.8233
v -10.2369 		3.8655 		3.8231
v -11.026 		43.6587 		25
v -9.889 		3.699 		3.813
v -12.288 		43.4481 		25
v -12 		43.423 		25
v -10.836 		29.765 		13.868
v -11.235 		43.559 		25
v -11.61 		43.457 		25
v -12.4511 		44.032 		25
v -12.536 		44.055 		25
v -12.778 		44.171 		25
v -12.99 		44.326 		25
v -13.164 		44.516 		25
v -13.293 		44.733 		25
v -13.373 		44.968 		25
v -12.1093 		3.6955 		4.1039
v -12.111 		3.6947 		4.1045
v -12.174 		3.6468 		4.1262
v -12.216 		3.6151 		4.1407
v -12.2589 		3.5828 		4.1555
v -12.107 		3.6967 		4.103
v -13.961 		44.863 		25
v -12.1971 		3.6292 		4.1342
v -13.848 		44.527 		25
v -12.288 		3.561 		4.1656
v -13.663 		44.218 		25
v -12.0884 		3.7059 		4.096
v -11 		-17 		27.75
v -13.4921 		44.032 		25
v -12.046 		3.853 		4.096
v -13.414 		43.947 		25
v -13.111 		43.724 		25
v -12.765 		43.559 		25
v -12.15 		-17.293 		26.987
v -10.707 		29.96 		13.758
v -12.296 		43.99 		25
v -10.222 		1.171 		4
v -10.6 		30.392 		13.512
v -11 		-17.445 		26.987
v -10.627 		30.172 		13.637
v -12.422 		43.466 		25
v -12.39 		43.457 		25
v -12.3882 		43.4568 		25
v -10.17 		1.964 		2.113
v -9.889 		-9.873 		10.993
v -10.24 		3.8663 		3.8228
v -13.848 		33.579 		15.58
v -9.889 		-10.166 		11.174
v -13.848 		33.171 		15.441
v -12.26 		-17.704 		26.182
v -11.536 		3.369 		4
v -10.235 		-9.509 		11.025
v -11 		-17.87 		26.182
v -11.273 		3.44 		4
v -13.961 		33.06 		15.815
v -9.74 		-17.704 		26.182
v -8.565 		-17.218 		26.182
v -11.851 		3.199 		4
v -11.778 		3.253 		4
v -11 		-18.275 		25.348
v -10.235 		-9.802 		11.16
v -9.635 		-18.095 		25.348
v -8.363 		-17.568 		25.348
v -12.296 		34.058 		15.034
v -12.778 		34.422 		15.271
v -12.778 		34.038 		15.246
v -9.337 		-9.727 		10.329
v -9.586 		-9.292 		10.504
v -12.536 		34.051 		15.11
v -12.103 		2.411 		3.83
v -9.423 		3.3 		3.6629
v -9.337 		3.206 		3.6134
v -9.586 		-9.638 		10.615
v -9.3067 		3.1554 		3.584
v -9.2572 		3.0727 		3.536
v -9.889 		-9.242 		10.747
v -10.222 		-9.342 		10.26
v -8.86 		2.974 		3.536
v -12.013 		3.072 		3.9507
v -11.9924 		3.0944 		3.946
v -11.99 		3.097 		4
v -11.99 		3.097 		3.9454
v -11.9454 		3.1297 		3.9314
v -10.222 		-9.711 		10.379
v -12.536 		34.422 		15.135
v -12.296 		34.422 		15.058
v -9.2568 		3.072 		3.5355
v -12.288 		2.6994 		3.9946
v -12.2221 		2.8103 		3.9894
v -12.1648 		2.9067 		3.985
v -12.164 		2.908 		4
v -9.256 		3.0707 		3.5346
v -12.164 		2.908 		3.9849
v -12.1395 		2.9346 		3.9794
v -11.772 		3.071 		3.83
v -9.337 		-10.088 		10.496
v -10.24 		3.2616 		3.4163
v -10.2366 		3.26 		3.4162
v -10.222 		3.253 		3.4157
v -10.01 		3.097 		3.3667
v -9.987 		3.072 		3.3552
v -10.222 		-10.067 		10.544
v -12.765 		34.422 		14.55
v -9.896 		2.973 		3.3097
v -9.836 		2.908 		3.2799
v -10.01 		-10.135 		10.387
v -11.765 		3.865 		4
v -9.8143 		2.8714 		3.2591
v -12.422 		34.422 		14.44
v -9.834 		2.821 		3.214
v -12.39 		34.422 		14.429
v -11.8561 		3.8216 		3.9901
v -11.8777 		3.8113 		4
v -9.152 		2.897 		3.4143
v -9.216 		3.0039 		3.4883
v -9.0925 		2.72 		3.2822
v -12.0712 		3.7145 		4.0882
v -8.931 		2.596 		3.214
v -11.776 		3.254 		3.8603
v -11.71 		3.2856 		3.83
v -11.778 		3.253 		3.8612
v -11.851 		3.199 		3.8918
v -11 		-10.006 		11.46
v -10.578 		-10.029 		11.419
v -10.61 		-10.024 		11.427
v -9.0617 		2.6286 		3.214
v -9.7756 		2.8065 		3.214
v -11 		-9.742 		11.297
v -9.039 		2.561 		3.1539
v -14.451 		35.853 		26.756
v -9.0293 		2.4743 		3.072
v -9.751 		2.7651 		3.1797
v -10.61 		-9.183 		11.038
v -10.578 		-8.578 		10.952
v -10.61 		-8.578 		10.962
v -14.5 		35.67 		26.139
v -9.707 		2.691 		3.1184
v -9.6893 		2.6389 		3.072
v -10.61 		-8.882 		10.981
v -14.538 		35.526 		25.647
v -11 		-8.878 		11.019
v -11 		-8.578 		11
v -14.566 		35.423 		25.29
v -12.365 		-18.095 		25.348
v -14.583 		35.361 		25.073
v -10.578 		-8.883 		10.971
v -11 		-18.657 		24.5
v -10.578 		-9.185 		11.028
v -9.536 		-18.464 		24.5
v -11 		-19.015 		23.652
v -9.443 		-18.81 		23.652
v -11 		-9.175 		11.075
v -11 		-19.347 		22.818
v -9.357 		-19.131 		22.818
v -11 		-8.578 		10.4
v -13.111 		34.422 		14.745
v -11 		-19.652 		22.013
v -10.727 		-8.941 		10.396
v -11 		-8.939 		10.423
v -12.39 		33.817 		14.349
v -10.627 		30.612 		13.387
v -9.961 		2.497 		2.868
v -16.484 		37.233 		28.326
v -16.619 		36.999 		27.49
v -9.0056 		2.2625 		2.872
v -8.996 		2.256 		2.868
v -10.152 		45.864 		21.096
v -9.627 		2.456 		2.9093
v -9.6222 		2.4124 		2.868
v -9.0052 		2.2583 		2.868
v -10.152 		45.897 		21.778
v -11.222 		29.454 		14.045
v -10.038 		45.44 		20.512
v -11.149 		29.502 		14.018
v -10.038 		45.531 		21.141
v -10 		45.212 		21.778
v -10 		45.184 		21.187
v -10 		45.1 		20.603
v -10.073 		2.21 		2.5
v -18.696 		38.304 		26.756
v -9.6 		2.212 		2.64
v -9.6129 		2.0954 		2.5
v -11.01 		29.594 		13.965
v -9.6083 		2.2868 		2.725
v -18.83 		38.17 		26.139
v -9.0016 		2.2264 		2.8318
v -9.6131 		2.0937 		2.4974
v -18.935 		38.065 		25.647
v -10.038 		45.561 		21.778
v -19.011 		37.989 		25.29
v -10.586 		29.252 		14.16
v -9 		2.212 		2.8145
v -10.337 		29.496 		14.021
v -9.0183 		2.048 		2.6145
v -19.056 		37.944 		25.073
v -9.6181 		2.048 		2.4302
v -9.039 		1.863 		4
v -9.152 		1.527 		4
v -12.39 		34.118 		14.409
v -10.889 		29.052 		14.274
v -10.784 		29.121 		14.234
v -10.01 		1.326 		4
v -9.836 		1.516 		4
v -13.111 		34.088 		14.723
v -20.642 		40.011 		25.073
v -9.707 		1.733 		4
v -12.765 		34.106 		14.529
v -12.765 		33.794 		14.466
v -9.627 		1.968 		4
v -16.735 		36.799 		26.756
v -9.337 		1.218 		4
v -16.83 		36.635 		26.139
v -11.222 		29.217 		13.371
v -12.422 		34.116 		14.42
v -16.904 		36.506 		25.647
v -12.422 		33.815 		14.359
v -16.957 		36.414 		25.29
v -11.765 		3.865 		3.9424
v -11.776 		3.8598 		3.9481
v -11.149 		29.268 		13.35
v -11.5549 		3.9221 		3.83
v -11.713 		2.202 		3.536
v -9.0288 		1.954 		2.5
v -10.337 		29.262 		13.353
v -9.6263 		1.9745 		2.322
v -11.349 		2.928 		3.536
v -10.586 		46.477 		21.778
v -9.627 		1.968 		2.3125
v -9.6707 		1.8396 		2.113
v -11.536 		3.369 		3.7352
v -10.337 		46.206 		21.778
v -11.4398 		3.395 		3.6791
v -9.0295 		1.9482 		2.4914
v -10.889 		46.7 		21.778
v -10.889 		28.796 		13.545
v -11.235 		46.865 		21.778
v -11.264 		3.4408 		3.5761
v -11.1989 		3.4465 		3.536
v -9.039 		1.863 		2.3643
v -10.784 		46.622 		21.778
v -9.0947 		1.6974 		2.113
v -11.277 		3.4389 		3.584
v -10.784 		28.869 		13.515
v -10.586 		29.006 		13.458
v -11.273 		3.44 		3.5817
v -9.682 		1.8065 		2.048
v -9.0951 		1.6961 		2.1105
v -11.4344 		3.9549 		3.7533
v -11.4409 		3.9531 		3.7575
v -9.1061 		1.6635 		2.048
v -11.149 		46.199 		21.778
v -10.61 		3.966 		4
v -10.961 		2.797 		3.214
v -11.222 		46.253 		21.778
v -11.1247 		3.453 		3.4813
v -10.727 		3.44 		4
v -10.704 		-8.942 		10.389
v -10.464 		3.369 		4
v -11 		3.464 		4
v -10.704 		-8.578 		10.366
v -9.278 		-19.425 		22.013
v -10.727 		-8.578 		10.373
v -10.464 		-8.578 		10.293
v -11.01 		46.097 		21.778
v -11 		-19.928 		21.25
v -9.207 		-19.692 		21.25
v -10.464 		-8.949 		10.317
v -16.989 		36.358 		25.073
v -11 		-20.175 		20.543
v -9.143 		-19.931 		20.543
v -11.765 		-8.578 		10.848
v -11.765 		-8.894 		10.868
v -11.765 		-9.206 		10.927
v -13.414 		34.422 		15.007
v -11 		-20.391 		19.904
v -9.087 		-20.139 		19.904
v -13.414 		34.063 		14.983
v -9.039 		-20.317 		19.343
v -11.39 		-8.882 		10.981
v -11.39 		-8.578 		10.962
v -11.39 		-9.183 		11.038
v -9 		-20.464 		18.871
v -10.612 		2.679 		2.868
v -13.663 		34.422 		15.327
v -13.663 		34.032 		15.301
v -12.216 		-8.578 		10.577
v -12.778 		33.658 		15.17
v -13.848 		41.163 		17.336
v -12.536 		33.684 		15.037
v -11.273 		-8.578 		10.373
v -11.536 		-8.578 		10.293
v -13.961 		41.657 		17.034
v -12.296 		33.699 		14.962
v -13.961 		41.201 		16.942
v -11 		-20.575 		19.343
v -11 		-20.727 		18.871
v -12.111 		-8.578 		10.663
v -11 		-20.846 		18.495
v -8.969 		-20.579 		18.495
v -11 		-20.932 		18.221
v -10.707 		45.691 		21.778
v -10.627 		45.456 		21.778
v -10.6 		45.212 		21.778
v -8.947 		-20.661 		18.221
v -11 		-20.983 		18.056
v -12.273 		29.285 		14.141
v -8.934 		-20.711 		18.056
v -12 		29.264 		14.153
v -10.836 		45.908 		21.778
v -13.4 		41.24 		16.533
v -12.99 		33.624 		15.349
v -14 		41.734 		16.632
v -12.216 		-8.921 		10.598
v -12.111 		-8.912 		10.684
v -12 		47.001 		21.778
v -11.61 		46.967 		21.778
v -12.273 		46.44 		21.778
v -12.778 		33.288 		15.044
v -14 		41.24 		16.533
v -12 		46.464 		21.778
v -11.727 		46.44 		21.778
v -11.273 		-8.941 		10.396
v -11.536 		-8.949 		10.317
v -11.464 		46.369 		21.778
v -12.536 		33.327 		14.915
v -11.149 		46.165 		21.057
v -11.222 		46.218 		21.049
v -12.99 		33.237 		15.218
v -11 		-9.464 		11.169
v -10.4427 		2.4342 		2.5703
v -10.4125 		2.3571 		2.5
v -10.578 		-9.479 		11.123
v -10.784 		46.586 		21.001
v -10.586 		46.441 		21.02
v -12.273 		38 		17.949
v -10.337 		46.172 		21.056
v -12.296 		33.348 		14.843
v -10.61 		-9.476 		11.132
v -13.663 		40.739 		17.673
v -13.111 		33.758 		14.656
v -13.111 		33.436 		14.547
v -11 		-9.975 		10.757
v -12.765 		33.49 		14.363
v -13.293 		40.739 		17.066
v -11.235 		46.826 		20.968
v -10.3328 		2.1538 		2.2732
v -10.2966 		2.0612 		2.1699
v -10.889 		46.662 		20.99
v -10.61 		-9.757 		11.263
v -10.578 		-9.761 		11.254
v -11.536 		1.055 		4
v -11.778 		1.171 		4
v -12.164 		1.516 		4
v -11.464 		29.35 		14.104
v -12.296 		33.012 		14.678
v -12.536 		32.983 		14.747
v -11 		-9.642 		10.602
v -10.704 		-9.652 		10.57
v -10.464 		-9.673 		10.501
v -11.851 		1.225 		4
v -13.111 		33.127 		14.396
v -11.99 		1.326 		4
v -11.727 		29.285 		14.141
v -10.464 		1.055 		4
v -11 		-9.295 		10.49
v -11.727 		29.041 		13.444
v -12 		29.018 		13.453
v -13.663 		33.648 		15.224
v -13.663 		33.273 		15.097
v -10.727 		-9.65 		10.577
v -13.414 		33.03 		14.633
v -13.414 		33.708 		14.913
v -13.848 		40.739 		17.308
v -10.727 		-9.3 		10.464
v -10.704 		-9.301 		10.457
v -11.464 		29.108 		13.416
v -13.4 		40.739 		16.5
v -13.373 		40.739 		16.788
v -11.39 		3.967 		4
v -14 		40.739 		16.5
v -10.627 		29.969 		13.06
v -13.414 		33.362 		14.795
v -13.961 		40.739 		16.912
v -10.627 		29.823 		12.461
v -10.627 		30.299 		12.332
v -10.464 		-9.316 		10.386
v -12 		33.825 		14.309
v -11.235 		33.198 		14.22
v -10.6 		45.184 		21.187
v -12.2026 		1.581 		3.5473
v -12.288 		1.7246 		3.6514
v -12.2017 		1.5794 		3.5461
v -12.1934 		1.5654 		3.536
v -10.836 		45.875 		21.095
v -10.707 		45.66 		21.124
v -10.627 		45.427 		21.155
v -11.1773 		3.9855 		3.5875
v -11.264 		3.978 		3.6436
v -11.9952 		1.3316 		3.2905
v -12.1481 		1.4986 		3.4746
v -12.1498 		1.5005 		3.4767
v -11.39 		3.967 		3.7251
v -13.663 		38 		17.673
v -13.414 		38 		17.993
v -11.01 		46.064 		21.07
v -11.61 		33.524 		14.249
v -11.0005 		3.464 		3.3896
v -11.61 		33.243 		14.112
v -10.25 		3.882 		3.83
v -12.536 		38 		17.865
v -12.296 		38 		17.942
v -10.707 		30.653 		12.778
v -11.99 		1.326 		3.2843
v -11.9332 		1.2848 		3.2283
v -11.892 		1.299 		3.214
v -12 		33.536 		14.211
v -11.1764 		3.9856 		3.5869
v -11.9187 		1.2742 		3.214
v -11 		3.464 		3.3892
v -10.9997 		3.464 		3.389
v -10.6 		30.2 		12.965
v -12.164 		1.516 		3.4933
v -12.1882 		1.5568 		3.5285
v -11.356 		2.01 		3.214
v -10.627 		30.431 		12.87
v -12 		33.258 		14.075
v -11.7985 		1.1861 		3.072
v -11.851 		1.225 		3.1343
v -11.1374 		3.989 		3.5617
v -10.707 		29.748 		13.152
v -10.9783 		3.4621 		3.3724
v -10.2569 		3.8709 		3.821
v -10.61 		3.966 		3.7433
v -11.6472 		1.1083 		2.9168
v -11.658 		1.1135 		2.9276
v -11.778 		1.171 		3.0477
v -10.6821 		3.9725 		3.72
v -10.6 		30.061 		12.397
v -10.719 		3.9758 		3.708
v -10.9282 		3.9946 		3.6403
v -10.9889 		4 		3.6207
v -11.0115 		4 		3.6122
v -11.0583 		3.9959 		3.5922
v -11.0584 		3.9959 		3.5922
v -10.836 		29.543 		13.237
v -11.0898 		3.9932 		3.5788
v -11.0903 		3.9931 		3.5786
v -11.1012 		3.9922 		3.574
v -11.1345 		3.9893 		3.5598
v -10.9248 		3.4574 		3.3309
v -13.111 		42.065 		14.921
v -11.01 		29.364 		13.31
v -12.464 		-18.464 		24.5
v -13.414 		42.016 		15.177
v -12.557 		-18.81 		23.652
v -13.293 		41.294 		15.971
v -12.643 		-19.131 		22.818
v -12.99 		41.339 		15.495
v -13.104 		41.325 		15.64
v -13.164 		41.318 		15.717
v -12.722 		-19.425 		22.013
v -10.707 		29.594 		12.522
v -12.793 		-19.692 		21.25
v -13.373 		41.267 		16.247
v -12.857 		-19.931 		20.543
v -11.01 		29.198 		12.629
v -10.727 		-9.986 		10.732
v -10.464 		-10.017 		10.661
v -10.704 		-9.988 		10.726
v -10.836 		29.383 		12.579
v -12.913 		-20.139 		19.904
v -12.961 		-20.317 		19.343
v -13.961 		41.812 		16.231
v -13.961 		41.279 		16.124
v -11.222 		29.046 		12.67
v -11.149 		29.099 		12.656
v -10.9247 		3.4574 		3.3308
v -13.848 		41.317 		15.73
v -13.848 		41.887 		15.845
v -11.6003 		1.0858 		2.868
v -10.586 		28.828 		12.729
v -9 		-14.336 		18
v -9 		-13.051 		18
v -8.043 		-12.208 		29.096
v -11.034 		1.838 		2.868
v -10.337 		29.092 		12.658
v -10.784 		28.686 		12.767
v -11.765 		-9.509 		11.025
v -11.5979 		1.0847 		2.8649
v -7.582 		-12.084 		28.457
v -7.936 		-11.231 		28.457
v -11.39 		-9.476 		11.132
v -7.136 		-11.965 		27.75
v -11.5969 		1.0842 		2.8637
v -7.536 		-11 		27.75
v -10.75 		1.685 		2.5
v -11.536 		1.055 		2.787
v -11.4212 		1.024 		2.6593
v -8.172 		-10.172 		27.75
v -11.3323 		1 		2.5604
v -6.707 		-11.85 		26.987
v -13.663 		41.956 		15.489
v -13.577 		41.976 		15.381
v -7.151 		-10.778 		26.987
v -7.857 		-9.857 		26.987
v -10.627 		45.338 		20.539
v -11.39 		-9.757 		11.263
v -13.663 		41.351 		15.368
v -10.506 		1.554 		2.113
v -10.6 		45.1 		20.603
v -6.296 		-11.74 		26.182
v -6.782 		-10.565 		26.182
v -10.2767 		2.0102 		2.113
v -7.556 		-9.556 		26.182
v -5.905 		-11.635 		25.348
v -6.432 		-10.363 		25.348
v -10.6873 		3.4293 		3.378
v -10.5541 		3.3933 		3.4129
v -10.5537 		3.3932 		3.413
v -10.7666 		3.4435 		3.3522
v -10.727 		3.44 		3.3676
v -11.727 		46.404 		21.025
v -10.767 		3.4435 		3.3521
v -7.27 		-9.27 		25.348
v -12 		46.428 		21.021
v -10.7752 		3.4442 		3.3489
v -12.273 		46.404 		21.025
v -10.8473 		3.4506 		3.3209
v -10.0848 		1.2713 		1.97
v -10.0106 		1.3256 		1.9715
v -10.0857 		1.2706 		1.97
v -10.01 		1.326 		1.9716
v -10 		1.3369 		1.9719
v -10.8904 		3.4544 		3.3042
v -9.8427 		1.5087 		1.9759
v -10.24 		1.1624 		1.9645
v -10.222 		1.171 		1.965
v -11.464 		46.333 		21.034
v -10.681 		3.188 		3.214
v -8.043 		-13.792 		29.096
v -7.939 		-13 		29.096
v -10.8535 		3.4511 		3.3185
v -10.8538 		3.4511 		3.3184
v -10.8904 		3.4544 		3.3041
v -10.8217 		3.2795 		3.214
v -10.8872 		3.4463 		3.3
v -12.778 		41.357 		15.312
v -7.582 		-13.916 		28.457
v -7.462 		-13 		28.457
v -10.4758 		3.3722 		3.4227
v -13.111 		41.406 		14.789
v -10.464 		3.369 		3.4242
v -12.765 		41.425 		14.595
v -7.136 		-14.035 		27.75
v -7 		-13 		27.75
v -12 		46.962 		20.951
v -11.536 		-9.673 		10.502
v -11.536 		-9.316 		10.386
v -12.39 		41.436 		14.476
v -12.39 		33.524 		14.249
v -12.422 		33.521 		14.259
v -11.61 		46.927 		20.955
v -11.273 		-9.65 		10.577
v -13.577 		41.362 		15.258
v -13.414 		41.382 		15.05
v -12.39 		46.966 		21.778
v -12.765 		46.865 		21.778
v -13.111 		46.699 		21.778
v -11.273 		-9.3 		10.464
v -12.536 		46.369 		21.778
v -12.99 		46.097 		21.778
v -12.778 		46.253 		21.778
v -12.273 		40.739 		15.051
v -12.216 		-9.26 		10.663
v -12.111 		-9.242 		10.747
v -12 		40.739 		14.389
v -11.778 		-9.342 		10.26
v -10.1953 		1.8996 		1.9857
v -13.414 		46.477 		21.778
v -13.577 		46.3 		21.778
v -13.663 		46.206 		21.778
v -11.778 		-9.711 		10.379
v -10.1054 		1.8771 		1.9854
v -10.194 		1.8993 		1.9857
v -6.707 		-14.15 		26.987
v -13.293 		45.691 		21.778
v -6.555 		-13 		26.987
v -13.104 		45.973 		21.778
v -10.302 		1.29 		1.97
v -13.164 		45.908 		21.778
v -10.5412 		1.0341 		1.9562
v -10.464 		1.055 		1.958
v -10.3321 		1.1182 		1.9622
v -10.5785 		1.024 		1.9553
v -10.2555 		1.1549 		1.9642
v -13.4 		45.212 		21.778
v -11.851 		-9.729 		10.323
v -13.373 		45.456 		21.778
v -11.273 		-9.986 		10.732
v -11.536 		-10.017 		10.661
v -13.848 		45.897 		21.778
v -13.961 		45.561 		21.778
v -7.936 		-14.769 		28.457
v -14 		45.212 		21.778
v -10.6671 		1 		1.9532
v -13.111 		46.662 		20.99
v -10.4363 		1.5169 		1.9747
v -10.5535 		1.3572 		1.97
v -12.536 		46.333 		21.034
v -10.6437 		1.2314 		1.9635
v -10.5853 		1.3128 		1.9677
v -12.414 		-8.578 		10.414
v -12.414 		-8.937 		10.437
v -10.8043 		1.007 		1.9514
v -12.778 		46.218 		21.049
v -6.296 		-14.26 		26.182
v -6.13 		-13 		26.182
v -9.889 		-10.912 		11.919
v -5.905 		-14.365 		25.348
v -5.725 		-13 		25.348
v -12.765 		46.826 		20.968
v -10.235 		-10.783 		12.035
v -9.889 		-11.106 		12.225
v -12.39 		46.927 		20.955
v -13.104 		40.739 		15.601
v -13.164 		40.739 		15.679
v -10.2414 		1.9197 		1.9859
v -10.2851 		1.8296 		1.9834
v -10.2997 		1.7994 		1.9826
v -9.889 		-10.689 		11.64
v -13.414 		46.441 		21.02
v -9.889 		-10.439 		11.391
v -13.577 		46.265 		21.043
v -5.536 		-11.536 		24.5
v -13.663 		46.172 		21.056
v -12.414 		3.441 		4.718
v -12.663 		3.172 		4.684
v -5.536 		-14.464 		24.5
v -12.765 		33.198 		14.22
v -10.235 		-10.572 		11.771
v -10.235 		-10.336 		11.535
v -5.343 		-13 		24.5
v -5.19 		-14.557 		23.652
v -13.22 		3.56 		4.532
v -4.985 		-13 		23.652
v -12.39 		33.243 		14.112
v -12.422 		33.239 		14.121
v -4.869 		-14.643 		22.818
v -10.222 		-11.005 		11.288
v -13.293 		40.739 		15.934
v -12.99 		40.739 		15.455
v -9.586 		-10.846 		11.464
v -9.586 		-11.086 		11.764
v -12.711 		3.388 		4.33
v -4.575 		-14.722 		22.013
v -9.039 		-12.07 		11.548
v -4.308 		-14.793 		21.25
v -9.152 		-11.54 		11.36
v -12.553 		3.936 		4.33
v -9.152 		-11.991 		12.163
v -9.152 		-11.786 		11.747
v -8.773 		-11.714 		29.657
v -12.538 		3.3298 		4.2464
v -12.5381 		3.3297 		4.2464
v -12.663 		3.1926 		4.2695
v -12.7351 		3.072 		4.2742
v -8.349 		-11.469 		29.096
v -8.835 		-10.835 		29.096
v -9.337 		-11.524 		11.931
v -12.414 		3.4665 		4.2091
v -12.4995 		3.3723 		4.2348
v -9.586 		-11.294 		12.092
v -9 		-9.536 		27.75
v -4 		14.0245 		11.1455
v -14.298 		3.925 		4.83
v -4.1406 		14.2253 		11.3463
v -8.165 		20.322 		27.585
v -8.778 		-9.151 		26.987
v -13.927 		3.388 		4.698
v -13.75 		3.74 		4.698
v -9.836 		-11.531 		11.368
v -13.438 		3.126 		4.532
v -8.498 		-10.498 		28.457
v -10.01 		-11.383 		11.5
v -13.104 		45.94 		21.086
v -8.565 		-8.782 		26.182
v -13.164 		45.875 		21.095
v -9.337 		-11.298 		11.575
v -8.363 		-8.432 		25.348
v -13.293 		45.66 		21.124
v -12.293 		2.66 		4.62
v -8.929 		-13 		30.129
v -10.7453 		3.0846 		3.0943
v -9 		-12.464 		30.129
v -12.99 		46.064 		21.07
v -12.848 		2.864 		4.646
v -13.961 		45.531 		21.141
v -9 		-13.536 		30.129
v -13.848 		45.864 		21.096
v -10.7418 		3.0775 		3.0893
v -13.373 		45.427 		21.155
v -12.4 		2.184 		4.56
v -13.4 		45.184 		21.187
v -8.773 		-14.286 		29.657
v -12.373 		2.427 		4.59
v -8.516 		-13.666 		29.657
v -8.428 		-13 		29.657
v -14 		45.184 		21.187
v -12.962 		2.531 		4.604
v -13 		2.184 		4.56
v -10.5864 		2.7676 		2.868
v -13.373 		40.739 		16.212
v -14.166 		3.071 		4.698
v -13.961 		40.739 		16.088
v -13.848 		40.739 		15.692
v -10.5277 		2.6506 		2.7676
v -10.4971 		2.5727 		2.6966
v -10.5715 		2.7378 		2.8424
v -12.536 		40.739 		15.135
v -12.778 		40.739 		15.271
v -12.765 		40.739 		14.55
v -1.7462 		22.3059 		0
v -12.39 		40.739 		14.43
v -1.815 		22.4085 		0
v -11.464 		28.933 		12.7
v -13.111 		40.739 		14.745
v 0.062 		25.5 		2.5
v -11.727 		28.864 		12.719
v 0.248 		26.523 		2.113
v -8.336 		1.017 		1.932
v -13.577 		40.739 		15.216
v -13.663 		40.739 		15.327
v -13.414 		40.739 		15.007
v -9.762 		1.6405 		1.9791
v -9.7605 		1.6429 		1.9791
v -9.8008 		1.5752 		1.9775
v -9.836 		1.516 		1.9761
v -9.7298 		1.6947 		1.9802
v -11.235 		28.45 		12.831
v -10.889 		28.611 		12.787
v 0.478 		26.561 		1.71
v -8.516 		-12.334 		29.657
v 0.659 		26.59 		1.294
v -9.3016 		1.2772 		1.9643
v -9.1942 		1.4564 		1.9696
v -9.337 		1.218 		1.9626
v -3.871 		20.596 		8.999
v -13.104 		38 		15.601
v -12.99 		38 		15.455
v -13.164 		38 		15.679
v -9.4982 		1.0426 		1.957
v -9.5153 		1.024 		1.9564
v -11.235 		28.64 		13.61
v -9.3473 		1.2067 		1.9623
v -4 		17.3795 		10.4754
v -4 		17.621 		10.5
v -9.5373 		1 		1.9556
v -13.577 		38 		17.784
v -3.492 		17.473 		9.899
v -11.61 		28.544 		13.649
v -11.61 		28.351 		12.857
v -3.859 		18.902 		9.899
v -4 		17.5492 		10.4282
v -4.0847 		17.621 		10.5
v -10 		1.8507 		1.9849
v -12 		37.161 		18.611
v -9.7878 		1.7969 		1.9831
v -9.8398 		1.8101 		1.9835
v -9.89 		1.8229 		1.984
v -9.707 		1.733 		1.981
v -9.6935 		1.7728 		1.9819
v -10.152 		30.729 		12.217
v -9.6903 		1.782 		2
v -2.8498 		17.5913 		9.0337
v -2.8501 		17.5887 		9.0345
v -2.8666 		17.4711 		9.0695
v -9.6928 		1.7748 		1.9859
v -9.6931 		1.7737 		1.9837
v -9.6934 		1.773 		1.9823
v -10.889 		37.161 		18.255
v -2.9843 		16.6293 		9.3196
v -10.784 		37.161 		18.165
v -10.784 		37.161 		18.164
v -12 		31.806 		11.927
v -2.8528 		17.7082 		8.999
v -12 		31.755 		11.577
v -3.222 		19.144 		8.999
v -12.765 		37.161 		18.45
v -12.39 		37.161 		18.571
v -12.422 		37.161 		18.56
v -9.039 		-11.149 		10.396
v -12.39 		37.161 		18.57
v -2.8524 		17.7146 		8.9958
v -2.853 		17.7099 		8.9985
v -12 		31.889 		12.268
v -9.152 		-10.593 		10.415
v -9.152 		-10.94 		10.689
v -12.99 		37.161 		17.545
v -2.7244 		18.595 		8.4508
v -2.7569 		18.5693 		8.5109
v -13.164 		37.161 		17.321
v -13.104 		37.161 		17.399
v -9.152 		-11.257 		11.006
v -2.5848 		18.7059 		8.192
v -14.098 		2.396 		4.532
v -5.666 		19.1681 		11.468
v -5.9416 		18.7504 		11.7941
v -5.6653 		19.1692 		11.467
v -6.1518 		18.432 		12.0429
v -4.554 		18.638 		10.725
v -9.132 		1.496 		1.97
v -13.961 		45.44 		20.512
v -9.1512 		1.5293 		1.971
v -9.152 		1.527 		1.9709
v -9.116 		1.6237 		1.9724
v -9.1192 		1.6245 		1.9725
v -14 		45.1 		20.603
v -9.1145 		1.6386 		2
v -9.1115 		1.6474 		2.0173
v -9.1168 		1.6315 		1.9862
v -9.1177 		1.6291 		1.9814
v -9.1184 		1.6269 		1.9772
v -9.1189 		1.6256 		1.9745
v -9.1191 		1.6247 		1.9728
v -13.373 		45.338 		20.539
v -13.734 		2.734 		4.532
v -9.1544 		1.5229 		1.9709
v -9.1855 		1.471 		1.97
v -9.1857 		1.4707 		1.97
v -13.4 		45.1 		20.603
v -11.61 		31.856 		12.281
v -11.61 		31.772 		11.936
v -8.2603 		1.5402 		1.9462
v -8.6863 		1.5826 		1.961
v -11.61 		34.422 		18.571
v -10.889 		31.511 		12.006
v -11.235 		34.422 		18.45
v -11.235 		31.673 		11.962
v -12 		34.422 		18.611
v -8.9689 		1.6104 		1.97
v -8.822 		1.5962 		1.9657
v -10.889 		34.422 		18.255
v -10.784 		34.422 		18.164
v -10.784 		31.436 		12.026
v -8.349 		-14.531 		29.096
v -11 		-8.13 		26.182
v -10.586 		31.294 		12.064
v -9.635 		-7.905 		25.348
v -11 		-7.725 		25.348
v -12.365 		-7.905 		25.348
v 4.66 		10.572 		0
v -10.836 		30.74 		12.214
v 3.428 		9.34 		0
v 2 		8.34 		0
v -10.208 		-10.043 		29.096
v -11.149 		31.024 		12.137
v -11.222 		31.077 		12.123
v 0.42 		7.603 		0
v -11 		-9.939 		29.096
v -11.792 		-10.043 		29.096
v -9.586 		-10.578 		11.197
v -5.2552 		19.7583 		10.8957
v -5.098 		19.857 		10.725
v -5.2505 		19.7651 		10.8892
v -5.1401 		19.9197 		10.725
v -5.1734 		19.873 		10.7746
v -11.01 		30.925 		12.164
v -5.1378 		19.9227 		10.7211
v -5 		20.1034 		10.483
v -5.0002 		20.1031 		10.4834
v -5.1092 		19.9603 		10.6716
v -6.097 		18.052 		12.124
v -9.648 		-12.22 		30.505
v -9.896 		-11.896 		30.505
v -6.2203 		18.3282 		12.124
v -6.3344 		18.1468 		12.2366
v -4.9586 		16.653 		11.468
v -10.222 		-10.718 		11.001
v -10.22 		-11.648 		30.505
v -5.004 		17.195 		11.468
v -9.207 		-11.965 		30.129
v -5.302 		18.354 		11.468
v -10.222 		-10.404 		10.752
v -9.536 		-11.536 		30.129
v -9.586 		-10.285 		10.964
v -9.965 		-11.207 		30.129
v -10.337 		31.03 		12.136
v -4.2946 		17.3253 		10.7957
v -12.765 		34.422 		18.45
v -4.2347 		17.396 		10.725
v -12.39 		34.422 		18.57
v -10.889 		31.455 		11.616
v -11.235 		31.62 		11.595
v -9.182 		-11.182 		29.657
v -4.1921 		17.4599 		10.6611
v -9.337 		-10.747 		10.96
v -9.714 		-10.773 		29.657
v -9.836 		-11.249 		11.015
v -9.469 		-10.349 		29.096
v -10.01 		-11.115 		11.165
v -10.784 		31.379 		11.627
v -4.458 		20.243 		9.899
v -10.01 		-10.815 		10.865
v -10.262 		-12.262 		30.779
v -10.478 		-12.096 		30.779
v -10.73 		-11.991 		30.779
v -1.125 		24.702 		3.536
v -9.337 		-11.038 		11.25
v -11 		-11.956 		30.779
v -10.586 		31.234 		11.646
v -11.27 		-11.991 		30.779
v -9.836 		-10.588 		10.425
v -11.522 		-12.096 		30.779
v -11.149 		30.958 		11.683
v -10.01 		-10.487 		10.605
v -11.738 		-12.262 		30.779
v -11.222 		31.012 		11.676
v -11.01 		30.857 		11.696
v -10.038 		44.759 		20.695
v -10.038 		44.837 		21.233
v -10.038 		44.863 		21.778
v -9.337 		-10.429 		10.707
v -10.152 		44.503 		21.277
v -10.152 		44.432 		20.783
v -10.464 		-11 		30.129
v -11 		-10.929 		30.129
v -9.836 		-10.933 		10.699
v -10.152 		44.527 		21.778
v -9.707 		-11.068 		10.51
v -13.111 		34.422 		18.255
v -9.627 		-11.214 		10.304
v -10.337 		30.965 		11.682
v -11.536 		-11 		30.129
v -12.035 		-11.207 		30.129
v -9 		-11.741 		10.465
v -12 		31.282 		12.068
v -9 		-12.075 		10.883
v -9.039 		-11.494 		10.74
v -10.596 		-11.492 		30.505
v -9.039 		-11.802 		11.126
v -11 		-11.439 		30.505
v -12.273 		31.259 		12.074
v -11.404 		-11.492 		30.505
v -10.627 		44.968 		21.778
v -10.707 		44.733 		21.778
v -11.78 		-11.648 		30.505
v -12.104 		-11.896 		30.505
v -11.222 		44.171 		21.778
v -11.464 		31.189 		12.093
v -10.836 		44.516 		21.778
v -11.727 		31.259 		12.074
v -11.149 		44.225 		21.778
v -10.337 		44.218 		21.778
v -11.01 		44.326 		21.778
v -11.464 		44.055 		21.778
v -10.586 		43.947 		21.778
v -10.889 		43.724 		21.778
v -11.235 		43.559 		21.778
v -2.69 		8.287 		0
v -2.781 		8.192 		0
v -2.6901 		8.2869 		0
v -14.495 		30.985 		22.948
v -1.541 		10 		0
v -0.603 		6.42 		0
v -7.5 		12.144 		35.643
v -14.5 		12.144 		35.643
v -9.6 		-12.075 		10.883
v -0.719 		24.635 		3.214
v -9.627 		-11.884 		11.053
v -0.638 		25.5 		3.214
v -25.66 		22 		0
v -24.66 		23.428 		0
v -9.707 		-11.7 		11.217
v -10.334 		-10.516 		29.657
v -11 		-10.428 		29.657
v -11.61 		31.721 		11.581
v -13.319 		2.411 		4.33
v -0.266 		25.5 		2.868
v -26.397 		20.42 		0
v -26.848 		18.736 		0
v -9.707 		-11.402 		10.843
v -27 		17 		0
v -11.666 		-10.516 		29.657
v -12.286 		-10.773 		29.657
v -0.03 		26.477 		2.5
v -9.6 		-11.741 		10.465
v -9.627 		-11.914 		10.271
v -9.627 		-11.568 		10.658
v -10.784 		43.801 		21.778
v -12.969 		2.875 		4.33
v -9.231 		-9.936 		28.457
v -10.084 		-9.582 		28.457
v -9.965 		-9.136 		27.75
v -9.627 		-12.266 		10.712
v -3.342 		20.915 		8.03
v -0.152 		4.736 		0
v -9.85 		-8.707 		26.987
v -2.875 		21.196 		7
v -2.474 		21.438 		5.917
v -11 		-9.462 		28.457
v -11.916 		-9.582 		28.457
v -12.995 		2.1592 		4.1381
v -12.9948 		2.1577 		4.1375
v -2.141 		21.638 		4.788
v -12.9881 		2.0967 		4.1142
v -11 		-9 		27.75
v -12.035 		-9.136 		27.75
v -12.9828 		2.0493 		4.096
v -11 		-8.555 		26.987
v -13 		2.2044 		4.1527
v -13 		2.2044 		4.1527
v -12.8689 		2.8213 		4.2775
v -12.8689 		2.8211 		4.2774
v -12.9169 		2.681 		4.2558
v -12.15 		-8.707 		26.987
v -12.962 		2.5493 		4.2356
v -0.9799 		7.2281 		0
v -12.9759 		2.4229 		4.2052
v -12.9662 		2.5107 		4.2263
v -2.648 		19.362 		8.03
v -2.4973 		18.7753 		8.03
v -2.1571 		19.1918 		7.202
v -2.141 		19.554 		7
v -9.74 		-8.296 		26.182
v -2.0741 		19.2935 		7
v -12.26 		-8.296 		26.182
v -12.8476 		2.8833 		4.2815
v -12.848 		2.8826 		4.2816
v -12.7732 		3.0083 		4.2767
v -12.807 		2.9514 		4.2789
v -1.9994 		19.4381 		6.7464
v -23 		16 		0
v -14.947 		3.936 		4.924
v -14.835 		3.211 		4.83
v -1.713 		23.202 		3.536
v -14.612 		3.419 		4.83
v -23.428 		9.34 		0
v -14.431 		3.659 		4.83
v -1.349 		23.928 		3.536
v -26.848 		15.264 		0
v -26.397 		13.58 		0
v -25.66 		12 		0
v -1.356 		23.01 		3.214
v -24.66 		10.572 		0
v -0.961 		23.797 		3.214
v -24.399 		23.209 		0.518
v -24.544 		23.33 		0.347
v -23.634 		20.83 		1.286
v -1.034 		22.838 		2.868
v -11.464 		31.127 		11.66
v -24.094 		21.096 		1.147
v -0.612 		23.679 		2.868
v -11.727 		31.198 		11.651
v -24.5 		21.33 		1
v -10.578 		-10.506 		11.845
v -0.353 		24.575 		2.868
v -10.61 		-10.5 		11.852
v -12 		31.222 		11.648
v -12.273 		31.198 		11.651
v -10.578 		-10.278 		11.617
v -1.892 		22.299 		3.214
v -23.04 		19.198 		1.532
v -10.61 		-10.273 		11.625
v -1.607 		22.077 		2.868
v -12.352 		-12.22 		30.505
v -12.464 		-11.536 		30.129
v -12.793 		-11.965 		30.129
v -11 		-10.251 		11.655
v -10.889 		31.437 		11.222
v -11.235 		31.602 		11.222
v -10.464 		-10.923 		11.379
v -1.88 		21.796 		3.623
v -10.784 		31.36 		11.222
v -12.818 		-11.182 		29.657
v -11.727 		43.984 		21.778
v -12.531 		-10.349 		29.096
v -12 		43.959 		21.778
v -10.464 		-10.342 		10.862
v -14.803 		2.575 		4.698
v -11 		-10.291 		10.952
v -10.704 		-10.308 		10.923
v -12.273 		43.984 		21.778
v -14.461 		2.797 		4.698
v -12.769 		-9.936 		28.457
v -14.521 		2.121 		4.532
v -12 		43.423 		21.778
v -11.61 		43.457 		21.778
v -10.096 		-13.522 		30.779
v -9.991 		-13.27 		30.779
v -12.293 		1.632 		4.993
v -10.627 		44.941 		21.219
v -10.707 		44.708 		21.25
v -23.645 		19.418 		1.414
v -24.198 		19.62 		1.286
v -12.848 		1.432 		4.942
v -12.663 		1.131 		4.865
v -10.836 		44.492 		21.279
v -11.149 		44.203 		21.317
v -11.222 		44.149 		21.324
v -23.428 		17 		1.532
v -11.01 		44.304 		21.304
v -23.33 		18.116 		1.532
v -10.727 		-10.304 		10.929
v -24.071 		17 		1.414
v -23.964 		18.228 		1.414
v -10.704 		-10.605 		11.159
v -10.464 		-10.646 		11.102
v -10.727 		-10.601 		11.164
v -24.544 		18.33 		1.286
v -12.962 		1.837 		4.516
v -4.096 		6.8195 		0
v -12.848 		1.503 		4.474
v -9.956 		-13 		30.779
v -10.337 		44.196 		21.318
v -9.991 		-12.73 		30.779
v -12.663 		1.196 		4.435
v -10.096 		-12.478 		30.779
v -12.373 		1.941 		4.529
v -12.293 		1.708 		4.5
v -7.567 		4.724 		0
v -2.208 		22.546 		3.536
v -5.75 		5.608 		0
v -4.108 		6.807 		0
v -9.439 		-13 		30.505
v -9.492 		-12.596 		30.505
v -9.503 		4.182 		0
v -2.4235 		22.5894 		3.6576
v -2.3881 		22.5529 		3.623
v -24.849 		21.532 		0.845
v 4.399 		10.791 		0.518
v 4.544 		10.67 		0.347
v -25.138 		21.698 		0.684
v -11.222 		30.99 		11.222
v 4.631 		10.597 		0.174
v -11.149 		30.936 		11.222
v -25.365 		21.83 		0.518
v -10.586 		31.214 		11.222
v -25.529 		21.924 		0.347
v 2.265 		10.725 		1.147
v 2.567 		10.366 		1
v -11.01 		30.835 		11.222
v -24.631 		23.403 		0.174
v -1.6528 		21.7392 		2.614
v -1.6246 		21.7008 		2.5586
v -1.6089 		21.6796 		2.5279
v -25.627 		21.981 		0.174
v -1.7515 		21.8733 		2.8081
v 0.83 		10.366 		1.286
v -2.3664 		22.528 		3.6005
v 2.826 		10.057 		0.845
v 3.04 		9.802 		0.684
v -2.3485 		22.5074 		3.5819
v -2.3042 		22.4566 		3.536
v 3.209 		9.601 		0.518
v -2.3038 		22.4562 		3.5355
v -2.1223 		22.258 		3.3171
v -24.698 		19.802 		1.147
v 3.33 		9.456 		0.347
v -25.138 		19.962 		1
v 3.403 		9.369 		0.174
v -25.517 		20.1 		0.845
v -11.464 		31.106 		11.222
v 1.096 		9.906 		1.147
v -11.727 		31.177 		11.222
v 1.33 		9.5 		1
v -2.048 		22.1768 		3.2275
v -2.0369 		22.1647 		3.214
v -1.8531 		21.9753 		2.958
v -1.7885 		21.9086 		2.868
v -1.7882 		21.9084 		2.8676
v -12 		31.202 		11.222
v -25.83 		20.214 		0.684
v -2.0955 		22.2287 		3.2848
v 0.1 		8.483 		0.845
v -26.077 		20.304 		0.518
v -12.273 		31.177 		11.222
v 1.532 		9.151 		0.845
v -26.254 		20.368 		0.347
v -12 		31.738 		11.222
v 1.698 		8.862 		0.684
v -4 		15.5 		12.621
v -14.988 		1.919 		4.532
v -9.896 		-14.104 		30.505
v -10.627 		44.862 		20.668
v -10.707 		44.632 		20.729
v -9.648 		-13.78 		30.505
v 1.83 		8.635 		0.518
v -9.492 		-13.404 		30.505
v 1.924 		8.471 		0.347
v -26.361 		20.407 		0.174
v -14.803 		1.446 		4.33
v -10.836 		44.421 		20.786
v 1.981 		8.373 		0.174
v -11.149 		44.137 		20.863
v -11.222 		44.084 		20.877
v 0.214 		8.17 		0.684
v -25.529 		18.504 		1
v -25.925 		18.574 		0.845
v 0.304 		7.923 		0.518
v -14.25 		1.685 		4.33
v -26.254 		18.632 		0.684
v 0.368 		7.746 		0.347
v -11.01 		44.236 		20.836
v 0.407 		7.639 		0.174
v -13.75 		2.01 		4.33
v -26.513 		18.677 		0.518
v -13.992 		1.271 		4.096
v -13.419 		1.644 		4.096
v -26.698 		18.71 		0.347
v -26.811 		18.73 		0.174
v -9.152 		-8.578 		9.765
v -9.152 		-9.002 		9.792
v -12.4 		2.212 		4
v -9.039 		-8.578 		9.39
v -9.207 		-14.035 		30.129
v -9.039 		-9.04 		9.419
v -10.337 		44.131 		20.864
v -12.9827 		2.048 		4.0954
v -12.373 		2.456 		4
v -12.373 		2.456 		3.9671
v -12.3448 		2.5389 		3.9826
v -12.3443 		2.5403 		3.9828
v -12.3898 		2.3037 		3.9229
v -11.464 		44.034 		21.34
v -10.547 		-12.738 		30.944
v -10.63 		-12.63 		30.944
v -10.738 		-12.547 		30.944
v -12.4 		2.212 		3.8963
v -10.865 		-12.495 		30.944
v -12.3819 		2.048 		3.8324
v -11 		-12.477 		30.944
v -11.135 		-12.495 		30.944
v -12.293 		2.691 		4
v -11.262 		-12.547 		30.944
v -11.61 		31.704 		11.222
v -9.337 		-8.578 		10.111
v -10.889 		43.706 		21.384
v -9.836 		-8.578 		9.778
v -10.889 		43.65 		20.994
v -10.01 		-8.578 		9.99
v -12.422 		31.763 		11.938
v -12.39 		31.772 		11.936
v -11.235 		43.541 		21.405
v -10.222 		-8.578 		10.164
v -12.422 		31.848 		12.285
v -11.235 		43.488 		21.038
v -9.337 		-8.968 		10.136
v -24.66 		17 		1.286
v -12.39 		31.856 		12.281
v -25.192 		17 		1.147
v -12.293 		2.691 		3.995
v -10.784 		43.782 		21.373
v -9.836 		-9.001 		9.804
v -25.067 		18.422 		1.147
v -12.848 		1.527 		4
v -12.663 		1.218 		4
v -10.01 		-8.98 		10.015
v -12.293 		1.733 		4
v -10.222 		-8.962 		10.188
v -10.586 		43.927 		21.354
v -10.547 		-13.262 		30.944
v -10.495 		-13.135 		30.944
v -10.477 		-13 		30.944
v -10.495 		-12.865 		30.944
v -9.707 		-9.025 		9.564
v -12.373 		1.968 		4
v -9.627 		-9.051 		9.303
v -11.235 		43.401 		20.679
v -11 		-13 		31
v -10.889 		43.557 		20.614
v -9.627 		-8.578 		9.273
v -9.707 		-8.578 		9.536
v -9.152 		-10.222 		10.185
v -10.784 		43.724 		20.974
v -9.152 		-9.421 		9.872
v -9.152 		-9.829 		10.003
v -10.784 		43.629 		20.584
v -12.765 		31.673 		11.962
v -13.111 		31.511 		12.006
v -9.039 		-9.496 		9.506
v -11.37 		-12.63 		30.944
v -11.453 		-12.738 		30.944
v -9.039 		-9.94 		9.649
v -11.904 		-12.478 		30.779
v -10.586 		43.867 		20.936
v -12.009 		-12.73 		30.779
v -10.586 		43.767 		20.528
v -12.296 		31.253 		12.076
v -11.523 		-13 		30.944
v -11.505 		-13.135 		30.944
v -11.453 		-13.262 		30.944
v -11.505 		-12.865 		30.944
v -9 		-10.055 		9.281
v -25.66 		17 		1
v -11.727 		43.963 		21.349
v -12.778 		31.076 		12.123
v -26.063 		17 		0.845
v -9.337 		-9.352 		10.209
v -12 		43.939 		21.352
v -26.397 		17 		0.684
v -12.536 		31.189 		12.093
v -12.273 		43.963 		21.349
v -13.108 		1.299 		3.83
v -6 		6.54 		10.312
v -12.9621 		1.8632 		4.0099
v -7.5 		7.4309 		10.681
v -12.962 		1.8625 		4.0096
v -12.9603 		1.8577 		4.0069
v -12.956 		1.8452 		4
v -12.9209 		1.7418 		3.943
v -26.659 		17 		0.518
v -12.9629 		1.8707 		4.0134
v -26.848 		17 		0.347
v -3.516 		9.009 		5.917
v -3.222 		8.752 		4.788
v -26.962 		17 		0.174
v -12.8514 		1.5371 		3.83
v -12 		43.355 		21.073
v -12 		43.406 		21.423
v -12.3812 		2.0419 		3.83
v -23.33 		15.884 		1.532
v -9.836 		-9.419 		9.884
v -23.04 		14.802 		1.532
v -4 		14.6205 		10.4754
v -23.964 		15.772 		1.414
v -4 		15.0068 		10.5117
v -4 		16 		10.6044
v -3.368 		16 		9.899
v -23.645 		14.582 		1.414
v -4 		16.2583 		10.5802
v -12.765 		31.62 		11.595
v -10.01 		-9.376 		10.091
v -12.009 		-13.27 		30.779
v -12.39 		31.721 		11.581
v -12.044 		-13 		30.779
v -12.422 		31.712 		11.583
v -11.61 		43.44 		21.419
v -11.61 		43.389 		21.064
v -9.836 		-10.217 		10.196
v -10.01 		-9.763 		10.215
v -11.262 		-13.453 		30.944
v -11.135 		-13.505 		30.944
v -11 		-13.523 		30.944
v -10.865 		-13.505 		30.944
v -10.738 		-13.453 		30.944
v -10.63 		-13.37 		30.944
v -13.111 		31.455 		11.616
v -12 		43.779 		20.523
v -9.707 		-9.897 		9.786
v -9.836 		-9.826 		10.015
v -11.727 		43.801 		20.513
v -24.544 		15.67 		1.286
v -12.273 		43.801 		20.513
v -11.464 		43.972 		20.907
v -11.464 		43.869 		20.486
v -24.198 		14.38 		1.286
v -12.848 		1.527 		3.8234
v -12.7675 		1.3925 		3.7188
v -12.663 		1.218 		3.5833
v -12.616 		1.1668 		3.536
v -11.727 		43.902 		20.926
v -12.6143 		1.165 		3.534
v -23.124 		13.464 		1.414
v -0.38 		9.802 		1.286
v -12.373 		1.968 		3.7957
v -12.3522 		1.9068 		3.7597
v -0.198 		9.302 		1.147
v -12.293 		1.733 		3.6575
v -23.634 		13.17 		1.286
v -12.5337 		1.0773 		3.4371
v -12 		43.879 		20.932
v -0.038 		8.862 		1
v -12.4627 		1 		3.3516
v -24.094 		12.904 		1.147
v -22 		25.66 		0
v -12.273 		43.902 		20.926
v -24.5 		12.67 		1
v -12.296 		31.192 		11.652
v -12.536 		31.127 		11.66
v -2.03 		8.477 		2.5
v -1.752 		8.523 		2.113
v -12 		43.272 		20.732
v -23.275 		11.735 		1.147
v -23.634 		11.433 		1
v -11.61 		43.305 		20.719
v -3.125 		8.298 		3.536
v -12.778 		31.012 		11.676
v -23.943 		11.174 		0.845
v -12.536 		44.055 		21.778
v -2.719 		8.365 		3.214
v -24.198 		10.96 		0.684
v -12.778 		44.171 		21.778
v -24.399 		10.791 		0.518
v -2.353 		8.425 		2.868
v -24.544 		10.67 		0.347
v -12.765 		31.602 		11.222
v -12.39 		31.704 		11.222
v -12.422 		31.695 		11.222
v -5.0337 		15.5 		12.621
v -23.04 		9.802 		0.684
v -4.2182 		14.336 		11.457
v -23.209 		9.601 		0.518
v -5.2536 		16.1558 		11.9653
v -7.5 		18.2011 		18.4649
v -5.7474 		19.9592 		14
v -10.262 		-13.738 		30.779
v -6.5119 		18.1551 		13.1851
v -12.536 		31.106 		11.222
v -12.296 		31.171 		11.222
v -11 		-14.044 		30.779
v -10.73 		-14.009 		30.779
v -12.778 		30.99 		11.222
v -10.478 		-13.904 		30.779
v -9.6 		-10.055 		9.281
v -9.627 		-9.975 		9.538
v -23.33 		9.456 		0.347
v -23.403 		9.369 		0.174
v -25.067 		15.578 		1.147
v -10.152 		29.297 		11.904
v -1.522 		8.561 		1.71
v -11.37 		-13.37 		30.944
v -10.038 		29.63 		11.859
v -11.904 		-13.522 		30.779
v -10 		29.977 		11.813
v -10.038 		30.324 		11.767
v -11.738 		-13.738 		30.779
v -11.522 		-13.904 		30.779
v -11.27 		-14.009 		30.779
v 0.062 		28.75 		0
v 0.578 		27.723 		0
v -3.34 		33 		0
v -9.707 		-9.467 		9.648
v -5.572 		35.66 		0
v -9.627 		-9.519 		9.392
v -4.34 		34.428 		0
v -1.341 		8.59 		1.294
v -12.104 		-14.104 		30.505
v -9 		-8.578 		9
v -9 		-9.079 		9.031
v -1.5 		30.479 		0
v -9.039 		-9.118 		8.644
v -0.638 		29.678 		0
v -25.529 		15.496 		1
v -1.2577 		8.6041 		1.021
v -1.245 		8.5383 		1
v -9.039 		-8.578 		8.61
v -1.2309 		8.473 		0.9743
v -1.2162 		8.4049 		0.9473
v -1.1725 		8.2043 		0.868
v -9.152 		-9.156 		8.271
v -9.152 		-8.578 		8.235
v -2.603 		31.42 		0
v -9.707 		-8.578 		8.464
v -9.627 		-8.578 		8.727
v -9.6 		-8.578 		9
v -9.836 		-9.157 		8.259
v -9.836 		-8.578 		8.222
v -9.627 		-9.106 		8.76
v -21.459 		22 		0
v -2.5 		31.129 		0
v -25.925 		15.426 		0.845
v -22.138 		20.48 		0
v -2.5284 		31.1413 		0
v -1.4063 		8.9789 		1.147
v -1.3845 		8.9241 		1.1285
v -26.254 		15.368 		0.684
v -1.4042 		8.9737 		1.1453
v -26.513 		15.323 		0.518
v -2.991 		8.549 		3.623
v -26.698 		15.29 		0.347
v -10.22 		-14.352 		30.505
v -26.811 		15.27 		0.174
v -9.965 		-14.793 		30.129
v -9.536 		-14.464 		30.129
v -9.6 		-9.079 		9.031
v -3.256 		8.2726 		3.623
v -3.3598 		8.192 		3.6957
v -9.182 		-14.818 		29.657
v -9.707 		-9.133 		8.499
v -11.78 		-14.352 		30.505
v -11.404 		-14.508 		30.505
v -9.039 		-10.171 		8.912
v -11 		-14.561 		30.505
v -9.039 		-9.651 		8.745
v -9 		-9.573 		9.125
v -10.596 		-14.508 		30.505
v -10.2924 		31 		0
v -10.382 		31.176 		0
v -12.035 		-14.793 		30.129
v -10.824 		31.618 		0
v -9.152 		-9.726 		8.379
v -24.698 		14.198 		1.147
v -0.582 		10.355 		1.414
v -12.561 		-13 		30.505
v -12.508 		-13.404 		30.505
v -25.138 		14.038 		1
v -12.352 		-13.78 		30.505
v -25.517 		13.9 		0.845
v -12.508 		-12.596 		30.505
v -12.793 		-14.035 		30.129
v -12.99 		44.326 		21.778
v -13.164 		44.516 		21.778
v -25.83 		13.786 		0.684
v -26.077 		13.696 		0.518
v -13.293 		44.733 		21.778
v -26.254 		13.632 		0.347
v -12.464 		-14.464 		30.129
v -13.373 		44.968 		21.778
v -26.361 		13.593 		0.174
v -12.818 		-14.818 		29.657
v -13.961 		44.863 		21.778
v -13.848 		44.527 		21.778
v -9.536 		-7.536 		24.5
v -9.6 		-9.573 		9.125
v -11 		-7.343 		24.5
v -13.663 		44.218 		21.778
v -9.443 		-7.19 		23.652
v -11 		-6.985 		23.652
v -13.111 		43.724 		21.778
v -1.6067 		9.5109 		1.294
v -11 		-6.653 		22.818
v -24.849 		12.468 		0.845
v -12.765 		43.559 		21.778
v -25.138 		12.302 		0.684
v -12.296 		43.99 		21.778
v -11 		-6.348 		22.013
v -1.5942 		9.4763 		1.286
v -1.5831 		9.4469 		1.2778
v -12.39 		43.457 		21.778
v -12.422 		43.466 		21.778
v -12.464 		-7.536 		24.5
v -12.557 		-7.19 		23.652
v -12.643 		-6.869 		22.818
v -25.365 		12.17 		0.518
v -12.722 		-6.575 		22.013
v -12.793 		-6.308 		21.25
v -25.529 		12.076 		0.347
v -12.857 		-6.069 		20.543
v -25.627 		12.019 		0.174
v -24.631 		10.597 		0.174
v -10.2152 		30.8483 		0
v -10.24 		30.897 		0
v -10.1695 		30.7584 		0
v -23.66 		15.987 		3.909
v -23.428 		24.66 		0
v -9.627 		-9.628 		8.859
v -10.1685 		30.7565 		0
v -9.627 		-10.136 		9.023
v -9.707 		-10.214 		8.775
v -10.1675 		30.7546 		0
v -10.163 		30.7458 		0
v -22.306 		20.104 		0
v -22.825 		18.084 		0
v -9.896 		-9.743 		8.296
v -3.25 		8.2777 		3.6187
v -3.2527 		8.2754 		3.6206
v -10.1624 		30.7445 		0
v -3.1445 		8.3655 		3.536
v -22.9678 		16.384 		0
v -3.1426 		8.367 		3.5342
v -9.707 		-9.68 		8.603
v -3.1074 		8.395 		3.5015
v -2.954 		8.5168 		3.3587
v -2.9544 		8.5165 		3.3591
v -12.288 		4.0718 		0
v -11.5015 		4.0001 		0
v -10.1499 		30.72 		0
v -10.1449 		30.7102 		0
v -10.1448 		30.7099 		0
v -10.24 		30.648 		0
v -9.836 		-9.728 		8.367
v -15.433 		4.724 		0
v -13.497 		4.182 		0
v -2.8107 		8.6825 		3.214
v -2.6913 		8.8135 		3.072
v -2.5197 		9.0018 		2.868
v -2.6656 		8.8417 		3.0415
v -2.5194 		9.0022 		2.8675
v -13.414 		43.947 		21.778
v -2.3136 		9.2132 		2.5779
v -2.2583 		9.2698 		2.5
v -2.2174 		9.308 		2.431
v -12.536 		44.034 		21.34
v -12.99 		44.304 		21.304
v -10.152 		30.658 		11.723
v -1.819 		9.589 		1.71
v -12.778 		44.149 		21.324
v -22.825 		13.916 		0
v -22.9998 		16.002 		0
v -22.4067 		12.288 		0
v -1.6588 		9.6427 		1.3247
v -1.6401 		9.5955 		1.3137
v -10.152 		29.264 		11.222
v -13.293 		44.708 		21.25
v -13.164 		44.492 		21.279
v -22 		8.34 		0
v -10 		29.949 		11.222
v -12.164 		-9.001 		9.804
v -12.164 		-8.578 		9.778
v -12.99 		44.236 		20.836
v -12.778 		44.085 		20.877
v -12.913 		-5.861 		19.904
v -1.692 		10.091 		2.431
v -9.1987 		-12.288 		18
v -9.337 		-12.057 		18
v -9.586 		-11.786 		18
v -9.889 		-11.563 		18
v -10.24 		-12.0014 		18
v -10.222 		-12.01 		18
v -10.01 		-12.165 		18
v -10.235 		-11.398 		18
v -10.24 		-11.3966 		18
v -10.9771 		-11.264 		18
v -11 		-11.262 		18
v -11.0229 		-11.264 		18
v -13.164 		44.421 		20.786
v -11.264 		-11.8222 		18
v -11 		-11.798 		18
v -10.727 		-11.823 		18
v -10.704 		-11.829 		18
v -10.464 		-11.894 		18
v -10.578 		-11.305 		18
v -10.61 		-11.296 		18
v -10.6118 		-11.2958 		18
v -11.264 		-11.285 		18
v -11.9952 		-12.1706 		18
v -11.851 		-12.064 		18
v -11.778 		-12.01 		18
v -11.536 		-11.894 		18
v -11.273 		-11.823 		18
v -11.99 		-12.165 		18
v -12.288 		-11.6931 		18
v -12.216 		-11.64 		18
v -12.111 		-11.563 		18
v -11.765 		-11.398 		18
v -11.39 		-11.296 		18
v -12.8013 		-12.288 		18
v -12.663 		-12.057 		18
v -12.414 		-11.786 		18
v -13.293 		44.632 		20.729
v -9.6328 		-13.312 		18
v -9.836 		-12.355 		18
v -9.707 		-12.572 		18
v -9.627 		-12.807 		18
v -9.6 		-13.051 		18
v -9.627 		-13.295 		18
v -9.0292 		-13.312 		18
v -2.216 		9.3096 		2.4285
v -9.039 		-12.702 		18
v -9.152 		-12.366 		18
v -9.586 		-14.316 		18
v -9.423 		-14.139 		18
v -9.337 		-14.045 		18
v -9.152 		-13.736 		18
v -9.039 		-13.4 		18
v -10.24 		-14.1006 		18
v -9.707 		-13.53 		18
v -9.836 		-13.747 		18
v -9.896 		-13.812 		18
v -10.0114 		-13.9371 		18
v -10.222 		-14.092 		18
v -10.01 		-13.936 		18
v -10.2683 		30.6296 		0
v -9.6133 		-14.336 		18
v -10.24 		-14.7053 		18
v -10.235 		-14.704 		18
v -9.889 		-14.538 		18
v -12.288 		-13.5384 		18
v -12.288 		-12.5636 		18
v -12.164 		-12.355 		18
v -10.464 		-14.208 		18
v -10.727 		-14.279 		18
v -11 		-14.303 		18
v -11.273 		-14.279 		18
v -11.536 		-14.208 		18
v -11.778 		-14.092 		18
v -11.851 		-14.038 		18
v -11.9924 		-13.9334 		18
v -12.164 		-13.747 		18
v -11.99 		-13.936 		18
v -10.61 		-14.805 		18
v -12.111 		-14.539 		18
v -11.765 		-14.704 		18
v -12.288 		-14.4083 		18
v -12.216 		-14.461 		18
v -11.39 		-14.806 		18
v -12.414 		-14.316 		18
v -10.2706 		30.6281 		0
v -12.848 		-12.366 		18
v -12.962 		-12.702 		18
v -23.403 		24.631 		0.174
v -12.293 		-13.53 		18
v -12.373 		-13.295 		18
v -12.4 		-13.051 		18
v -12.373 		-12.807 		18
v -12.293 		-12.572 		18
v -12.5264 		-14.1936 		18
v -12.962 		-13.4 		18
v -12.848 		-13.736 		18
v -12.663 		-14.045 		18
v -23.04 		24.198 		0.684
v -10.3719 		30.5623 		0
v -23.209 		24.399 		0.518
v -23.33 		24.544 		0.347
v -10.038 		29.6 		11.222
v -10.3723 		30.562 		0
v -10.4232 		30.5289 		0
v -10.478 		30.5526 		0
v -10.5388 		30.5789 		0
v -2.0377 		9.5138 		2.113
v -2.038 		9.5134 		2.1136
v -10.4234 		30.5289 		0
v -2.0377 		9.5138 		2.113
v -10.4233 		30.5289 		0
v -2.048 		9.502 		2.1313
v -2.0358 		9.5157 		2.109
v -2.0102 		9.542 		2.048
v -23.634 		22.567 		1
v -1.6118 		10.0091 		1.3993
v -1.7009 		9.8716 		1.3753
v -23.943 		22.826 		0.845
v -1.5961 		10.0333 		1.4035
v -24.198 		23.04 		0.684
v -1.7242 		9.8357 		1.3691
v -1.7252 		9.8342 		1.3688
v -1.9901 		9.5626 		2
v -1.8684 		9.6874 		1.71
v -1.7305 		9.826 		1.3674
v -1.7309 		9.8253 		1.3673
v -1.7202 		9.7416 		1.349
v -1.7341 		9.8204 		1.3664
v -1.7344 		9.82 		1.3663
v -1.7518 		9.793 		1.3608
v -23.124 		20.536 		1.414
v -1.7544 		9.7906 		1.3687
v -1.7652 		9.7808 		1.4012
v -1.8536 		9.7008 		1.6657
v -1.7544 		9.7906 		1.3687
v -10.707 		30.453 		11.75
v -23.275 		22.265 		1.147
v -10.6 		29.977 		11.813
v -10.627 		30.22 		11.781
v -11.851 		-8.578 		10.104
v -13.373 		44.941 		21.219
v -11.851 		-8.968 		10.128
v -11.99 		-8.98 		10.015
v -11.99 		-8.578 		9.99
v -10.836 		30.669 		11.721
v -13.961 		44.837 		21.233
v -10.707 		30.529 		12.271
v -23.66 		19.812 		7.091
v -11.778 		-8.578 		10.164
v -11.778 		-8.962 		10.188
v -13.848 		44.503 		21.277
v -18.66 		-2 		0
v -13.663 		44.196 		21.318
v -16.275 		-2.265 		1.147
v -11.851 		-9.354 		10.202
v -21.7167 		8.2078 		0
v -10.627 		29.734 		11.845
v -4.108 		25.193 		0
v -5.75 		26.392 		0
v -7.567 		27.276 		0
v -12.164 		-9.419 		9.884
v -11.99 		-9.376 		10.091
v -10.836 		29.286 		11.905
v -10.707 		29.501 		11.876
v -12.164 		-8.578 		8.222
v -12.164 		-9.728 		8.367
v -12.164 		-9.157 		8.259
v -2.69 		23.713 		0
v -2.6894 		23.7121 		0
v -11.149 		28.996 		11.943
v -11.222 		28.943 		11.951
v -9.042 		27.6889 		0
v 0.039 		28.738 		0.436
v -22.578 		2.277 		0
v -22.894 		3.371 		0
v 0.181 		27.589 		1.71
v -21.362 		0.322 		0
v -22.062 		1.25 		0
v 0.354 		27.647 		1.294
v 0.478 		27.689 		0.868
v 0.553 		27.715 		0.436
v -13.373 		44.862 		20.668
v -13.961 		44.759 		20.695
v -11.01 		29.097 		11.93
v -1.3762 		10.5471 		1.486
v -1.5078 		10.24 		1.4377
v -1.5722 		10.0896 		1.414
v -10.586 		28.72 		11.98
v -19.5 		-1.129 		0
v -10.337 		28.989 		11.944
v -18.9565 		-1.3644 		0
v -13.848 		44.432 		20.783
v -13.663 		44.131 		20.864
v -4.046 		6.853 		4.096
v -3.985 		7.5 		4.096
v -12.765 		43.541 		21.405
v -13.111 		43.65 		20.994
v -13.111 		43.706 		21.384
v -12.848 		-8.578 		9.765
v -12.663 		-8.968 		10.136
v -12.663 		-8.578 		10.111
v -12.296 		43.969 		21.348
v -11.727 		28.757 		11.975
v -11.464 		28.827 		11.966
v -12.373 		-9.051 		9.303
v -12.373 		-8.578 		9.273
v -12.765 		43.488 		21.038
v -10.627 		30.193 		11.222
v -10.707 		30.428 		11.222
v -12.293 		-8.578 		9.536
v -10.836 		30.645 		11.222
v -12.962 		-8.578 		9.39
v -12.293 		-9.025 		9.564
v -3.635 		32.83 		0.518
v -10.627 		29.705 		11.222
v -10.6 		29.949 		11.222
v -12.373 		-9.519 		9.392
v -3.471 		32.924 		0.347
v -12.293 		-9.467 		9.648
v -10.707 		29.47 		11.222
v -10.836 		29.253 		11.222
v -3.373 		32.981 		0.174
v -12.373 		-8.578 		8.727
v -12.4 		-8.578 		9
v -12.373 		-9.106 		8.76
v -12.4 		-9.079 		9.031
v -5.96 		35.198 		0.684
v -5.791 		35.399 		0.518
v -11.149 		28.962 		11.222
v -5.67 		35.544 		0.347
v -13 		-8.578 		9
v -5.597 		35.631 		0.174
v -11.222 		28.908 		11.222
v -4.0015 		7.675 		4.096
v -4.096 		7.594 		4.1424
v -5.057 		33.826 		0.845
v -6.794 		7.4851 		8.03
v -4.802 		34.04 		0.684
v -6 		8.0644 		8.03
v -11.01 		29.064 		11.222
v -8.094 		6.234 		7
v -4.601 		34.209 		0.518
v -6.7894 		7.486 		8.0278
v -6.52 		7 		7
v -4.456 		34.33 		0.347
v -10.586 		28.684 		11.222
v -4.369 		34.403 		0.174
v -10.337 		28.955 		11.222
v -12.293 		-8.578 		8.464
v -5.725 		33.265 		1.147
v -12.293 		-9.133 		8.499
v -5.366 		33.567 		1
v -12.962 		-9.118 		8.644
v -12.962 		-8.578 		8.61
v -12.848 		-9.156 		8.271
v -12.848 		-8.578 		8.235
v -22.306 		11.896 		0
v -21.459 		10 		0
v -20.31 		8.287 		0
v -12.4 		-9.573 		9.125
v -12.373 		-9.628 		8.859
v -3.862 		32.698 		0.684
v -20.48 		8.5404 		0
v -20.3106 		8.2879 		0
v -20.219 		8.192 		0
v -12.293 		-9.68 		8.603
v -22.062 		7.75 		0
v -22.578 		6.723 		0
v -9.889 		-11.563 		14
v -23 		4.5 		0
v -22.894 		5.629 		0
v -6 		7.688 		7.54
v -6 		7.7579 		7.569
v -6.0194 		7.7384 		7.5609
v -4.906 		32.096 		1.147
v -10.235 		-11.398 		14
v -5.098 		8.039 		7
v -6.0694 		7.688 		7.54
v -9.337 		-12.057 		14
v -9.586 		-11.786 		14
v -4.5 		32.33 		1
v -20.5 		-0.479 		0
v -15.219 		3.635 		4.924
v -10.222 		-12.01 		14
v -9.039 		-11.143 		9.436
v -15.069 		3.774 		4.924
v -10.01 		-12.165 		14
v -4.151 		32.532 		0.845
v -9 		-10.958 		9.766
v -9.039 		-10.772 		10.097
v -9.337 		-12.035 		13.565
v -6.098 		5.396 		4.532
v -10.235 		-11.38 		13.647
v -5.734 		5.734 		4.532
v -3.992 		28.729 		4.096
v -16.209 		3.968 		4.981
v -16.106 		3.942 		4.981
v -16 		3.933 		4.981
v -5.75 		5.01 		4.33
v -1.892 		28.701 		3.214
v -15.894 		3.942 		4.981
v -15.791 		3.968 		4.981
v -12.422 		43.398 		21.062
v -12.39 		43.44 		21.419
v -12.422 		43.449 		21.417
v -5.319 		5.411 		4.33
v -9.586 		-11.766 		13.598
v -12.39 		43.389 		21.064
v -10.01 		-12.143 		13.551
v -9.039 		-10.367 		9.847
v -10.222 		-11.988 		13.57
v -9.889 		-11.545 		13.626
v -9 		-10.519 		9.495
v -16.211 		3.388 		4.924
v -11.464 		28.792 		11.222
v -9.707 		-10.703 		10.22
v -16 		3.371 		4.924
v -15.789 		3.388 		4.924
v -9.6 		-10.958 		9.766
v -13.111 		43.557 		20.614
v -9.627 		-10.828 		9.998
v -15.584 		3.439 		4.924
v -12.296 		43.908 		20.924
v -9.707 		-10.311 		9.978
v -15.392 		3.523 		4.924
v -9.627 		-10.413 		9.741
v -12 		32 		9
v -12.296 		43.807 		20.511
v -11.382 		31.902 		9
v -12.536 		43.869 		20.486
v -11.149 		30.936 		9
v -11.222 		30.99 		9
v -9.707 		-11.213 		9.313
v -9.627 		-11.088 		9.535
v -11.01 		30.835 		9
v -9.6 		-10.519 		9.495
v -12.536 		43.972 		20.907
v -11.235 		31.602 		9
v -9.627 		-10.625 		9.249
v -18.892 		6.807 		0
v -17.25 		5.608 		0
v -4.969 		5.875 		4.33
v -11.464 		31.106 		9
v -11.727 		31.177 		9
v -12 		31.202 		9
v -12.273 		31.177 		9
v -12.422 		43.313 		20.715
v -5.992 		4.271 		4.096
v -12 		31.738 		9
v -12.39 		43.305 		20.719
v -11.61 		31.704 		9
v -5.419 		4.644 		4.096
v -19.2684 		16.384 		10.269
v -19.2862 		16.4816 		10.24
v -4.924 		5.104 		4.096
v -12.618 		31.902 		9
v -4.523 		5.636 		4.096
v -12.296 		31.171 		9
v -12.765 		43.401 		20.679
v -19.295 		16.5296 		10.2257
v -19.4017 		17.1166 		10.0513
v -6.521 		5.121 		4.532
v -12.422 		31.695 		9
v -12.39 		31.704 		9
v -13.414 		43.767 		20.528
v -13.414 		43.867 		20.936
v -10.098 		29.382 		9
v -10.0857 		29.4593 		9
v -10.1399 		29.2997 		9
v -15.094 		3.043 		4.83
v -13.414 		43.927 		21.354
v -7.584 		5.311 		4.698
v -15.181 		2.411 		4.698
v -10.1924 		29.1965 		9
v -7.181 		5.411 		4.698
v -10.152 		45.767 		20.424
v -10.152 		45.607 		19.768
v -10.152 		45.386 		19.137
v -10.038 		45.29 		19.899
v -10.038 		45.083 		19.309
v -9.039 		-11.584 		9.786
v -10.235 		-10.966 		12.323
v -9 		-11.367 		10.091
v -10.235 		-11.119 		12.632
v -10.235 		-11.24 		12.959
v -9.152 		-11.794 		9.493
v -9.152 		-12.225 		9.923
v -9.039 		-11.988 		10.189
v -1.607 		28.923 		2.868
v -1.356 		29.118 		2.5
v -16.315 		2.843 		4.83
v -16 		2.818 		4.83
v -1.14 		29.287 		2.113
v -9.152 		-12.271 		13.058
v -9.152 		-12.154 		12.601
v -15.685 		2.843 		4.83
v -10.152 		45.106 		18.54
v -15.38 		2.919 		4.83
v -21.924 		22.868 		1.286
v -9.889 		-11.489 		13.257
v -22.265 		23.275 		1.147
v -1.922 		30.013 		2.113
v -9.889 		-11.396 		12.898
v -10.235 		-11.327 		13.299
v -8 		4.753 		4.532
v -7.486 		4.795 		4.532
v -6.988 		4.919 		4.532
v -9.586 		-11.706 		13.202
v -3.927 		30.79 		2.5
v -8 		4.25 		4.33
v -3.83 		31.036 		2.113
v -22.567 		23.634 		1
v -7.392 		4.299 		4.33
v -22.826 		23.943 		0.845
v -9.586 		-11.606 		12.816
v -6.803 		4.446 		4.33
v -16 		2.277 		4.698
v -3.108 		28.701 		3.83
v -6.25 		4.685 		4.33
v -15.584 		2.311 		4.698
v -3.75 		29.118 		3.83
v -9.337 		-11.97 		13.135
v -2.818 		29.021 		3.536
v -10.01 		-12.075 		13.108
v -10.222 		-11.924 		13.146
v -11.222 		46.115 		20.33
v -16 		1.753 		4.532
v -7.935 		5.78 		5.917
v -15.486 		1.795 		4.532
v -9.836 		-12.26 		13.06
v -11.235 		46.711 		20.169
v -10.889 		46.55 		20.213
v -10.586 		46.333 		20.271
v -9.889 		-11.268 		12.552
v -10.784 		46.475 		20.233
v -16 		1.25 		4.33
v -10.222 		-11.67 		12.336
v -15.392 		1.299 		4.33
v -16 		0.772 		4.096
v -4.711 		6.388 		4.33
v -15.303 		0.828 		4.096
v -4.227 		6.225 		4.096
v -16 		0.322 		3.83
v -10.586 		46.155 		19.542
v -15.219 		0.385 		3.83
v -5.438 		6.126 		4.532
v -9.836 		-12.143 		12.605
v -10.784 		46.292 		19.485
v -10.627 		30.193 		9
v -10.707 		30.428 		9
v -10.836 		30.645 		9
v -10.627 		29.705 		9
v -10.6 		29.949 		9
v -6.803 		5.575 		4.698
v -16 		-0.096 		3.536
v -6.461 		5.797 		4.698
v -15.14 		-0.026 		3.536
v -10.836 		29.253 		9
v -10.707 		29.47 		9
v -11.222 		28.908 		9
v -11.149 		28.962 		9
v -16 		-0.479 		3.214
v -22.868 		21.924 		1.286
v -10.222 		-11.817 		12.733
v -10.01 		-11.964 		12.676
v -15.069 		-0.404 		3.214
v -10.707 		45.567 		20.478
v -6.289 		6.581 		5.917
v -16 		-0.824 		2.868
v -10.836 		45.778 		20.421
v -9.337 		-11.862 		12.716
v -11.149 		46.062 		20.344
v -11.01 		29.064 		9
v -10.382 		28.824 		9
v -10.586 		28.684 		9
v -11.01 		45.963 		20.371
v -10.337 		28.955 		9
v -11.235 		28.335 		12.032
v -10.337 		46.069 		20.342
v -10.889 		28.499 		12.01
v -10.784 		28.575 		11.999
v -21.545 		22.417 		1.414
v -22.417 		21.545 		1.414
v -10.836 		45.618 		19.763
v -11.222 		45.944 		19.629
v -5.22 		6.56 		4.532
v -10.578 		-11.237 		13.322
v -10.61 		-11.228 		13.324
v -9.6 		-11.367 		10.091
v -9.707 		-12.08 		10.086
v -9.896 		-12.279 		9.863
v -9.836 		-12.233 		9.915
v -11 		-11.262 		14
v -15.004 		-0.744 		2.868
v -3.525 		29.48 		3.536
v -9.627 		-11.519 		9.877
v -16 		-1.129 		2.5
v -2.553 		29.314 		3.214
v -3.319 		29.812 		3.214
v -9.707 		-11.666 		9.672
v -10.889 		28.461 		11.222
v -11.235 		28.296 		11.222
v -16 		-1.391 		2.113
v -10.784 		28.539 		11.222
v -9.337 		-11.987 		9.222
v -2.314 		29.579 		2.868
v -3.133 		30.111 		2.868
v -11.149 		45.893 		19.65
v -15.868 		-1.924 		1.286
v -10.01 		-11.919 		9.317
v -11.01 		45.797 		19.69
v -10.337 		45.899 		19.647
v -11 		-11.245 		13.664
v -9.836 		-11.801 		9.483
v -4.039 		30.503 		2.868
v -11 		-11.194 		13.332
v -9.896 		-11.842 		9.425
v -2.103 		29.812 		2.5
v -20.995 		22.356 		2.49
v -21.1137 		22.1396 		2.6093
v -21.2571 		21.8784 		2.7534
v -2.969 		30.375 		2.5
v -20.8489 		22.5268 		2.632
v -21.308 		21.909 		2.431
v -9.152 		-10.816 		8.806
v -11.39 		-11.228 		13.324
v -9.039 		-10.67 		9.144
v -9.152 		-10.281 		8.558
v -2.828 		30.602 		2.113
v -21.924 		21.132 		1.532
v -10.61 		-11.296 		14
v -9.896 		-10.849 		8.728
v -10.578 		-11.305 		14
v -9.836 		-10.821 		8.794
v -21.6883 		20.8207 		2.9602
v -21.8271 		20.48 		3.0267
v -9.707 		-10.727 		9.013
v -10.824 		28.382 		9
v -10.889 		28.461 		9
v -21.0209 		22.528 		1.4526
v -20.8014 		22.8604 		1.4257
v -21.0579 		22.4719 		1.4572
v -10.784 		28.539 		9
v -0.961 		29.426 		1.71
v -21.2929 		22.116 		1.486
v -21.1638 		22.3115 		1.4702
v -21.3955 		21.9617 		1.4928
v -1.772 		30.179 		1.71
v -0.82 		29.536 		1.294
v -9.337 		-10.384 		8.232
v -1.654 		30.31 		1.294
v -22.0483 		20.48 		1.5739
v -21.9888 		20.6143 		1.5695
v -8.165 		25.77 		9.0578
v -4.553 		6.936 		4.33
v -9 		25.77 		9.0578
v -9 		26.46 		8.772
v -9 		25.4449 		8.192
v -16 		-1.608 		1.71
v -9 		25.4387 		8.03
v -9 		25.4036 		8.0818
v -9.3714 		25.4405 		8.1802
v -10.627 		45.192 		19.94
v -9 		25.8501 		7.2994
v -9 		25.7191 		7.5319
v -4.801 		7.669 		5.917
v -10.707 		45.413 		19.848
v -11.727 		46.297 		20.281
v -11.464 		46.228 		20.3
v -4 		6.583 		32.25
v -11.61 		46.81 		20.143
v -8 		5.277 		4.698
v -16 		-1.779 		1.294
v -12 		46.321 		20.275
v -12.273 		46.297 		20.281
v -14.495 		20.322 		27.585
v -0.03 		28.701 		0.868
v -11 		-11.798 		14
v -15.2904 		-1.6716 		1.414
v -15.2018 		-1.659 		1.4272
v -15.6304 		-1.7244 		1.3534
v -15.8968 		-1.7679 		1.3004
v -7.804 		5.404 		4.788
v -0.719 		29.615 		0.868
v -10.727 		-11.823 		14
v -10.464 		-11.894 		14
v -10.704 		-11.829 		14
v -1.569 		30.404 		0.868
v -21.804 		21.0312 		1.556
v -21.6307 		21.4253 		1.532
v -0.658 		29.662 		0.436
v -9.896 		-10.307 		8.477
v -1.518 		30.46 		0.436
v -10.578 		-11.288 		13.659
v -10.61 		-11.279 		13.66
v -9.836 		-10.285 		8.546
v -10.01 		-10.348 		8.346
v -15.9289 		-1.7732 		1.294
v -22.567 		20.214 		1.532
v -9.423 		-10.991 		8.4
v -9.337 		-10.95 		8.494
v -12 		46.844 		20.134
v -9.586 		-11.068 		8.221
v -11 		-11.778 		13.597
v -10.727 		-11.802 		13.594
v -11.727 		46.12 		19.556
v -12 		46.143 		19.547
v -12.273 		46.12 		19.556
v -10.704 		-11.808 		13.593
v -10.464 		-11.873 		13.585
v -10.222 		-10.971 		8.446
v -10.01 		-10.903 		8.603
v -15.42 		37.397 		0
v -17 		36.66 		0
v -9.152 		-11.322 		9.118
v -2.711 		30.79 		1.71
v -9.423 		-11.536 		8.737
v -9.337 		-11.487 		8.826
v -12.111 		-11.563 		14
v -11.765 		-11.398 		14
v -12.216 		-11.64 		14
v -10.222 		-11.512 		8.781
v -11.39 		-11.296 		14
v -22.0239 		19.9969 		3.1209
v -22.0239 		19.9969 		3.1209
v -22.142 		20.042 		2.431
v -11.536 		-11.894 		14
v -11.778 		-12.01 		14
v -9.896 		-11.363 		9.046
v -9.836 		-11.328 		9.108
v -11.273 		-11.823 		14
v -15.304 		37.077 		0.518
v -15.368 		37.254 		0.347
v -11.464 		46.053 		19.584
v -15.407 		37.361 		0.174
v -10.01 		-11.429 		8.928
v -11.235 		46.521 		19.39
v -9.423 		-12.045 		9.14
v -10.889 		46.365 		19.455
v -9.586 		-12.155 		8.985
v -10.889 		46.109 		18.726
v -16 		-1.7834 		1.2788
v -11.235 		46.258 		18.642
v -15.9696 		-1.7788 		1.286
v -15.9744 		-1.7795 		1.2849
v -15.1 		36.517 		0.845
v -10.222 		-12.016 		9.181
v -17.053 		3.936 		4.924
v -16.931 		3.774 		4.924
v -15.214 		36.83 		0.684
v -16.781 		3.635 		4.924
v -11.222 		45.707 		18.955
v -11.149 		45.659 		18.982
v -9.586 		-11.631 		8.569
v -6.166 		6.071 		4.698
v -10.337 		45.665 		18.979
v -16.924 		36.529 		0.347
v -16.608 		3.523 		4.924
v -16.416 		3.439 		4.924
v -16.981 		36.627 		0.174
v -6.097 		6.234 		4.788
v -17.388 		3.419 		4.83
v -17.165 		3.211 		4.83
v -10.836 		45.396 		19.132
v -10.707 		45.201 		19.242
v -11.01 		45.567 		19.035
v -20.995 		23.849 		3.732
v -17.702 		3.925 		4.83
v -17.569 		3.659 		4.83
v -14.5 		17.5747 		20.2414
v -14.495 		17.5699 		20.2548
v -18.25 		3.74 		4.698
v -9.889 		-11.749 		8.358
v -18.073 		3.388 		4.698
v -8.165 		17.5699 		20.2548
v -10.235 		-11.837 		8.202
v -10.784 		46.04 		18.766
v -10.586 		45.909 		18.84
v -11.851 		-12.064 		14
v -11.99 		-12.165 		14
v -10.727 		-11.052 		8.258
v -11 		-11.062 		8.234
v -16.906 		3.043 		4.83
v -10.464 		-11.021 		8.33
v -16.62 		2.919 		4.83
v -12.111 		-11.545 		13.626
v -17.197 		2.575 		4.698
v -16.819 		2.411 		4.698
v -11.765 		-11.38 		13.647
v -11.851 		-10.381 		8.239
v -11.39 		-11.279 		13.66
v -22.318 		18.9478 		2.9895
v -22.5729 		18.0385 		2.8755
v -22.5732 		18.0375 		2.8754
v -22.653 		18.052 		2.431
v -3.75 		31.24 		1.71
v -12.216 		-11.621 		13.617
v -11.851 		-12.042 		13.564
v -11.99 		-10.348 		8.346
v -11.778 		-11.988 		13.57
v -11.99 		-12.143 		13.551
v -16.416 		2.311 		4.698
v -11.536 		-11.873 		13.585
v -17.834 		3.071 		4.698
v -17.539 		2.797 		4.698
v -22.6595 		17.5026 		2.648
v -22.654 		16.8916 		2.959
v -22.6496 		16.384 		3.2175
v -11.273 		-11.802 		13.594
v -18.266 		2.734 		4.532
v -17.902 		2.396 		4.532
v -12 		32 		0
v -4.554 		7.362 		4.788
v -17.479 		2.121 		4.532
v -11.382 		31.902 		0
v -12.288 		31.9543 		0
v -12.618 		31.902 		0
v -2.619 		30.937 		1.294
v -12.9444 		31.7359 		0
v -18.78 		3.56 		4.532
v -18.562 		3.126 		4.532
v -19.447 		3.936 		4.33
v -19.289 		3.388 		4.33
v -10.606 		30.608 		0
v -10.836 		45.115 		18.533
v -22.2277 		20.0748 		1.587
v -22.0789 		20.4108 		1.5761
v -10.578 		-11.152 		12.993
v -8 		5.3275 		4.7103
v -8.0056 		5.3258 		4.7098
v -8.024 		5.3201 		4.7081
v -8.1302 		5.2876 		4.698
v -7.7981 		5.3869 		4.7208
v -7.7982 		5.3869 		4.7208
v -8.192 		5.2682 		4.6902
v -10.61 		-11.144 		12.996
v -11 		-11.111 		13.009
v -6.086 		6.2142 		4.7032
v -6.144 		6.1881 		4.7104
v -6.2421 		6.144 		4.7224
v -7.0879 		5.7448 		4.7632
v -7.168 		5.7056 		4.7622
v -22.6458 		18.432 		1.6211
v -11.61 		46.35 		18.59
v -22.5703 		18.7263 		1.6206
v -6.9505 		5.8122 		4.7649
v -6.9508 		5.812 		4.7649
v -10.61 		-10.88 		12.384
v -22.7392 		18.068 		1.6217
v -22.7392 		18.0681 		1.6217
v -10.578 		-11.035 		12.677
v -6.748 		5.9085 		4.7578
v -10.61 		-11.027 		12.682
v -6.6177 		5.9705 		4.7533
v -6.3273 		6.1048 		4.7298
v -6.2532 		6.139 		4.7238
v -11.61 		46.617 		19.351
v -11.273 		-11.052 		8.258
v -11.536 		-11.021 		8.33
v -19.031 		2.875 		4.33
v -7.6916 		5.4421 		4.7321
v -7.7115 		5.4318 		4.73
v -7.6163 		5.4811 		4.7402
v -10.578 		-10.887 		12.378
v -7.276 		5.6527 		4.7608
v -7.2757 		5.6528 		4.7608
v -7.3937 		5.5933 		4.7537
v -18.681 		2.411 		4.33
v -19.954 		3.853 		4.096
v -11 		-10.85 		12.404
v -19.773 		3.225 		4.096
v -11 		-10.996 		12.698
v -19.477 		2.636 		4.096
v -19.076 		2.104 		4.096
v -17.012 		1.919 		4.532
v -3.687 		31.4 		1.294
v -16.514 		1.795 		4.532
v -11.39 		-10.88 		12.384
v -11.784 		30.901 		0
v -11.765 		-10.966 		12.323
v -11.765 		-11.119 		12.632
v -12.288 		30.942 		0
v -11.765 		-11.24 		12.959
v -12.5503 		30.9634 		0
v -10.727 		-11.611 		8.604
v -10.464 		-11.573 		8.671
v -9.503 		27.818 		0
v -11.39 		-11.027 		12.682
v -11.39 		-11.144 		12.996
v -2.746 		31.368 		0.347
v -14.962 		36.138 		1
v -9 		-12.365 		11.34
v -2.639 		31.407 		0.174
v -9.039 		-12.293 		12
v -11 		-11.618 		12.811
v -22.2401 		20.0255 		1.5898
v -22.2393 		20.0287 		1.5896
v -22.3389 		19.6358 		1.6013
v -22.4996 		19.0019 		1.6201
v -22.4996 		19.0018 		1.6201
v -22.528 		18.8911 		1.6203
v -12 		46.381 		18.572
v -22.5458 		18.8218 		1.6204
v -9.039 		-12.348 		10.639
v -9.152 		-12.61 		10.405
v -2.553 		31.044 		0.868
v -9.039 		-12.661 		11.132
v -12 		46.65 		19.337
v -12.273 		45.875 		18.859
v -18.25 		2.01 		4.33
v -17.75 		1.685 		4.33
v -11.464 		45.811 		18.896
v -12 		45.897 		18.847
v -22.8285 		17 		1.6238
v -22.8465 		16.7924 		1.6183
v -22.8285 		17.0004 		1.6238
v -22.8819 		16.384 		1.6074
v -22.8572 		16.6693 		1.615
v -22.7437 		18.0127 		1.6233
v -11.727 		45.876 		18.859
v -4.5251 		7.2326 		4.33
v -4.6301 		7.168 		4.3668
v -22.7566 		17.8584 		1.6234
v -4.5247 		7.2329 		4.3298
v -4.4741 		7.2627 		4.3081
v -17.197 		1.446 		4.33
v -16.608 		1.299 		4.33
v -3.642 		31.515 		0.868
v -16.1002 		10.24 		11.476
v -16.384 		10.7182 		11.6741
v -12.778 		46.115 		20.33
v -12.536 		46.228 		20.3
v -15.0911 		8.54 		10.772
v -15.1001 		8.6571 		10.4892
v -18.581 		1.644 		4.096
v -15.1014 		8.6749 		10.4462
v -15.105 		8.7216 		10.3336
v -18.008 		1.271 		4.096
v -15.105 		8.7216 		10.3335
v -15.1065 		8.7404 		10.2882
v -15.1069 		8.7453 		10.2763
v -10.704 		-11.646 		12.8
v -10.727 		-11.64 		12.802
v -15.108 		8.7603 		10.24
v -15.6621 		8.8536 		10.0147
v -15.4746 		8.817 		10.1031
v -17.373 		0.997 		4.096
v -15.566 		8.652 		9.899
v -15.9077 		8.9015 		9.899
v -16.697 		0.828 		4.096
v -15.1084 		8.7657 		10.2271
v -15.1084 		8.7658 		10.2268
v -14.7951 		8.2765 		9.899
v -10.464 		-11.811 		13.175
v -15 		8.5964 		10.1134
v -5.8757 		6.3605 		4.6806
v -5.8758 		6.3604 		4.6806
v -14.7393 		8.192 		9.8327
v -5.9495 		6.3093 		4.6891
v -15.905 		8.039 		8.999
v -5.7826 		6.4231 		4.6641
v -5.4608 		6.6397 		4.6071
v -5.4587 		6.6411 		4.6068
v -14.513 		7.362 		8.999
v -5.136 		6.8524 		4.532
v -14.5 		7.8302 		9.5487
v -5.1348 		6.8532 		4.5317
v -4.9124 		6.9942 		4.4659
v -4.9119 		6.9945 		4.4658
v -13.111 		46.55 		20.213
v -11 		-11.718 		13.199
v -20.431 		3.774 		3.83
v -12.765 		46.711 		20.169
v -11.985 		4.5 		4.096
v -3.9752 		31.5768 		0.9393
v -3.7556 		31.5433 		0.868
v -20.228 		3.071 		3.83
v -12.39 		46.81 		20.143
v -11.9927 		4.5818 		4.096
v -12.288 		4.6442 		4.2275
v -19.897 		2.411 		3.83
v -16.21 		7.487 		8.03
v -14.722 		6.763 		8.03
v -13.414 		46.155 		19.542
v -14.906 		6.234 		7
v -20.287 		2.202 		3.536
v -13.414 		46.333 		20.271
v -13.229 		5.766 		7
v -13.577 		46.16 		20.318
v -2.513 		31.108 		0.436
v -13.293 		45.567 		20.478
v -14.216 		4.208 		4.83
v -3.5777 		31.4991 		0.8048
v -3.6395 		31.5216 		0.8273
v -3.2469 		31.3789 		0.684
v -14.188 		4.5 		4.83
v -2.923 		31.304 		0.518
v -12.99 		45.963 		20.371
v -14.216 		4.792 		4.83
v -3.2142 		31.3678 		0.6682
v -3.1365 		31.3412 		0.6306
v -13.642 		4.114 		4.698
v -13.164 		45.778 		20.421
v -18.25 		0.882 		3.83
v -17.539 		0.574 		3.83
v -16.781 		0.385 		3.83
v -13.104 		45.842 		20.404
v -15.069 		5.226 		4.924
v -17.693 		0.181 		3.536
v -15.219 		5.365 		4.924
v -13.293 		45.413 		19.848
v -12.99 		45.797 		19.69
v -12.778 		45.944 		19.629
v -19.447 		1.814 		3.83
v -18.892 		1.299 		3.83
v -2.9736 		31.2855 		0.552
v -10.704 		-11.747 		13.191
v -10.727 		-11.741 		13.193
v -2.9192 		31.2677 		0.5216
v -2.9127 		31.2656 		0.518
v -2.8121 		31.2374 		0.436
v -19.792 		1.546 		3.536
v -19.182 		0.979 		3.536
v -18.475 		0.52 		3.536
v -20.108 		1.299 		3.214
v -19.447 		0.686 		3.214
v -9.337 		-12.852 		10.19
v -11 		-11.48 		12.438
v -18.681 		0.188 		3.214
v -10.704 		-11.507 		12.424
v -9.423 		-12.51 		9.605
v -9.337 		-12.444 		9.679
v -10.464 		-11.565 		12.392
v -3.694 		31.5314 		0.8484
v -3.6833 		31.5294 		0.845
v -10.727 		-11.501 		12.426
v -9.586 		-12.635 		9.465
v -20.393 		1.077 		2.868
v -19.686 		0.421 		2.868
v -10.464 		-11.708 		12.776
v -19.897 		0.188 		2.5
v -10.235 		-12.397 		8.646
v -9.889 		-12.294 		8.791
v -6.0266 		6.2559 		4.698
v -12.111 		-11.489 		13.257
v -6.0264 		6.2561 		4.698
v -12.111 		-11.396 		12.898
v -11.765 		-11.327 		13.299
v -4.2058 		7.5 		4.1963
v -4.2065 		7.4994 		4.1966
v -2.7206 		31.2023 		0.3638
v -9.423 		-8.578 		7.784
v -2.7117 		31.1989 		0.3567
v -9.337 		-8.578 		7.889
v -12.536 		46.053 		19.584
v -10.222 		-8.578 		7.836
v -9.896 		-8.578 		8.149
v -13.164 		45.618 		19.763
v -13.104 		45.68 		19.738
v -2.6995 		31.1942 		0.347
v -13.228 		34.964 		1.414
v -2.589 		31.1554 		0.1997
v -2.5696 		31.1485 		0.174
v -0.923 		6.304 		0.518
v -2.535 		31.1424 		0.0286
v -0.746 		6.368 		0.347
v -13.848 		45.767 		20.424
v -12.868 		32.924 		1.732
v -0.639 		6.407 		0.174
v -12.996 		33.649 		1.638
v -3.419 		28.356 		4.096
v -13.116 		34.33 		1.532
v -13.663 		46.069 		20.342
v -12 		32.226 		1.813
v -12 		32 		1.8315
v -1.034 		28.162 		2.868
v -12.216 		-11.563 		13.238
v -12.216 		-11.468 		12.869
v -0.75 		28.315 		2.5
v -0.746 		4.632 		0.684
v -13.373 		45.192 		19.94
v -0.487 		4.677 		0.518
v -0.506 		28.446 		2.113
v -0.302 		4.71 		0.347
v -13.848 		45.607 		19.768
v -13.961 		45.29 		19.899
v -0.189 		4.73 		0.174
v -10.01 		-8.578 		8.01
v -2.553 		28.186 		3.83
v -13.577 		45.988 		19.611
v -13.663 		45.899 		19.647
v -9.423 		-9.201 		7.823
v -9.337 		-9.19 		7.927
v -2.208 		28.454 		3.536
v -13.111 		46.109 		18.726
v -12.765 		46.258 		18.642
v -13.111 		46.365 		19.455
v -12.765 		46.521 		19.39
v -0.303 		28.554 		1.71
v -11.273 		-11.741 		13.193
v -10.01 		-9.178 		8.048
v -9.896 		-9.164 		8.186
v -11.273 		-11.64 		12.802
v -0.144 		28.639 		1.294
v -10.222 		-9.196 		7.875
v -5.392 		28.701 		4.33
v -9.586 		-8.578 		7.586
v -12.164 		-12.26 		13.06
v -6 		28.75 		4.33
v -11.851 		-11.976 		13.133
v -11.778 		-11.923 		13.146
v -9.889 		-8.578 		7.337
v -4.627 		29.003 		4.096
v -5.303 		29.172 		4.096
v -10.235 		-8.578 		7.152
v -6 		29.228 		4.096
v -5.004 		30.744 		2.868
v -9.337 		-9.795 		8.042
v -9.423 		-9.815 		7.94
v -6 		30.824 		2.868
v -9.586 		-9.855 		7.747
v -11.99 		-12.075 		13.108
v -4.947 		31.044 		2.5
v -6 		31.129 		2.5
v -4.898 		31.302 		2.113
v -6 		31.391 		2.113
v -10.222 		-9.805 		7.991
v -11.536 		-11.811 		13.175
v -4.461 		29.426 		3.83
v -5.219 		29.615 		3.83
v -10.01 		-9.771 		8.16
v -6 		29.678 		3.83
v -11.273 		-11.501 		12.426
v -4.307 		29.819 		3.536
v -12.734 		32.162 		1.813
v -9.586 		-9.221 		7.626
v -12.39 		46.617 		19.351
v -9.889 		-9.245 		7.379
v -9.889 		-9.904 		7.504
v -10.235 		-9.941 		7.324
v -10.235 		-9.264 		7.195
v -11.8242 		31.9721 		1.8325
v -11.5749 		31.9326 		1.834
v -12.39 		46.35 		18.59
v -20.875 		3.702 		3.536
v -11 		-8.578 		7.6
v -10.727 		-8.578 		7.627
v -12.288 		31.9543 		1.8332
v -10.464 		-8.578 		7.707
v -20.651 		2.928 		3.536
v -10.727 		-9.216 		7.667
v -12.778 		45.707 		18.955
v -21.281 		3.635 		3.214
v -21.039 		2.797 		3.214
v -13.104 		45.455 		19.098
v -13.164 		45.396 		19.132
v -13.293 		45.201 		19.242
v -5.14 		30.026 		3.536
v -12.99 		45.567 		19.035
v -10.464 		-9.208 		7.746
v -6 		30.096 		3.536
v -21.647 		3.575 		2.868
v -10.61 		-8.578 		7.039
v -21.388 		2.679 		2.868
v -4.166 		30.179 		3.214
v -11 		-8.578 		7
v -5.069 		30.404 		3.214
v -21.97 		3.523 		2.5
v -12.4959 		31.9214 		1.8344
v -12.618 		31.902 		1.8351
v -15.789 		5.612 		4.924
v -21.697 		2.575 		2.5
v -11.536 		-11.565 		12.392
v -16 		5.629 		4.924
v -12.6651 		31.878 		1.8367
v -22.248 		3.477 		2.113
v -16.211 		5.612 		4.924
v -21.962 		2.485 		2.113
v -6 		30.479 		3.214
v -11.536 		-11.708 		12.776
v -11.851 		-11.718 		12.31
v -11.778 		-11.67 		12.336
v -20.644 		2.01 		3.214
v -12.111 		-11.268 		12.552
v -14.858 		4.114 		4.924
v -20.966 		1.838 		2.868
v -12.216 		-11.337 		12.515
v -14.803 		4.304 		4.924
v -21.25 		1.685 		2.5
v -14.784 		4.5 		4.924
v -20.644 		0.882 		2.5
v -14.803 		4.696 		4.924
v -12.164 		-12.143 		12.605
v -14.858 		4.886 		4.924
v -10.382 		28.824 		4.1182
v -14.947 		5.064 		4.924
v -2.03 		6.523 		2.5
v -11.778 		-11.817 		12.733
v -11.851 		-11.868 		12.713
v -1.938 		7.5 		2.5
v -21.494 		1.554 		2.113
v -10.319 		28.812 		3.214
v -20.86 		0.713 		2.113
v -11.99 		-11.964 		12.676
v -10.534 		28.672 		3.3922
v -10.382 		28.824 		3.2257
v -10.3756 		28.8365 		3.214
v -15.427 		4.694 		4.981
v -1.752 		6.477 		2.113
v -15.472 		4.783 		4.981
v -12.663 		-12.035 		13.565
v -15.533 		4.864 		4.981
v -10.3753 		28.8372 		3.2132
v -15.608 		4.934 		4.981
v -1.656 		7.5 		2.113
v -12.663 		-12.057 		14
v -15.695 		4.991 		4.981
v -15.791 		5.032 		4.981
v -12.414 		-11.786 		14
v -12.414 		-11.766 		13.598
v -10.3654 		28.8566 		3.1917
v -10.3107 		28.9641 		3.072
v -3.569 		6.774 		3.83
v -10.2815 		29.0214 		3.0083
v -3.5 		7.5 		3.83
v -3.125 		6.702 		3.536
v -15.894 		5.058 		4.981
v -10.0198 		28.152 		3.536
v -12.414 		-11.706 		13.202
v -16 		5.067 		4.981
v -12.414 		-11.606 		12.816
v -3.05 		7.5 		3.536
v -16.106 		5.058 		4.981
v -16.209 		5.032 		4.981
v -16.305 		4.991 		4.981
v -2.719 		6.635 		3.214
v -12.848 		-12.271 		13.058
v -12.663 		-11.97 		13.135
v -2.638 		7.5 		3.214
v -12.414 		-11.468 		12.444
v -10.0709 		28.4203 		3.3734
v -10.0505 		28.3132 		3.4383
v -2.353 		6.575 		2.868
v -2.266 		7.5 		2.868
v -12.848 		-12.154 		12.601
v -15.533 		4.136 		4.981
v -15.472 		4.217 		4.981
v -4.858 		31.515 		1.71
v -12.536 		45.811 		18.896
v -15.427 		4.306 		4.981
v -15.399 		4.402 		4.981
v -15.39 		4.5 		4.981
v -15.399 		4.598 		4.981
v -2.038 		5.485 		2.113
v -3.772 		6.071 		3.83
v -5.366 		31.83 		1.286
v -3.713 		5.202 		3.536
v -13.164 		45.115 		18.533
v -22.478 		3.439 		1.71
v -3.349 		5.928 		3.536
v -22.181 		2.411 		1.71
v -6 		31.608 		1.71
v -13.104 		45.171 		18.492
v -11.536 		-8.578 		7.707
v -3.892 		4.299 		3.214
v -11.851 		-8.578 		7.896
v -11.99 		-8.578 		8.01
v -22.659 		3.41 		1.294
v -22.354 		2.353 		1.294
v -22.789 		3.388 		0.868
v -12.663 		-11.862 		12.716
v -12.663 		-11.712 		12.313
v -10.525 		28.48 		3.536
v -22.478 		2.311 		0.868
v -16 		4.5 		5
v -22.867 		3.376 		0.436
v -22.553 		2.285 		0.436
v -10.6486 		28.5574 		3.5178
v -10.6212 		28.5849 		3.4877
v -9.623 		27.105 		4.788
v -21.697 		1.446 		1.71
v -11.536 		-9.208 		7.746
v -13.663 		45.665 		18.979
v -13.577 		45.749 		18.931
v -21.039 		0.574 		1.71
v -11.851 		-9.189 		7.935
v -11.778 		-8.578 		7.836
v -21.856 		1.361 		1.294
v -21.18 		0.464 		1.294
v -11.99 		-9.178 		8.048
v -13.414 		45.909 		18.84
v -9.5903 		27.2999 		4.0555
v -9.5888 		27.2992 		4.0564
v -9.5799 		27.2952 		4.0619
v -13.848 		45.386 		19.137
v -9.897 		27.589 		3.83
v -21.97 		1.299 		0.868
v -9.9257 		27.5318 		3.83
v -21.281 		0.385 		0.868
v -11.778 		-9.196 		7.875
v -22.039 		1.262 		0.436
v -10.108 		27.701 		3.83
v -21.342 		0.338 		0.436
v -12.111 		-8.578 		7.337
v -11.273 		-8.578 		7.627
v -11.273 		-9.216 		7.667
v -12.216 		-8.578 		7.423
v -16.86 		-0.026 		3.536
v -9.941 		27.6126 		3.7968
v -11.39 		-8.578 		7.038
v -9.9643 		27.8595 		3.6844
v -3.356 		5.01 		3.214
v -11.765 		-8.578 		7.152
v -9.932 		27.565 		3.8164
v -2.961 		5.797 		3.214
v -13.961 		45.083 		19.309
v -11 		-9.852 		7.761
v -13.848 		45.106 		18.54
v -10.464 		-9.831 		7.864
v -9.9796 		27.94 		3.6436
v -10.727 		-9.847 		7.787
v -3.034 		4.838 		2.868
v -11.235 		45.926 		17.932
v -2.612 		5.679 		2.868
v -10.889 		45.786 		18.036
v -2.75 		4.685 		2.5
v -9.8567 		27.3645 		3.9063
v -11 		-9.219 		7.64
v -9.8956 		27.374 		3.8845
v -2.303 		5.575 		2.5
v -9.9684 		27.3728 		3.9133
v -9.9185 		27.3736 		3.8936
v -10.784 		45.721 		18.084
v -11 		-9.971 		7.176
v -2.506 		4.554 		2.113
v -10.61 		-9.964 		7.213
v -10.586 		45.597 		18.176
v -20.66 		33 		0
v -1.522 		6.439 		1.71
v -1.422 		7.5 		1.71
v -21.397 		31.42 		0
v -21.848 		29.736 		0
v -22 		28 		0
v -1.341 		6.41 		1.294
v -11.149 		45.362 		18.35
v -1.239 		7.5 		1.294
v -18.428 		35.66 		0
v -19.66 		34.428 		0
v -1.17 		6.214 		0.684
v -11 		-9.279 		7.044
v -13.176 		31.618 		0
v -13.618 		31.176 		0
v -13.7076 		31 		0
v -9 		-13.023 		13.44
v -9 		-13.051 		14
v -13 		31 		0
v -9.039 		-12.676 		13.484
v -9.039 		-12.702 		14
v -10.61 		-9.275 		7.082
v -11.5 		28 		0
v -1.211 		6.388 		0.868
v -11.273 		-9.847 		7.787
v -13.7115 		30.9923 		0
v -9.152 		-12.342 		13.526
v -9.152 		-12.366 		14
v -13.7116 		30.9921 		0
v -12.9963 		30.9997 		0
v -17.834 		-0.179 		3.214
v -16.931 		-0.404 		3.214
v -13.7382 		30.9399 		0
v -9.627 		-13.295 		14
v -9.836 		-12.355 		14
v -11.536 		-9.831 		7.864
v -9.707 		-12.572 		14
v -9.627 		-12.807 		14
v -9.6 		-13.051 		14
v -11.851 		-9.793 		8.049
v -11.99 		-9.771 		8.16
v -11.778 		-9.805 		7.991
v -17.961 		-0.503 		2.868
v -16.996 		-0.744 		2.868
v -11.222 		45.408 		18.316
v -11.01 		45.276 		18.414
v -4.826 		31.683 		1.294
v -18.073 		-0.79 		2.5
v -10.337 		45.368 		18.346
v -1.106 		7.5 		0.868
v -11.39 		-9.964 		7.213
v -11.765 		-9.941 		7.324
v -12.111 		-9.904 		7.504
v -5.9118 		31.7298 		1.3961
v -6 		31.7306 		1.4118
v -11.765 		-9.264 		7.195
v -5.7826 		31.7288 		1.3732
v -12.111 		-9.245 		7.379
v -5.3652 		31.7265 		1.2954
v -5.3582 		31.7265 		1.294
v -5.5453 		31.7266 		1.331
v -10.784 		45.339 		17.449
v -15.065 		5.78 		5.917
v -9.627 		-13.266 		13.41
v -9.6 		-13.023 		13.44
v -4.8192 		31.7187 		1.1682
v -4.7215 		31.7008 		1.147
v -4.4116 		31.648 		1.0656
v -4.3368 		31.6352 		1.0459
v -17.053 		-1.044 		2.5
v -9.707 		-12.547 		13.5
v -9.836 		-12.331 		13.527
v -18.17 		-1.036 		2.113
v -17.102 		-1.302 		2.113
v -4.162 		31.6053 		1
v -18.867 		-0.111 		2.868
v -9.627 		-12.78 		13.471
v -5.3173 		31.7255 		1.286
v -19.031 		-0.375 		2.5
v -4.8795 		31.7195 		1.1825
v -5.0332 		31.7215 		1.2188
v -20.078 		-0.013 		2.113
v -9.039 		-13.37 		13.396
v -9.152 		-13.703 		13.354
v -19.172 		-0.602 		2.113
v -9.152 		-13.736 		14
v -9.039 		-13.4 		14
v -4.988 		28.081 		4.532
v -12.216 		-9.887 		7.588
v -5.486 		28.205 		4.532
v -13.042 		4.5 		4.532
v -6 		28.247 		4.532
v -10.586 		45.225 		17.557
v -4.25 		28.315 		4.33
v -4.803 		28.554 		4.33
v -18.25 		-1.24 		1.71
v -13.606 		4.5 		4.698
v -11.727 		45.566 		18.199
v -12.273 		45.566 		18.199
v -13.33 		35.544 		1.286
v -13.31 		5.29 		5.917
v -13.422 		36.067 		1.147
v -9.707 		-13.53 		14
v -9.896 		-13.812 		14
v -9.836 		-13.747 		14
v -1.2409 		6.1882 		0.7205
v -1.2049 		6.2889 		0.684
v -9.586 		-14.316 		14
v -9.423 		-14.139 		14
v -9.337 		-14.045 		14
v -10.01 		-13.936 		14
v -17.142 		-1.515 		1.71
v -10.222 		-14.092 		14
v -7.468 		35.849 		0.845
v -12.5 		4.5 		4.33
v -7.302 		36.138 		0.684
v -7.17 		36.365 		0.518
v -9.896 		-13.779 		13.345
v -9.836 		-13.714 		13.353
v -15.2003 		5.4536 		4.9099
v -15.3581 		5.5317 		4.9133
v -9.707 		-13.499 		13.38
v -15.1819 		5.4445 		4.9095
v -12.216 		-9.237 		7.464
v -11.464 		45.506 		18.243
v -7.904 		35.094 		1.147
v -12 		45.587 		18.184
v -18.365 		-1.83 		0.518
v -7.67 		35.5 		1
v -11.39 		-9.275 		7.082
v -1.1696 		6.3816 		0.6389
v -1.1973 		6.3089 		0.6743
v -6.174 		34.943 		0.845
v -11.727 		45.196 		17.584
v -12.414 		-9.855 		7.747
v -12 		45.215 		17.566
v -12.663 		-9.795 		8.042
v -12.663 		-9.19 		7.927
v -12.273 		45.196 		17.584
v -12.414 		-9.221 		7.626
v -1.1158 		6.7173 		0.518
v -12.414 		-8.578 		7.586
v -12.663 		-8.578 		7.889
v -11.464 		45.141 		17.636
v -1.0965 		6.817 		0.4639
v -1.0866 		6.868 		0.436
v -6.132 		32.924 		1.286
v -9.586 		-10.473 		7.946
v -9.423 		-10.415 		8.133
v -12 		46.041 		17.847
v -11.61 		46.012 		17.868
v -7.868 		32.924 		1.532
v -9.889 		-10.547 		7.711
v -7.455 		33.417 		1.414
v -10.222 		-10.399 		8.182
v -7.076 		33.868 		1.286
v -11.235 		45.528 		17.271
v -11.235 		45.071 		16.667
v -8.17 		34.634 		1.286
v -10.889 		45.399 		17.393
v -6.735 		34.275 		1.147
v -1.0315 		7.5 		0.4606
v -1.0302 		7.4809 		0.4434
v -1.0296 		7.4726 		0.436
v -9.889 		-11.164 		7.997
v -6.433 		34.634 		1
v -10.235 		-11.236 		7.83
v -10.235 		-10.601 		7.537
v -9.38 		35.198 		1.286
v -12 		45.635 		17.171
v -10.727 		-10.461 		7.985
v -9.198 		35.698 		1.147
v -10.464 		-10.437 		8.06
v -11.61 		45.608 		17.196
v -18.313 		-1.4 		1.294
v -12 		45.167 		16.553
v -9.038 		36.138 		1
v -11 		-10.469 		7.959
v -11.61 		45.143 		16.582
v -11 		-10.646 		7.393
v -10.61 		-10.635 		7.429
v -10.772 		34.964 		1.414
v -12 		35.071 		1.414
v -13.111 		45.786 		18.036
v -12.765 		45.926 		17.932
v -10.67 		35.544 		1.286
v -11.273 		-10.461 		7.985
v -12 		35.66 		1.286
v -17.174 		-1.683 		1.294
v -11.778 		-10.399 		8.182
v -10.578 		36.067 		1.147
v -12 		36.192 		1.147
v -12.536 		45.506 		18.243
v -12.778 		45.408 		18.316
v -18.138 		-1.698 		0.684
v -11.4985 		27.9999 		0
v -15.36 		5.5326 		4.9133
v -15.7666 		5.7268 		4.9042
v -15.7671 		5.727 		4.9042
v -15.5987 		5.6475 		4.9104
v -12.99 		45.276 		18.414
v -18.358 		-1.515 		0.868
v -15.5658 		5.632 		4.9116
v -15.8448 		5.7628 		4.8991
v -16 		5.8344 		4.8891
v -16.2768 		5.9592 		4.8641
v -16.2773 		5.9594 		4.8641
v -16.1676 		5.91 		4.874
v -17.1954 		-1.7651 		1
v -17.1898 		-1.7662 		1.0013
v -17.3473 		-1.74 		0.9575
v -17.3959 		-1.732 		0.9439
v -10.01 		-13.903 		13.329
v -12.39 		46.012 		17.868
v -9.337 		-14.011 		13.316
v -12.536 		45.141 		17.636
v -16.384 		6.0066 		4.8519
v -9.039 		-13.279 		12.801
v -15.392 		5.477 		4.924
v -9 		-12.939 		12.887
v -15.584 		5.561 		4.924
v -9 		-12.8 		12.349
v -17.6678 		-1.6868 		0.868
v -15.3641 		5.5346 		4.9132
v -15.3906 		5.5474 		4.913
v -13.414 		45.597 		18.176
v -13.577 		45.447 		18.287
v -9.039 		-12.598 		12.974
v -13.663 		45.368 		18.346
v -15.5577 		5.6282 		4.9119
v -13.414 		45.225 		17.557
v -13.497 		27.818 		0
v -13.577 		45.087 		17.687
v -15.433 		27.276 		0
v -16.3976 		-1.775 		1.1945
v -16.384 		26.8133 		0
v -16.6216 		-1.7703 		1.147
v -13.111 		45.399 		17.393
v -12.765 		45.528 		17.271
v -12.39 		45.608 		17.196
v -1.0583 		7.168 		0.436
v -21.848 		26.264 		0
v -12.39 		45.142 		16.582
v -12.765 		45.071 		16.667
v -21.7211 		25.7901 		0
v -10.038 		44.454 		19.667
v -10.038 		44.632 		20.171
v -10 		44.769 		19.488
v -10 		44.961 		20.035
v -16.7079 		-1.7695 		1.1249
v -16.8838 		-1.7683 		1.0798
v -10.152 		44.315 		20.302
v -10.152 		44.152 		19.838
v -18.3758 		-1.561 		0.584
v -11.536 		-10.437 		8.06
v -17.7525 		-1.6698 		0.845
v -12.111 		-10.547 		7.711
v -18.006 		-1.6222 		0.7575
v -18.0344 		-1.6171 		0.7461
v -18.1626 		-1.5944 		0.6944
v -18.1884 		-1.5899 		0.684
v -17.7928 		-1.6622 		0.8311
v -10.038 		44.231 		19.189
v -10 		44.526 		18.97
v -10 		44.236 		18.487
v -10.038 		44.822 		18.751
v -9.039 		-12.471 		12.478
v -10.038 		43.963 		18.744
v -9.132 		32.967 		1.638
v -9.627 		-13.177 		12.827
v -10.038 		33.39 		1.638
v -8.786 		33.567 		1.532
v -9.6 		-12.939 		12.887
v -9.802 		34.04 		1.532
v -9.707 		-12.471 		13.007
v -9.627 		-12.701 		12.948
v -9.707 		-12.347 		12.526
v -8.464 		34.124 		1.414
v -9.582 		34.645 		1.414
v -1.1627 		8.1454 		0.845
v -1.1527 		8.0908 		0.8182
v -1.1153 		7.8882 		0.7188
v -9.6 		-12.8 		12.349
v -11.132 		32.924 		1.732
v -9.627 		-12.569 		12.439
v -12 		33 		1.732
v -14.298 		5.075 		4.83
v -1.1023 		7.8172 		0.684
v -1.0933 		7.7751 		0.6567
v -13.642 		4.886 		4.698
v -1.0477 		7.5608 		0.518
v -11.004 		33.649 		1.638
v -1.0396 		7.5304 		0.4893
v -12 		33.736 		1.638
v -10.884 		34.33 		1.532
v -12 		34.428 		1.532
v -20.228 		-0.179 		1.71
v -19.289 		-0.79 		1.71
v -11.39 		-10.635 		7.429
v -11.765 		-10.601 		7.537
v -1.0639 		7.0503 		0.347
v -10.152 		43.947 		19.4
v -17.25 		26.392 		0
v -10.152 		43.418 		18.617
v -13.377 		4.895 		4.788
v -18.892 		25.193 		0
v -14.1674 		5.12 		4.7985
v -14.2479 		5.1475 		4.8122
v -14.336 		5.1777 		4.8272
v -9.152 		-13.606 		12.717
v -14.1642 		5.1189 		4.7979
v -14.1661 		5.1195 		4.7982
v -1.0494 		7.1486 		0.2633
v -14.1142 		5.1013 		4.788
v -9.586 		-14.28 		13.282
v -10.152 		43.701 		18.991
v -1.0337 		7.3706 		0.347
v -10.222 		-14.057 		13.31
v -1.0333 		7.2525 		0.174
v -1.0341 		7.2529 		0.1749
v -1.0337 		7.3529 		0.3209
v -9.423 		-14.104 		13.304
v -7.076 		32.132 		1.532
v -19.353 		24.7119 		0
v -20.365 		32.83 		0.518
v -6.583 		32.545 		1.414
v -9.5 		32.33 		1.732
v -20.346 		-0.31 		1.294
v -9.707 		-13.406 		12.768
v -8.313 		32.394 		1.638
v -19.381 		-0.937 		1.294
v -10.01 		-13.802 		12.667
v -18.529 		-1.924 		0.347
v -18.627 		-1.981 		0.174
v -11.266 		32.162 		1.813
v -9.836 		-13.617 		12.714
v -9.896 		-13.681 		12.698
v -10.29 		32.698 		1.732
v -11.39 		-11.28 		7.728
v -11 		-11.295 		7.693
v -10.222 		-13.954 		12.628
v -10.61 		-11.28 		7.728
v -20.431 		-0.404 		0.868
v -10.61 		-11.891 		8.106
v -19.447 		-1.044 		0.868
v -1.0255 		7.2489 		0.1488
v -20.529 		32.924 		0.347
v -1.0054 		7.2397 		0.083
v -20.627 		32.981 		0.174
v -9.896 		-5.839 		9.851
v -9.423 		-5.839 		10.216
v -10.6 		44.961 		20.035
v -10.707 		44.508 		20.222
v -10.704 		-5.839 		7.634
v -10.61 		-5.839 		7.038
v -10.578 		-5.839 		7.048
v -10.836 		44.304 		20.306
v -20.138 		32.698 		0.684
v -10.627 		44.73 		20.13
v -20.138 		30.962 		1
v -11.01 		44.125 		20.38
v -20.067 		29.422 		1.147
v -10.6 		44.769 		19.488
v -20.517 		31.1 		0.845
v -10.707 		44.337 		19.733
v -10.836 		44.142 		19.844
v -20.83 		31.214 		0.684
v -10.627 		44.549 		19.613
v -21.077 		31.304 		0.518
v -19.487 		-1.108 		0.436
v -18.4496 		-1.5358 		0.5482
v -21.254 		31.368 		0.347
v -18.5122 		-1.5145 		0.518
v -2.34 		-3.428 		0
v -3.572 		-4.66 		0
v -5 		-5.66 		0
v -21.361 		31.407 		0.174
v -10.586 		43.629 		20.135
v -10.337 		44.023 		20.422
v -10.337 		43.873 		19.997
v -20.529 		29.504 		1
v -18.5394 		-1.5064 		0.4988
v -20.925 		29.574 		0.845
v -21.254 		29.632 		0.684
v -14.5847 		5.2585 		4.858
v -14.5836 		5.2582 		4.8579
v -14.3521 		5.1832 		4.83
v -9.586 		-14.172 		12.573
v -14.7808 		5.3205 		4.8774
v -14.8992 		5.3579 		4.8891
v -15.0012 		5.3892 		4.8967
v -15.1544 		5.4363 		4.9082
v -11.149 		43.879 		19.993
v -9.423 		-13.999 		12.617
v -11.222 		43.831 		20.021
v -9.337 		-13.908 		12.64
v -18.6281 		-1.4798 		0.436
v -10.235 		-14.704 		14
v -9.889 		-14.538 		14
v -9.889 		-14.501 		13.254
v -9.889 		-14.389 		12.518
v -10.235 		-14.665 		13.233
v -10.235 		-14.55 		12.476
v -10.152 		32.778 		15.249
v -10.337 		32.912 		14.921
v -12.164 		-12.355 		14
v -12.164 		-12.331 		13.527
v -10.727 		-14.279 		14
v -10.464 		-14.208 		14
v -11 		-14.303 		14
v -3.366 		-2.567 		1
v -18.6871 		-1.4567 		0.3963
v -18.76 		-1.4282 		0.347
v -3.057 		-2.826 		0.845
v -18.8553 		-1.3937 		0.237
v -18.8895 		-1.3813 		0.1977
v -2.802 		-3.04 		0.684
v -10 		32.042 		15.691
v -10 		32.481 		15.977
v -11.851 		-14.038 		14
v -10.038 		32.633 		15.606
v -11.778 		-14.092 		14
v -12.164 		-13.747 		14
v -2.601 		-3.209 		0.518
v -2.456 		-3.33 		0.347
v -10.038 		32.33 		16.348
v -2.369 		-3.403 		0.174
v -18.9101 		-1.3738 		0.174
v -11.99 		-13.936 		14
v -18.938 		-1.3682 		0.069
v -3.96 		-4.198 		0.684
v -10.038 		32.228 		15.342
v -3.791 		-4.399 		0.518
v -11.273 		-14.279 		14
v -10.152 		32.06 		14.717
v -3.67 		-4.544 		0.347
v -11.536 		-14.208 		14
v -3.597 		-4.631 		0.174
v -12.164 		-13.714 		13.353
v -5.455 		-2.417 		1.414
v -1.471 		4.504 		1
v -5.076 		-2.868 		1.286
v -11.851 		-14.004 		13.317
v -5.904 		-4.094 		1.147
v -10.152 		32.406 		15.007
v -1.075 		4.574 		0.845
v -4.735 		-3.275 		1.147
v -4.433 		-3.634 		1
v -4.174 		-3.943 		0.845
v -2.303 		4.446 		1.71
v -8.038 		-2.39 		1.638
v -10.337 		32.571 		14.698
v -7.802 		-3.04 		1.532
v -11.99 		-13.903 		13.329
v -13.9596 		5.0495 		4.7574
v -13.6602 		4.9492 		4.698
v -13.5318 		4.9041 		4.665
v -13.3844 		4.8511 		4.6231
v -13.6079 		4.9308 		4.6846
v -11.222 		43.978 		20.44
v -11.149 		44.029 		20.42
v -11 		-14.16 		12.576
v -10.727 		-14.136 		12.582
v -1.933 		4.422 		1.147
v -11 		-14.267 		13.283
v -11.235 		43.127 		20.008
v -10.464 		-14.172 		13.295
v -11.235 		43.28 		20.334
v -10.727 		-14.243 		13.286
v -1.819 		5.411 		1.71
v -10.464 		-14.067 		12.6
v -12.5181 		4.6929 		4.33
v -12.813 		4.749 		4.4379
v -12.3845 		4.6646 		4.2705
v -10.889 		43.429 		20.249
v -11.273 		-14.243 		13.286
v -6.786 		-2.567 		1.532
v -11.536 		-14.172 		13.295
v -11.778 		-14.057 		13.31
v -7.582 		-3.645 		1.414
v -6.464 		-3.124 		1.414
v -10.586 		32.715 		14.427
v -10.784 		43.498 		20.21
v -6.17 		-3.634 		1.286
v -20.482 		-0.46 		0.436
v -13.0701 		4.7978 		4.532
v -13.249 		4.8281 		4.5838
v -13.0694 		4.7977 		4.5317
v -13.312 		4.8388 		4.6021
v -10.337 		43.685 		19.594
v -12.8243 		4.7511 		4.4421
v -12.164 		-13.617 		12.714
v -11.99 		-13.802 		12.667
v -11.01 		43.777 		19.526
v -21.513 		29.677 		0.518
v -5.67 		-4.5 		1
v -10 		-2 		1.732
v -5.468 		-4.849 		0.845
v -5.302 		-5.138 		0.684
v -21.698 		29.71 		0.347
v -10.337 		32.253 		14.432
v -21.811 		29.73 		0.174
v -5.17 		-5.365 		0.518
v -5.076 		-5.529 		0.347
v -20.192 		28 		1.147
v -5.019 		-5.627 		0.174
v -11.273 		-14.136 		12.582
v -7.38 		-4.198 		1.286
v -7.198 		-4.698 		1.147
v -11.778 		-13.954 		12.628
v -13.087 		4.023 		4.532
v -11.536 		-14.067 		12.6
v -11.851 		-13.901 		12.642
v -2.144 		4.361 		1.294
v -10.038 		31.851 		15.027
v -12.216 		-14.314 		12.536
v -10.61 		-14.805 		14
v -11 		-14.84 		14
v -16.305 		4.009 		4.981
v -12.111 		-14.539 		14
v -11.765 		-14.704 		14
v -12.216 		-14.461 		14
v -11.39 		-14.806 		14
v -1.646 		5.353 		1.294
v -15.695 		4.009 		4.981
v -10.152 		31.743 		14.383
v -7.038 		-5.138 		1
v -6.9 		-5.517 		0.845
v -10.61 		-14.649 		12.451
v -6.786 		-5.83 		0.684
v -11 		-14.683 		12.443
v -11 		-14.801 		13.216
v -10.61 		-14.766 		13.221
v -15.608 		4.066 		4.981
v -10.337 		31.962 		14.125
v -11.765 		-14.55 		12.476
v -12.111 		-14.389 		12.518
v -11.765 		-14.665 		13.233
v -11.7733 		4.53 		3.9783
v -11.9446 		4.5704 		4.0702
v -12.111 		-14.501 		13.254
v -12.216 		-14.425 		13.264
v -20.66 		28 		1
v -11.149 		43.69 		19.59
v -21.063 		28 		0.845
v -21.397 		28 		0.684
v -11.01 		43.971 		19.941
v -9.889 		0.724 		0
v -9.586 		0.947 		0
v -9.5373 		1 		0
v -9.9493 		0.6953 		0
v -21.659 		28 		0.518
v -9.9539 		0.693 		0
v -21.848 		28 		0.347
v -10.0643 		0.6404 		0
v -21.962 		28 		0.174
v -11.222 		43.645 		19.624
v -10.889 		43.073 		19.581
v -10.889 		43.267 		19.904
v -10.784 		43.133 		19.525
v -14.62 		35.198 		1.286
v -2.1181 		4.3469 		1.1972
v -14.802 		35.698 		1.147
v -16.096 		35.094 		1.147
v -1.6455 		5.1546 		1
v -10.784 		43.332 		19.856
v -10.0648 		0.6401 		0
v -10.235 		0.559 		0
v -10.0818 		0.6321 		0
v -10.24 		0.5576 		0
v -16.33 		35.5 		1
v -10.2667 		0.5504 		0
v -10.586 		43.455 		19.764
v -10.2673 		0.5502 		0
v -10.3371 		0.5313 		0
v -10.3374 		0.5312 		0
v -10.4338 		0.5051 		0
v -14.198 		34.04 		1.532
v -10.4348 		0.5048 		0
v -11.464 		43.726 		20.08
v -1.5447 		5.3187 		0.9461
v -1.9783 		4.5914 		1.147
v -1.8404 		4.8247 		1.0861
v -1.9207 		4.6888 		1.1215
v -2.0917 		4.3941 		1.1892
v -14.868 		32.967 		1.638
v -15.214 		33.567 		1.532
v -16.132 		32.924 		1.532
v -10.382 		31.176 		9
v -14.418 		34.645 		1.414
v -10.824 		31.618 		9
v -10.586 		31.214 		9
v -8.884 		-3.33 		1.532
v -15.536 		34.124 		1.414
v -10.784 		31.36 		9
v -8.772 		-3.964 		1.414
v -10.4435 		0.5025 		0
v -12 		43.641 		20.129
v -10.24 		0.8496 		0
v -10.1266 		1 		0
v -10.889 		31.437 		9
v -10.5169 		0.4826 		0
v -8.67 		-4.544 		1.286
v -8.578 		-5.067 		1.147
v -8.496 		-5.529 		1
v -15.83 		34.634 		1.286
v -16.532 		35.849 		0.845
v -7.053 		31.044 		2.5
v -16.698 		36.138 		0.684
v -7.102 		31.302 		2.113
v -18.78 		14.661 		10.725
v -8.17 		31.036 		2.113
v -16.83 		36.365 		0.518
v -19.1194 		15.775 		10.45
v -19.2863 		15.5226 		10.24
v -19.1983 		16 		10.3831
v -11.727 		43.662 		20.117
v -12.273 		43.662 		20.117
v -8.555 		-0.971 		1.813
v -19.1986 		16.002 		10.3825
v -8.29 		-1.698 		1.732
v -18.446 		13.362 		10.725
v -12 		43.011 		20.093
v -17.8176 		13.6006 		11.3492
v -1.4785 		5.5006 		0.9032
v -18 		13.9798 		11.2724
v -17.826 		34.943 		0.845
v -17.2704 		12.5242 		11.4053
v -12 		43.157 		20.404
v -17.2702 		12.5239 		11.4053
v -1.4242 		5.6498 		0.868
v -17.7281 		13.4244 		11.3585
v -17.2071 		12.4063 		11.3932
v -18.04 		35.198 		0.684
v -1.3901 		5.7526 		0.845
v -18.209 		35.399 		0.518
v -3.607 		4.077 		2.868
v -11.61 		43.041 		20.071
v -18.33 		35.544 		0.347
v -11.61 		43.188 		20.386
v -18.403 		35.631 		0.174
v -16.545 		33.417 		1.414
v -16.924 		33.868 		1.286
v -17.868 		32.924 		1.286
v -17.265 		34.275 		1.147
v -18.275 		33.265 		1.147
v -6.0111 		31.7288 		1.414
v -17.567 		34.634 		1
v -7.606 		31.687 		1.638
v -8.929 		-5.273 		18
v -11.39 		-14.649 		12.451
v -11.39 		-14.766 		13.221
v -3.5516 		8.043 		3.83
v -3.7817 		7.8547 		3.966
v -7.142 		31.515 		1.71
v -3.5509 		8.0435 		3.8295
v -9 		-5.536 		18.871
v -12.962 		-12.702 		14
v -12.848 		-12.366 		14
v -17.1436 		12.288 		11.3811
v -13 		-0.32 		8.505
v -13 		-0.3201 		8.505
v -13 		-0.3201 		8.505
v -19.5573 		15.1127 		9.899
v -12.293 		-12.572 		14
v -11.39 		0.441 		10.272
v -19.508 		14.527 		9.899
v -19.5588 		15.11 		9.8968
v -13 		-13.051 		14
v -11 		0.456 		10.307
v -11.727 		43.486 		19.741
v -11.464 		43.547 		19.696
v -12.373 		-12.807 		14
v -12.373 		-13.295 		14
v -10.727 		0.213 		9.742
v -12.4 		-13.051 		14
v -11 		0.223 		9.766
v -12.962 		-12.676 		13.484
v -12.848 		-12.342 		13.526
v -8.1898 		31.2433 		1.7311
v -12.373 		-12.78 		13.471
v -12.293 		-12.547 		13.5
v -8.1024 		31.2707 		1.7207
v -8.0189 		31.2974 		1.71
v -11 		0.785 		9.419
v -5.108 		4.299 		3.83
v -12.273 		43.486 		19.741
v -12.4 		-13.023 		13.44
v -4.553 		4.814 		3.83
v -4.103 		5.411 		3.83
v -12 		43.466 		19.756
v -18.943 		33.826 		0.845
v -19.198 		34.04 		0.684
v -7.0571 		31.5758 		1.5786
v -6.7191 		31.6224 		1.532
v -19.141 		13.098 		9.899
v -11.273 		0.213 		9.742
v -7.1511 		31.5628 		1.5916
v -19.399 		34.209 		0.518
v -6.483 		31.6578 		1.4927
v -6.5717 		31.6445 		1.5074
v -19.544 		34.33 		0.347
v -19.631 		34.403 		0.174
v -4.208 		4.546 		3.536
v -19.916 		14.4519 		9.3493
v -19.9151 		14.4536 		9.3507
v -20.08 		14.0308 		8.999
v -19.778 		12.856 		8.999
v -20.0809 		14.0276 		8.9964
v -20.2853 		13.3077 		8.3975
v -18.634 		33.567 		1
v -20.3553 		13.0607 		8.192
v -11.765 		0.397 		10.17
v -20.995 		15.775 		10.45
v -12.111 		0.325 		10.003
v -18 		8.54 		10.772
v -18 		11.312 		11.92
v -7.6205 		31.4176 		1.6593
v -16.7365 		11.312 		11.92
v -16.7553 		11.5561 		11.3305
v -12.216 		0.292 		9.926
v -16.7553 		11.5562 		11.3304
v -17.902 		12.143 		10.725
v -11.765 		0.998 		9.798
v -16.756 		11.5659 		11.307
v -17.1835 		11.6779 		11.0365
v -17.6764 		11.8069 		10.725
v -14.113 		31.66 		1.813
v -10.707 		44.12 		19.271
v -10.6 		44.526 		18.97
v -10.627 		44.989 		19.363
v -18 		11.905 		10.4882
v -17.872 		11.8662 		10.5818
v -8.969 		-5.421 		18.495
v -11.273 		0.772 		9.396
v -10.627 		44.319 		19.123
v -14.717 		31.237 		1.813
v -14.5 		32.33 		1.732
v -8.934 		-5.289 		18.056
v -8.947 		-5.339 		18.221
v -15.214 		31.83 		1.732
v -15.83 		31.214 		1.732
v -15.687 		32.394 		1.638
v -11.778 		0.673 		9.219
v -18.542 		11.757 		9.899
v -18 		10.9497 		9.899
v -12.216 		0.869 		9.569
v -11.536 		0.734 		9.329
v -16.394 		31.687 		1.638
v -10.707 		44.932 		18.669
v -12.111 		0.91 		9.642
v -16.924 		32.132 		1.532
v -17.567 		31.214 		1.532
v -10.627 		44.733 		18.816
v -17.417 		32.545 		1.414
v -9 		6.54 		10.312
v -9 		7.4309 		10.681
v -18.124 		31.536 		1.414
v -11.5015 		7.6542 		10.0478
v -11.5 		7.515 		9.899
v -11.5 		7.6542 		10.0479
v -11.7085 		7.6594 		10.0331
v -12.288 		7.6739 		9.992
v -9 		7.7167 		9.8707
v -11 		-5 		18
v -10.1827 		7.6871 		9.9544
v -10.627 		44.045 		18.667
v -10.088 		7.644 		9.899
v -10.0956 		7.6893 		9.9482
v -9 		7.7711 		9.7163
v -11 		-5.825 		20.543
v -7.4529 		31.4682 		1.638
v -9 		7.7712 		9.7159
v -7.3774 		31.4919 		1.6264
v -9.8634 		7.7067 		9.899
v -11.5 		6.807 		8.999
v -18.634 		31.83 		1.286
v -10.6 		44.236 		18.487
v -9.97 		6.947 		8.999
v -9.039 		-5.683 		19.343
v -19.094 		32.096 		1.147
v -9 		7.7798 		9.6917
v -9 		7.4524 		9.2874
v -9 		7.2184 		8.999
v -12.373 		-13.266 		13.41
v -13 		-13.023 		13.44
v -11.01 		43.544 		19.139
v -10.836 		43.937 		19.407
v -9 		7.1348 		8.8757
v -12.848 		-13.736 		14
v -8.4289 		7.1954 		8.7295
v -12.962 		-13.4 		14
v -19.129 		11.404 		8.999
v -10.836 		43.692 		18.999
v -18 		10.3084 		9.4291
v -12.962 		7.6936 		9.936
v -13.1366 		7.7067 		9.899
v -12.912 		7.644 		9.899
v -18.248 		10.091 		8.999
v -13.1411 		7.7071 		9.8979
v -12.414 		-14.316 		14
v -12.9044 		7.6893 		9.9482
v -14.3565 		7.8099 		9.6061
v -12.663 		-14.045 		14
v -17.2543 		9.2142 		9.1442
v -17.0123 		9.1454 		9.3102
v -13.9949 		7.7793 		9.6932
v -13.03 		6.947 		8.999
v -17.163 		8.958 		8.999
v -18 		9.832 		8.999
v -12.293 		-13.53 		14
v -17.4659 		9.2743 		8.999
v -16.4587 		9.0232 		9.6053
v -11.5 		6.17 		8.03
v -12.293 		-13.499 		13.38
v -9.864 		6.32 		8.03
v -18 		9.4466 		8.5828
v -18 		9.5109 		8.6522
v -17.9681 		9.4363 		8.6077
v -12.663 		-14.011 		13.316
v -12.848 		-13.703 		13.354
v -12.962 		-13.37 		13.396
v -9.283 		31.237 		1.813
v -20.352 		12.638 		8.03
v -20.4105 		12.866 		8.03
v -9.887 		31.66 		1.813
v -20.4625 		12.5962 		7.8055
v -20.4624 		12.5965 		7.8058
v -20.4723 		12.288 		7.5492
v -12.373 		-12.701 		12.948
v -12.293 		-12.471 		13.007
v -8.786 		31.83 		1.732
v -11 		-5.609 		19.904
v -8.2447 		31.2265 		1.7366
v -8.197 		31.241 		1.732
v -11 		-5.425 		19.343
v -12.962 		-12.598 		12.974
v -11 		-5.273 		18.871
v -11 		-5.154 		18.495
v -11.222 		43.422 		19.253
v -11 		-5.068 		18.221
v -12.373 		-13.177 		12.827
v -11.149 		43.464 		19.214
v -11 		-5.017 		18.056
v -12.962 		-13.279 		12.801
v -12.4 		-12.939 		12.887
v -10.337 		43.459 		19.218
v -10.555 		31.971 		1.813
v -10.308 		31.0307 		1.8745
v -13 		-12.939 		12.887
v -10.2924 		31 		1.8763
v -10.382 		31.176 		1.8662
v -10.586 		43.247 		19.418
v -12.4 		-12.8 		12.349
v -12.293 		-12.347 		12.526
v -21.2984 		12.8774 		6.2548
v -20.993 		12.3949 		6.6665
v -12.373 		-12.569 		12.439
v -11.536 		0.182 		9.67
v -11.99 		0.064 		9.397
v -11.851 		0.108 		9.499
v -12.962 		-12.471 		12.478
v -13 		-12.8 		12.349
v -10.707 		43.563 		18.446
v -9.586 		-1.618 		10.374
v -10.707 		43.861 		18.84
v -20.993 		12.3949 		6.6665
v -11.778 		0.132 		9.554
v -21.3806 		13.0072 		6.144
v -20.9085 		12.288 		6.7446
v -12.414 		-14.172 		12.573
v -12.663 		-13.908 		12.64
v -21.549 		13.2733 		5.917
v -12.414 		-14.28 		13.282
v -10.836 		43.41 		18.626
v -12.848 		-13.606 		12.717
v -9.889 		-1.594 		10.621
v -10.7207 		31.5147 		1.8528
v -10.235 		-1.575 		10.805
v -10.824 		31.618 		1.8468
v -12.293 		-13.406 		12.768
v -11.149 		43.204 		18.87
v -11.222 		43.165 		18.915
v -11.01 		43.276 		18.785
v -11.3176 		31.8692 		1.8373
v -11.3168 		31.8688 		1.8374
v -11.0744 		31.7455 		1.842
v -9.039 		-1.721 		9.356
v -11.382 		31.902 		1.8351
v -9.152 		-1.683 		9.729
v -19.5 		32.33 		1
v -19.849 		32.532 		0.845
v -8.278 		6.763 		8.03
v -11.765 		-10.078 		11.331
v -11.5 		5.608 		7
v -9.423 		-1.638 		10.177
v -9.771 		5.766 		7
v -11.39 		-10.024 		11.427
v -9.337 		-1.649 		10.073
v -10.337 		43.199 		18.875
v -13.962 		33.39 		1.638
v -9.836 		-1.682 		9.741
v -10.1399 		29.2997 		7
v -10.1924 		29.1965 		7
v -10.0033 		29.9792 		7
v -10.0857 		29.4593 		7
v -10.0554 		30.3492 		7
v -10.0177 		30.1117 		7
v -10.222 		-1.643 		10.125
v -10.01 		-1.661 		9.952
v -10.152 		29.264 		7
v -9.896 		-1.675 		9.814
v -10 		29.949 		7
v -10.038 		29.6 		7
v -10.038 		30.298 		7
v -13.71 		32.698 		1.732
v -12.111 		-9.564 		10.85
v -10.337 		30.943 		11.222
v -12.216 		-9.589 		10.769
v -9.627 		-1.733 		9.24
v -11.5 		5.124 		5.917
v -12.111 		-9.873 		10.994
v -9.707 		-1.706 		9.501
v -12.216 		-9.907 		10.916
v -12.216 		-10.207 		11.102
v -9.152 		-1.837 		8.208
v -9.039 		-1.799 		8.581
v -9.197 		4.446 		4.33
v -12.111 		-10.166 		11.175
v -12.164 		0.489 		8.892
v -8.608 		4.299 		4.33
v -11.765 		-9.802 		11.16
v -12.164 		0.962 		8.517
v -10.008 		4.271 		4.096
v -9 		-1.76 		8.969
v -11.851 		0.644 		9.168
v -9.836 		-1.838 		8.196
v -22.1111 		14.3184 		4.9474
v -9.69 		5.29 		5.917
v -22.0035 		14.0673 		5.2018
v -22.142 		14.042 		4.788
v -22.1783 		14.4756 		4.788
v -12 		43.257 		19.409
v -11.727 		43.276 		19.391
v -21.7357 		13.5993 		5.6234
v -12 		43.016 		19.091
v -12.273 		43.033 		19.071
v -12.273 		43.276 		19.391
v -22.4119 		15.1243 		4.096
v -22.3713 		15.0117 		4.216
v -11.778 		-10.067 		10.544
v -13.445 		31.971 		1.813
v -11.99 		-10.135 		10.387
v -19.658 		11.085 		8.03
v -11.851 		-10.09 		10.49
v -18.716 		9.682 		8.03
v -12.6824 		31.8692 		1.8373
v -12.6794 		31.8707 		1.8372
v -11.99 		0.59 		9.072
v -17.555 		8.47 		8.03
v -20.48 		12.0453 		7.3473
v -10.038 		30.298 		11.222
v -20.125 		10.804 		7
v -12.663 		0.111 		9.506
v -10.152 		30.634 		11.222
v -12.414 		0.229 		9.779
v -19.129 		9.32 		7
v -11.464 		43.331 		19.339
v -13.0426 		31.6859 		1.8442
v -13.176 		31.618 		1.8468
v -19.484 		9.009 		5.917
v -11.727 		43.033 		19.071
v -11.464 		43.084 		19.011
v -10.337 		30.943 		9
v -13.2793 		31.5147 		1.8528
v -13.4484 		31.3456 		1.8595
v -13.618 		31.176 		1.8663
v -8.514 		4.795 		4.532
v -9.6 		-1.76 		8.969
v -9.707 		-1.814 		8.436
v -13.7076 		31 		1.8763
v -9.627 		-1.787 		8.697
v -12.99 		44.125 		20.38
v -10.727 		-1.623 		10.333
v -13.848 		31.206 		15.98
v -11 		-1.62 		10.36
v -13.293 		44.337 		19.733
v -11.5 		4.724 		4.788
v -13.961 		31.416 		15.671
v -13.164 		44.142 		19.844
v -10.464 		-1.631 		10.254
v -13.293 		44.508 		20.222
v -13.164 		44.304 		20.306
v -10.0554 		30.3492 		9
v -10.098 		30.618 		9
v -10.152 		30.634 		9
v -19.778 		8.752 		4.788
v -13.961 		31.851 		15.027
v -20.483 		11.95 		7.268
v -20.995 		11.95 		7.268
v -20.6887 		12.0651 		7
v -10 		30 		9
v -10.0177 		30.1117 		9
v -10.0033 		29.9792 		9
v -14 		44.961 		20.035
v -13.4 		44.961 		20.035
v -21.294 		12.28 		5.917
v -20.7781 		12.123 		6.865
v -20.8088 		12.1619 		6.8367
v -20.526 		10.562 		5.917
v -14 		31.633 		15.348
v -13.961 		31.012 		15.245
v -21.655 		12.143 		4.788
v -14 		31.259 		14.954
v -20.859 		10.362 		4.788
v -13.373 		44.73 		20.13
v -6.608 		28.701 		4.33
v -6.697 		29.172 		4.096
v -13.961 		44.632 		20.171
v -7.373 		29.003 		4.096
v -13.848 		44.315 		20.302
v -8.008 		28.729 		4.096
v -22.5717 		15.5678 		3.623
v -22.439 		13.987 		3.623
v -9.75 		4.685 		4.33
v -10.61 		-1.564 		10.918
v -13.961 		31.506 		14.663
v -11 		-1.56 		10.956
v -13.848 		31.743 		14.383
v -12.663 		-10.088 		10.496
v -12.414 		-9.292 		10.504
v -12.414 		-9.97 		10.769
v -9.623 		4.895 		4.788
v -12.414 		-9.638 		10.615
v -11.273 		-1.623 		10.333
v -11.536 		-1.631 		10.254
v -11.765 		-1.575 		10.805
v -11.39 		-1.564 		10.918
v -12.414 		0.792 		9.431
v -22.5728 		15.5714 		3.619
v -12.663 		-9.727 		10.329
v -9.012 		4.919 		4.532
v -12.848 		0.483 		8.882
v -12.663 		0.648 		9.174
v -12.962 		0.745 		8.214
v -10.222 		-11.261 		11.608
v -12.848 		0.955 		8.507
v -10.222 		-11.484 		11.959
v -6.996 		30.744 		2.868
v -22.6125 		15.7932 		3.5029
v -22.581 		15.5999 		3.5869
v -12.293 		0.827 		8.328
v -22.653 		13.948 		2.431
v -8.073 		30.79 		2.5
v -13.373 		44.549 		19.613
v -13.4 		44.769 		19.488
v -6.781 		29.615 		3.83
v -22.6462 		16 		3.413
v -7.539 		29.426 		3.83
v -22.825 		16 		2.431
v -12.293 		0.374 		8.687
v -12.373 		0.249 		8.465
v -12.4 		0.119 		8.234
v -6.86 		30.026 		3.536
v -10.01 		-11.616 		11.867
v -7.693 		29.819 		3.536
v -13 		0.119 		8.234
v -12.962 		0.304 		8.564
v -6.931 		30.404 		3.214
v -10.01 		-11.81 		12.26
v -14 		44.769 		19.488
v -13.961 		44.454 		19.667
v -10.235 		-0.898 		10.676
v -12.111 		-1.594 		10.621
v -9.707 		-12.176 		12.063
v -9.836 		-11.981 		12.168
v -12.216 		-1.602 		10.536
v -10.222 		-1.034 		10.009
v -7.834 		30.179 		3.214
v -9.836 		-11.776 		11.754
v -10.01 		-1.068 		9.84
v -9.707 		-11.959 		11.625
v -9.627 		-12.158 		11.485
v -7.961 		30.503 		2.868
v -11.851 		-1.65 		10.065
v -22.7822 		14.336 		1.5377
v -22.7936 		14.4822 		1.5456
v -22.7739 		14.2305 		1.532
v -22.7508 		13.9298 		1.5125
v -22.7509 		13.9302 		1.5125
v -10.578 		-10.71 		12.1
v -10.61 		-10.703 		12.106
v -6.514 		28.205 		4.532
v -7.012 		28.081 		4.532
v -11 		-10.676 		12.13
v -9.707 		-1.372 		8.352
v -11 		-10.476 		11.879
v -11.99 		-1.661 		9.952
v -9.7669 		4.7642 		4.3525
v -9.8508 		4.7505 		4.33
v -9.8509 		4.7505 		4.33
v -9.6944 		4.7761 		4.372
v -9.627 		-1.32 		8.608
v -9.6933 		4.7763 		4.3723
v -9.6053 		4.7893 		4.3909
v -10.1474 		4.6967 		4.2308
v -10.24 		4.6799 		4.1998
v -10.424 		4.6465 		4.1381
v -10.5497 		4.6236 		4.096
v -11.778 		-1.643 		10.125
v -13.848 		44.152 		19.838
v -12.164 		-1.682 		9.741
v -11 		-0.193 		10.607
v -12.164 		-1.838 		8.196
v -13.293 		31.041 		13.729
v -12.414 		-1.618 		10.374
v -7.197 		28.554 		4.33
v -7.75 		28.315 		4.33
v -10.61 		-0.204 		10.571
v -12.663 		-1.649 		10.073
v -12.848 		-1.683 		9.729
v -11 		-0.868 		10.824
v -12.373 		-1.733 		9.24
v -10.61 		-0.875 		10.787
v -12.778 		43.831 		20.021
v -12.293 		-1.706 		9.501
v -12.296 		43.668 		20.114
v -12.962 		-1.721 		9.356
v -12.536 		43.726 		20.08
v -11.39 		-0.204 		10.571
v -11.765 		-0.238 		10.463
v -12.111 		-0.292 		10.289
v -12.4 		-1.76 		8.969
v -12.778 		43.978 		20.44
v -11.39 		-0.875 		10.787
v -11.765 		-0.898 		10.676
v -8.25 		29.118 		3.83
v -12.111 		-0.935 		10.496
v -13 		-1.76 		8.969
v -8.892 		28.701 		3.83
v -13.111 		43.429 		20.249
v -13.961 		31.198 		14.256
v -12.373 		-1.787 		8.697
v -12.765 		43.127 		20.008
v -12.765 		43.28 		20.334
v -12.962 		-1.799 		8.581
v -8.4389 		5.1904 		4.6592
v -8.4389 		5.1904 		4.6592
v -8.6528 		5.12 		4.6213
v -12.216 		-0.952 		10.412
v -8.3476 		5.2192 		4.6707
v -12.848 		-1.837 		8.208
v -9.0331 		4.994 		4.551
v -9.1181 		4.9649 		4.532
v -8.475 		29.48 		3.536
v -12.293 		-1.814 		8.436
v -9.182 		29.021 		3.536
v -12.422 		43.196 		20.382
v -9.586 		-2.261 		10.414
v -10.235 		-2.261 		10.848
v -9.1188 		4.9647 		4.5318
v -9.889 		-2.261 		10.663
v -8.9748 		5.0139 		4.564
v -8.6718 		5.1137 		4.6179
v -12.39 		43.041 		20.071
v -12.422 		43.048 		20.066
v -9.174 		4.9448 		4.5158
v -9.039 		-2.261 		9.39
v -9.152 		-2.261 		9.765
v -12.39 		43.188 		20.386
v -9.423 		-2.261 		10.216
v -9.337 		-2.261 		10.111
v -22.9117 		15.9577 		1.5971
v -22.9152 		16 		1.5971
v -22.8624 		15.348 		1.5801
v -22.8246 		14.8802 		1.5671
v -12.536 		43.547 		19.696
v -11 		-0.987 		10.239
v -9.3751 		4.8723 		4.4576
v -22.4455 		12.7078 		1.4364
v -22.528 		13.0389 		1.4589
v -22.417 		12.455 		1.414
v -12.99 		43.777 		19.526
v -22.3884 		12.4789 		1.4208
v -22.3713 		12.4093 		1.414
v -22.3418 		12.288 		1.3999
v -22.6957 		13.7116 		1.5047
v -22.6957 		13.7119 		1.5048
v -12.778 		43.645 		19.624
v -13.136 		6.32 		8.03
v -13.848 		31.46 		14.009
v -11.6377 		4.4979 		3.9054
v -11.6463 		4.5 		3.9103
v -11.6353 		4.4973 		3.9041
v -11.5249 		4.4705 		3.8421
v -11.5033 		4.4653 		3.83
v -12.99 		43.971 		19.941
v -11.5 		4.4644 		3.8278
v -11.5012 		4.4647 		3.8286
v -13.848 		31.214 		13.6
v -13.111 		43.073 		19.581
v -8.681 		29.812 		3.214
v -13.111 		43.267 		19.904
v -9.447 		29.314 		3.214
v -10.892 		4.299 		3.83
v -12.296 		43.492 		19.737
v -13.663 		31.702 		13.782
v -22.265 		10.725 		1.147
v -10.464 		-1.008 		10.136
v -10.108 		28.701 		3.214
v -10.727 		-0.378 		10.015
v -22.868 		12.076 		1.286
v -10.464 		-0.402 		9.94
v -22.567 		10.366 		1
v -13.414 		43.455 		19.764
v -13.414 		43.629 		20.135
v -10.727 		-0.992 		10.213
v -11 		-0.37 		10.041
v -13.663 		43.873 		19.997
v -11 		-11.096 		11.756
v -11 		-10.855 		11.455
v -11.2359 		4.24 		3.6413
v -13.663 		31.476 		13.406
v -21.924 		8.471 		0.347
v -10.727 		-11.115 		11.739
v -21.981 		8.373 		0.174
v -10.704 		-11.119 		11.734
v -11 		4.001 		4
v -22.826 		10.057 		0.845
v -8.867 		30.111 		2.868
v -13.414 		31.532 		12.865
v -10.727 		-10.872 		11.435
v -10.704 		-10.877 		11.431
v -13.663 		31.288 		13.003
v -21.938 		12.036 		3.623
v -13.663 		31.138 		12.578
v -10.464 		-11.17 		11.689
v -13.414 		31.394 		12.472
v -11.1481 		4.0164 		3.5703
v -11.39 		-10.703 		12.106
v -11.39 		-10.5 		11.852
v -11 		4.001 		3.6171
v -13.848 		31.009 		13.162
v -10 		30 		2.3535
v -9.686 		29.579 		2.868
v -11.765 		-10.783 		12.035
v -12.111 		-10.912 		11.919
v -12.111 		-11.106 		12.225
v -12.216 		-10.972 		11.866
v -12.216 		-11.171 		12.179
v -9.031 		30.375 		2.5
v -10.222 		-2.261 		10.164
v -9.896 		-2.261 		9.851
v -9.836 		-2.261 		9.778
v -13.663 		31.03 		12.136
v -9.897 		29.812 		2.5
v -13.414 		31.294 		12.064
v -11.765 		-10.336 		11.536
v -10.01 		-2.261 		9.99
v -11.765 		-10.572 		11.771
v -11.39 		-10.273 		11.625
v -9.707 		-2.261 		9.536
v -9.627 		-2.261 		9.273
v -13.414 		31.234 		11.646
v -9.172 		30.602 		2.113
v -13.663 		43.685 		19.594
v -11.273 		-0.378 		10.015
v -9.152 		-2.261 		8.235
v -13.663 		44.023 		20.422
v -11.851 		-0.457 		9.761
v -10.1212 		28.6834 		3.214
v -12.111 		-10.689 		11.64
v -21.532 		9.151 		0.845
v -11.778 		-0.44 		9.818
v -20.86 		8.287 		2.113
v -11.536 		-0.402 		9.94
v -13.293 		44.932 		18.669
v -21.698 		8.862 		0.684
v -13.293 		44.12 		19.271
v -12.216 		-0.318 		10.208
v -11.4674 		4.4615 		3.8063
v -11.3699 		4.4531 		3.7421
v -11.3368 		4.4502 		3.7203
v -10.9463 		4.5367 		3.9086
v -11.1093 		4.5006 		3.83
v -11.3365 		4.4502 		3.7201
v -11.1106 		4.5003 		3.8292
v -9 		-2.261 		9
v -10.6106 		4.6112 		4.0707
v -10.6113 		4.611 		4.0704
v -11.273 		-0.992 		10.213
v -12.111 		-10.439 		11.391
v -10.5703 		4.6194 		4.0874
v -9.039 		-2.261 		8.61
v -13.111 		31.437 		11.222
v -12.216 		-10.487 		11.324
v -11.3175 		4.4485 		3.7076
v -11.3 		4.4529 		3.7179
v -11.3001 		4.4529 		3.7178
v -9.6 		-2.261 		9
v -9.836 		-2.261 		8.222
v -13.414 		31.214 		11.222
v -9.627 		-2.261 		8.727
v -12.216 		-10.743 		11.58
v -13.618 		31.176 		9
v -9.707 		-2.261 		8.464
v -7.5 		1.022 		28.857
v -11.273 		-11.115 		11.739
v -13.176 		31.618 		9
v -13.414 		31.214 		9
v -13.111 		31.437 		9
v -11.536 		-11.17 		11.689
v -11.778 		-11.261 		11.608
v -12.536 		31.106 		9
v -12.765 		31.602 		9
v -11.536 		-1.008 		10.136
v -21.83 		8.635 		0.518
v -13.373 		44.319 		19.123
v -13.4 		44.526 		18.97
v -21.039 		8.426 		1.71
v -13.373 		44.989 		19.363
v -10.1275 		28.7162 		3.1904
v -10.1228 		28.6917 		3.208
v -11.99 		-0.491 		9.654
v -12.164 		-0.554 		9.454
v -10.1561 		29.0209 		2.9546
v -10.1605 		29.0668 		2.9191
v -14 		44.526 		18.97
v -10.1634 		29.2534 		2.767
v -10.0988 		29.3803 		2.7094
v -13.961 		44.231 		19.189
v -10.098 		29.382 		2.7087
v -10.0528 		29.6673 		2.5
v -10.0522 		29.6711 		2.4966
v -10.0099 		29.9374 		2.2586
v -10 		30 		2.1904
v -10.006 		30.0379 		2.1396
v -11.273 		-10.872 		11.435
v -10.0092 		30.0578 		2.113
v -11.536 		-10.923 		11.379
v -11.851 		-1.046 		9.951
v -10.0424 		29.7327 		2.4416
v -21.18 		8.536 		1.294
v -11.99 		-1.068 		9.84
v -11.778 		-1.034 		10.009
v -10.0153 		30.0963 		2.048
v -10.1635 		29.2533 		2.7671
v -11.778 		-11.004 		11.288
v -12.164 		-1.111 		9.633
v -10.24 		29.103 		2.9175
v -10.2174 		29.1475 		2.868
v -10.1721 		29.1279 		2.868
v -10.1765 		29.2278 		2.7786
v -11 		-11.305 		12.085
v -10.727 		-11.325 		12.071
v -12.164 		-0.018 		9.206
v -10.2047 		29.1723 		2.8348
v -10.704 		-11.331 		12.067
v -13.373 		44.733 		18.816
v 6.848 		18.736 		0
v -12.618 		28.098 		9
v -13.961 		44.822 		18.751
v -12 		28 		9
v -11.382 		28.098 		9
v -12 		28.16 		9
v 7 		17 		0
v 6.848 		15.264 		0
v 6.397 		13.58 		0
v -13.373 		44.045 		18.667
v -10.464 		-11.386 		12.028
v -21.281 		8.615 		0.868
v 0 		16 		0
v -13.9807 		30.1217 		7
v -13.9454 		30.3444 		7
v -13.9148 		29.4625 		7
v -13.9967 		29.9789 		7
v -13.8076 		29.1965 		7
v -13.8598 		29.2991 		7
v 5.66 		12 		0
v 5.66 		22 		0
v -10.1869 		29.2073 		2.7879
v -14 		44.236 		18.487
v -10.1758 		29.1476 		2.8482
v -11 		-2.261 		10.4
v -10.727 		-2.261 		10.373
v -10.1942 		29.193 		2.8071
v -10.464 		-2.261 		10.293
v -10.187 		29.2072 		2.788
v -13.961 		30.298 		7
v -14 		29.949 		7
v -13.961 		29.6 		7
v -13.848 		29.264 		7
v -10.61 		-2.261 		10.961
v -13.4 		44.236 		18.487
v -11 		-2.261 		11
v -12.414 		-0.984 		10.253
v -11.536 		-2.261 		10.293
v -11.273 		-2.261 		10.373
v -12.293 		-0.625 		9.225
v -11.39 		-2.261 		10.962
v -11.765 		-2.261 		10.848
v -12.111 		-2.261 		10.663
v -12.216 		-2.261 		10.577
v -12.848 		-0.558 		9.442
v -12.663 		-0.455 		9.768
v -12.414 		-0.366 		10.054
v -11.99 		-11.616 		11.867
v -11.273 		-11.325 		12.071
v -11.536 		-11.386 		12.028
v -11.851 		-11.529 		11.927
v -12.164 		-2.261 		9.778
v -11.851 		-2.261 		10.104
v -11.99 		-2.261 		9.99
v -12.663 		-1.044 		9.958
v -11.778 		-2.261 		10.164
v -12.293 		-1.159 		9.397
v -12.164 		-2.261 		8.222
v -13.164 		43.692 		18.999
v -12.962 		-1.188 		9.255
v -13.164 		43.937 		19.407
v -12.414 		-2.261 		10.414
v -12.373 		-2.261 		9.273
v -12.293 		-2.261 		9.536
v -12.848 		-1.113 		9.621
v -12.663 		-2.261 		10.111
v -12.848 		-2.261 		9.765
v -12.962 		-2.261 		9.39
v -12.293 		-0.112 		8.987
v -12.373 		-0.214 		8.751
v -12.99 		43.544 		19.139
v -12.848 		-0.023 		9.194
v -12.962 		-0.169 		8.856
v 6.397 		20.42 		0
v -12.778 		43.422 		19.253
v -12.373 		-0.703 		8.977
v -12.296 		43.28 		19.386
v -12.4 		-0.784 		8.719
v -12.296 		43.038 		19.066
v -12.536 		43.084 		19.011
v 3.428 		24.66 		0
v 2 		25.66 		0
v -11.778 		-11.484 		11.959
v -12.962 		-0.668 		9.088
v 4.66 		23.428 		0
v -13 		-0.784 		8.719
v -11.99 		-11.81 		12.26
v -13.848 		30.775 		15.525
v -12.164 		-11.981 		12.168
v -12.4 		-2.261 		9
v -12.373 		-2.261 		8.727
v -12.293 		-2.261 		8.464
v 0.894 		26.629 		0
v -12.962 		-2.261 		8.61
v -12.536 		43.331 		19.338
v -12.848 		-2.261 		8.235
v -13 		-2.261 		9
v -13.373 		30.734 		14.693
v 0.9385 		26.1551 		0
v -13.293 		43.861 		18.84
v -14 		30.925 		14.513
v -10.235 		-5 		10.848
v -13.4 		30.925 		14.513
v -21.275 		8.6647 		0.684
v -10.24 		30.897 		1.8806
v -10.1499 		30.72 		1.8865
v -13.111 		29.762 		15.607
v -11.99 		-11.383 		11.5
v -21.3105 		8.6377 		0.659
v -12.164 		-11.776 		11.754
v -9.2511 		30.729 		1.8407
v -8.989 		30.856 		1.8181
v -12.164 		-11.531 		11.368
v -13.414 		30.365 		16.01
v -13.577 		30.49 		15.862
v -13.414 		29.936 		15.443
v -8.9303 		30.8843 		1.813
v -12.99 		43.276 		18.785
v -12.778 		43.166 		18.915
v -13.663 		30.556 		15.784
v -9.802 		30.62 		1.879
v -21.3317 		8.6152 		0.6404
v -21.4706 		8.4673 		0.518
v -21.5396 		8.4 		0.436
v -21.5027 		8.436 		0.4797
v -10.098 		30.618 		1.89
v -10.0546 		30.3443 		1.9027
v -13.293 		43.563 		18.446
v -13.164 		43.41 		18.626
v -11.851 		-11.303 		11.571
v -21.6048 		8.3223 		0.347
v -12.373 		-0.426 		8.259
v -21.6207 		8.3046 		0.3124
v -12.4 		-0.32 		8.505
v -21.6838 		8.2344 		0.174
v -21.6491 		8.273 		0.25
v -21.6899 		8.2294 		0.1416
v -11 		-10.586 		11.186
v -13 		-0.3201 		8.505
v -12.373 		-0.864 		8.462
v -11.273 		-10.601 		11.164
v -1.541 		22 		0
v -11.536 		-10.645 		11.102
v -21.12 		10.204 		3.623
v -11.273 		-10.304 		10.929
v -13.293 		30.55 		14.865
v -11.536 		-10.342 		10.862
v -11.851 		-10.751 		10.954
v -11.778 		-10.718 		11.001
v -0.175 		18.084 		0
v -0.694 		20.104 		0
v -13.104 		29.99 		14.508
v -11.778 		-10.404 		10.752
v -13.164 		30.045 		14.467
v -12.164 		-11.249 		11.015
v -11.851 		-11.043 		11.245
v -0.175 		13.916 		0
v -0.0002 		15.998 		0
v -12.99 		29.885 		14.586
v -11.99 		-11.115 		11.165
v -11.99 		-10.815 		10.865
v -9.7601 		30.3664 		1.8886
v -9.6357 		30.4537 		1.879
v -10.0512 		30.3228 		1.9037
v -10.0314 		30.1978 		1.9085
v -10.0198 		30.1247 		2
v -10.0224 		30.1412 		1.9723
v -13.577 		30.074 		15.313
v -13.663 		30.148 		15.244
v -11.851 		-10.432 		10.701
v -13.848 		30.39 		15.017
v -12.164 		-10.933 		10.699
v -0.694 		11.896 		0
v -12.164 		-10.588 		10.425
v -21.0834 		8.8171 		0.7902
v -13.577 		29.714 		14.713
v -13.663 		29.793 		14.654
v 6.659 		17 		0.518
v -13.848 		43.947 		19.4
v -13.848 		43.701 		18.991
v 6.848 		17 		0.347
v -20.009 		8.549 		3.623
v -13.663 		43.459 		19.218
v 6.962 		17 		0.174
v -13.961 		30.652 		14.77
v 6.254 		15.368 		0.684
v -13.848 		30.055 		14.46
v 6.513 		15.323 		0.518
v -13.414 		43.247 		19.418
v -9.836 		-5 		8.222
v -13.961 		43.963 		18.744
v -13.848 		43.418 		18.617
v -10.464 		-5 		10.293
v -10.704 		-5 		10.366
v -10.727 		-5 		10.373
v -22.142 		11.958 		2.431
v -10.61 		-5 		10.962
v -10.578 		-5 		10.952
v -10.61 		-5 		10.961
v -10.0283 		30.1785 		1.9092
v -10.0257 		30.1621 		1.937
v -10.0267 		30.1684 		1.9263
v -11 		-5 		11
v -10.0274 		30.1726 		1.9193
v -10.0277 		30.1744 		1.9162
v -10.0279 		30.1758 		1.9138
v -13.663 		43.199 		18.875
v -10.2637 		30.9436 		1.879
v -10.281 		30.9775 		1.8775
v -10.281 		30.9776 		1.8775
v -11.61 		42.864 		19.778
v -11.61 		42.661 		19.51
v -12.293 		-0.942 		8.214
v 6.698 		15.29 		0.347
v 6.811 		15.27 		0.174
v -11.235 		42.944 		19.703
v -9.337 		-1.871 		7.864
v -12.962 		-0.899 		8.351
v -12 		42.637 		19.539
v 4.198 		14.38 		1.286
v -12 		42.837 		19.804
v -8.581 		28.356 		4.096
v -9.447 		28.186 		3.83
v -12.4 		-1.266 		8.875
v -9.792 		28.454 		3.536
v -12.373 		-1.211 		9.141
v -11.235 		42.239 		18.96
v -11.235 		42.497 		19.176
v -13.111 		29.375 		14.964
v -12.765 		29.235 		15.068
v 5.529 		15.496 		1
v -11.235 		42.733 		19.425
v -13 		-1.266 		8.875
v 5.925 		15.426 		0.845
v -12.373 		-1.32 		8.608
v -10.889 		42.6 		19.024
v -10.889 		42.85 		19.287
v -12.293 		-1.372 		8.352
v 6.254 		13.632 		0.347
v -12.765 		28.903 		14.358
v -12.962 		-1.343 		8.494
v -10.784 		42.648 		18.953
v 6.361 		13.593 		0.174
v -12.39 		28.811 		14.41
v -10.222 		0.166 		6.712
v 4.698 		14.198 		1.147
v -10.586 		43.007 		19.101
v 5.138 		14.038 		1
v -10.784 		42.904 		19.223
v -13.414 		29.564 		14.824
v 5.517 		13.9 		0.845
v -10.222 		0.422 		6.392
v -11.149 		42.912 		18.562
v -11.01 		42.976 		18.468
v 5.83 		13.786 		0.684
v -12.164 		0.094 		7.301
v -11.222 		42.879 		18.612
v 6.077 		13.696 		0.518
v -11 		0.257 		6.244
v -11 		0.016 		6.545
v -13.373 		30.842 		13.877
v -10.727 		0.276 		6.261
v -10.704 		0.28 		6.266
v -11.99 		-10.487 		10.605
v -10.464 		0.084 		6.621
v -10.727 		0.033 		6.565
v -13.961 		30.93 		13.811
v -10.704 		0.038 		6.569
v -12.414 		-10.846 		11.464
v -12.414 		-11.086 		11.764
v -10.464 		0.331 		6.311
v -13.293 		30.824 		13.267
v -10.01 		-1.859 		7.985
v -12.164 		0.41 		6.985
v -12.293 		-12.176 		12.063
v -6 		26.46 		8.772
v -10.222 		-1.877 		7.812
v -7.8443 		25.2261 		9.283
v -12.414 		-11.294 		12.092
v -21.308 		10.091 		2.431
v -5.578 		21.1849 		10.3471
v -5.2013 		20.48 		10.4357
v -6 		23.688 		9.92
v -5.271 		21.454 		9.899
v -12.663 		-11.524 		11.931
v 4.5 		12.67 		1
v -9.586 		-1.902 		7.563
v 4.849 		12.468 		0.845
v 5.138 		12.302 		0.684
v -9.889 		-1.927 		7.316
v -12.848 		-11.991 		12.163
v -10.235 		-1.945 		7.132
v -12.293 		-11.959 		11.625
v 2.417 		12.455 		1.414
v 3.124 		13.464 		1.414
v -12.373 		-12.158 		11.485
v -20.1482 		8.4281 		2.6291
v -20.2281 		8.5044 		2.5
v -20.2291 		8.5053 		2.4981
v -6.9373 		23.688 		9.92
v -12.848 		-11.786 		11.747
v -6.9313 		23.5615 		9.6145
v -12.848 		-11.54 		11.36
v -12.962 		-12.07 		11.548
v -6.2199 		22.3122 		9.9996
v -6.273 		22.5 		9.899
v -6.3045 		22.4608 		9.9538
v -21.33 		9.5 		1
v -6 		21.926 		10.1186
v -10.464 		-1.89 		7.683
v -6.9279 		23.4921 		9.4469
v -6.9279 		23.492 		9.4467
v -6.3719 		22.5722 		9.899
v -4.752 		21.909 		8.999
v -12.663 		-11.298 		11.575
v -5.837 		23.042 		8.999
v -10.727 		-1.898 		7.604
v -11 		-1.9 		7.577
v -6.9268 		23.4672 		9.3869
v -6.8016 		23.4396 		9.3202
v -10.704 		-1.897 		7.611
v -6.1992 		23.3066 		8.999
v -12.848 		-11.257 		11.006
v -11.851 		0.204 		6.755
v -11.778 		0.165 		6.712
v -6 		23.2569 		8.8791
v -6 		23.2936 		8.8333
v -12.663 		-11.038 		11.25
v -12.663 		-10.747 		10.96
v -11.99 		0.276 		6.835
v -11.536 		-1.89 		7.683
v -5.1564 		20.396 		10.4462
v 3.634 		13.17 		1.286
v -12.414 		-10.285 		10.964
v -12.414 		-10.578 		11.197
v 4.094 		12.904 		1.147
v -11.851 		-1.871 		7.872
v -11.99 		-1.859 		7.985
v -12.293 		-11.068 		10.51
v -12.373 		-11.214 		10.304
v -11.778 		-1.877 		7.812
v -3.438 		26.874 		4.532
v -3.734 		27.266 		4.532
v -12.848 		-10.94 		10.689
v -12.848 		-10.593 		10.415
v -2.969 		27.125 		4.33
v -20.9335 		8.9376 		0.868
v -12.216 		-1.918 		7.402
v -12.111 		-1.927 		7.316
v -3.319 		27.589 		4.33
v -3.75 		27.99 		4.33
v -12.962 		-11.149 		10.396
v -2.227 		26.775 		4.096
v -2.523 		27.364 		4.096
v -11.99 		0.544 		6.5
v -11.273 		-1.898 		7.604
v -12.164 		0.937 		6.246
v -2.924 		27.896 		4.096
v -10.586 		42.739 		18.819
v -20.9846 		8.8956 		0.845
v -1.985 		25.5 		4.096
v -10.337 		42.908 		18.568
v 0.687 		12.606 		1.638
v 1.394 		13.313 		1.638
v -10.61 		-1.957 		7.019
v -10.889 		42.034 		18.604
v -11 		-1.96 		6.981
v 1.924 		12.868 		1.532
v -20.2294 		8.5055 		2.4976
v -20.2647 		8.5363 		2.431
v -13.164 		30.857 		12.694
v -12.663 		-10.429 		10.707
v 4.198 		10.96 		0.684
v -10.578 		-1.955 		7.029
v 5.365 		12.17 		0.518
v 5.529 		12.076 		0.347
v -12.293 		-11.402 		10.843
v -2.046 		26.147 		4.096
v -11.39 		-1.957 		7.019
v -3.642 		25.886 		4.698
v -11.765 		-1.945 		7.132
v -12.293 		-11.7 		11.217
v -3.75 		26.26 		4.698
v -3.927 		26.612 		4.698
v -10.784 		42.068 		18.522
v -12.164 		0.692 		6.632
v -3.087 		25.977 		4.532
v -10.784 		42.368 		18.718
v -3.22 		26.44 		4.532
v -10.889 		42.327 		18.795
v 5.627 		12.019 		0.174
v -13.848 		30.846 		12.698
v 2.868 		12.076 		1.286
v -10.586 		42.446 		18.573
v 3.275 		11.735 		1.147
v 3.634 		11.433 		1
v -12.273 		29.041 		13.444
v -11.61 		42.185 		19.062
v 3.943 		11.174 		0.845
v -11.273 		0.276 		6.261
v -11.536 		0.331 		6.311
v -12 		28.84 		12.725
v -12.273 		28.864 		12.719
v -11.273 		0.033 		6.565
v -2.553 		26.064 		4.33
v -11.536 		0.084 		6.621
v -11.61 		42.434 		19.27
v -2.711 		26.612 		4.33
v -12 		42.167 		19.097
v -13.104 		29.706 		13.902
v -13.164 		29.765 		13.868
v -13.293 		30.229 		14.331
v -3.606 		25.5 		4.698
v 0.214 		11.433 		1.532
v 1.132 		12.076 		1.532
v -13.293 		29.96 		13.758
v 0.536 		10.876 		1.414
v 1.545 		11.583 		1.414
v -13.848 		29.775 		13.863
v -13.373 		30.428 		14.184
v -19.8113 		8.192 		3.0604
v -19.9748 		8.311 		2.868
v 1.924 		11.132 		1.286
v -13.4 		30.635 		14.03
v -12.962 		-11.802 		11.126
v -19.9754 		8.3115 		2.8672
v -20.0864 		8.3863 		2.7142
v -12.373 		-11.884 		11.053
v -11.778 		0.422 		6.392
v -11.851 		0.464 		6.429
v 4.849 		21.532 		0.845
v -12.414 		-1.902 		7.563
v -13.961 		30.339 		14.249
v -12.4 		-12.075 		10.883
v -14 		30.635 		14.03
v 5.138 		21.698 		0.684
v 5.365 		21.83 		0.518
v -12.663 		-1.871 		7.864
v -12.373 		0.68 		8.123
v -12 		42.412 		19.302
v -9.337 		-2.261 		7.889
v -12.373 		0.375 		7.696
v -9.586 		-2.261 		7.586
v 5.529 		21.924 		0.347
v -12.4 		0.528 		7.909
v -9.889 		-2.261 		7.337
v -13.373 		30.612 		13.387
v -13 		0.528 		7.909
v -13.4 		30.392 		13.512
v -10.235 		-2.261 		7.152
v 5.627 		21.981 		0.174
v -10.01 		-2.261 		8.01
v -10.222 		-2.261 		7.836
v 6.254 		18.632 		0.684
v -3.042 		25.5 		4.532
v 6.513 		18.677 		0.518
v -11 		-2.261 		7.6
v -10.704 		-2.261 		7.634
v 6.698 		18.71 		0.347
v -12.4 		0.902 		7.535
v -12.373 		0.729 		7.342
v -10.727 		-2.261 		7.627
v -10.464 		-2.261 		7.707
v 6.254 		20.368 		0.347
v -2.5 		25.5 		4.33
v 6.811 		18.73 		0.174
v 6.361 		20.407 		0.174
v -12.962 		0.655 		7.26
v -13 		0.902 		7.535
v -11.536 		-2.261 		7.707
v -5.584 		27.689 		4.698
v -6 		27.723 		4.698
v -4.521 		27.879 		4.532
v -13 		-12.075 		10.883
v -22.2511 		11.9163 		1.3565
v 4.198 		19.62 		1.286
v -22.2518 		11.9192 		1.3568
v -22.3192 		12.1953 		1.389
v 4.698 		19.802 		1.147
v -12.4 		-11.741 		10.465
v -12.373 		-11.568 		10.658
v 5.138 		19.962 		1
v -13 		-11.741 		10.465
v -12.962 		-11.494 		10.74
v -21.924 		11.132 		1.286
v -21.9139 		11.144 		1.2894
v -21.915 		11.1467 		1.2896
v 5.517 		20.1 		0.845
v -21.902 		11.1166 		1.286
v -21.9004 		11.1128 		1.2854
v -21.8819 		11.0696 		1.2789
v -4.835 		26.789 		4.83
v 5.83 		20.214 		0.684
v -21.7138 		10.6781 		1.22
v -5.094 		26.957 		4.83
v 6.077 		20.304 		0.518
v -4.166 		26.929 		4.698
v -12.373 		-11.914 		10.271
v -12.373 		-12.266 		10.712
v -4.461 		27.203 		4.698
v -4.803 		27.425 		4.698
v -21.421 		10.023 		1.22
v -21.706 		10.6602 		1.2173
v 5.529 		18.504 		1
v -4.098 		27.604 		4.532
v -11.99 		-9.763 		10.215
v -12.164 		-10.217 		10.196
v 5.925 		18.574 		0.845
v -20.3111 		8.5863 		2.3336
v -6 		26.629 		4.924
v -20.4159 		8.6993 		2.113
v -20.4415 		8.7247 		2.048
v -20.48 		8.763 		1.9503
v 6.397 		17 		0.684
v -5.38 		27.081 		4.83
v -12.164 		-9.826 		10.015
v -5.685 		27.157 		4.83
v -6 		27.182 		4.83
v -20.4828 		8.7657 		1.9432
v -20.5747 		8.8571 		1.71
v -12 		42.747 		18.807
v -12.273 		42.762 		18.785
v -12.848 		-9.002 		9.792
v -5.181 		27.589 		4.698
v -20.5748 		8.8571 		1.7098
v -11.727 		42.762 		18.785
v -12.962 		-9.04 		9.419
v -20.6072 		8.8856 		1.6086
v -12.848 		-9.421 		9.872
v -12.848 		-9.829 		10.003
v -6.416 		27.689 		4.698
v -12.848 		-10.222 		10.185
v -11.464 		42.806 		18.719
v -11.464 		42.503 		18.465
v -14 		30.392 		13.512
v -13.961 		30.707 		13.333
v -12.663 		-9.352 		10.209
v -7.479 		27.879 		4.532
v -11.727 		42.465 		18.536
v -12.293 		-9.897 		9.786
v -6.315 		27.157 		4.83
v -12 		42.452 		18.56
v -6.62 		27.081 		4.83
v -12.962 		-9.496 		9.506
v -20.6311 		8.9067 		1.5338
v -6.906 		26.957 		4.83
v -11.851 		-2.261 		7.896
v -11.99 		-2.261 		8.01
v -12.273 		42.465 		18.536
v -11.778 		-2.261 		7.836
v -12.293 		0.229 		7.49
v -6.819 		27.589 		4.698
v -12.216 		-2.261 		7.423
v -11.235 		41.055 		18.471
v -11.273 		-2.261 		7.627
v -11.235 		41.367 		18.534
v -12.962 		0.31 		7.604
v -12.111 		-2.261 		7.337
v -12.848 		0.101 		7.311
v 4.66 		17 		1.286
v -13.373 		30.172 		13.637
v 4.544 		18.33 		1.286
v -12.962 		0.963 		6.874
v -12.848 		0.418 		6.994
v -10.578 		-2.261 		7.048
v 5.192 		17 		1.147
v -10.61 		-2.261 		7.038
v -20.7078 		8.9742 		1.294
v 5.067 		18.422 		1.147
v -13.961 		30.078 		13.691
v -11 		-2.261 		7
v -20.7262 		8.9872 		1.22
v 5.66 		17 		1
v -11.765 		-2.261 		7.152
v -11.39 		-2.261 		7.038
v -12.536 		29.35 		14.104
v 6.063 		17 		0.845
v -12.414 		-2.261 		7.586
v -21.5206 		10.24 		1.1549
v -21.4973 		10.1871 		1.147
v -21.4242 		10.0211 		1.1174
v -12.663 		-2.261 		7.889
v -9.337 		-5 		7.889
v -9.423 		-5 		7.784
v -9.586 		-5 		7.586
v -11.235 		41.67 		18.637
v -7.197 		27.425 		4.698
v -12.373 		-9.975 		9.538
v -12.4 		-10.055 		9.281
v -21.2129 		9.7032 		1.0736
v -21.2138 		9.7045 		1.0737
v -21.305 		9.8418 		1.0927
v -21.0497 		9.4567 		1.0249
v -20.9659 		9.3302 		1
v 3.645 		19.418 		1.414
v -20.9643 		9.3277 		0.9994
v -20.9379 		9.2877 		0.9897
v -20.9372 		9.2867 		0.9895
v -13 		-10.055 		9.281
v -20.8905 		9.216 		0.9724
v -20.8561 		9.1639 		0.9598
v -7.902 		27.604 		4.532
v -20.8058 		9.0877 		0.9413
v -20.8056 		9.0874 		0.9412
v -10.01 		-5 		8.01
v -9.896 		-5 		8.149
v -20.7852 		9.0495 		0.9313
v -20.7822 		9.0518 		0.9326
v -4.858 		25.886 		4.924
v -20.7474 		9.0116 		1.1111
v -20.7798 		9.0491 		0.9446
v -4.947 		26.064 		4.924
v -11.235 		41.963 		18.78
v -5.069 		26.226 		4.924
v -12.962 		-9.94 		9.649
v -10.889 		41.725 		18.453
v -4.216 		25.792 		4.83
v -4.298 		26.075 		4.83
v -4.431 		26.341 		4.83
v -4.612 		26.581 		4.83
v -13 		-9.079 		9.031
v -12.293 		0.563 		7.157
v -11.61 		41.918 		18.888
v -12 		41.336 		18.691
v -12.293 		0.861 		6.783
v -13 		-9.573 		9.125
v -12.962 		-9.651 		8.745
v 2.736 		17 		1.638
v 2.649 		17.996 		1.638
v 3.428 		17 		1.532
v -5.219 		26.365 		4.924
v 3.33 		18.116 		1.532
v -12.663 		0.199 		6.75
v -5.392 		26.477 		4.924
v 4.071 		17 		1.414
v 3.964 		18.228 		1.414
v -5.584 		26.561 		4.924
v -12.373 		-10.136 		9.023
v -12.848 		0.947 		6.253
v -5.789 		26.612 		4.924
v -12.848 		0.701 		6.64
v -12.293 		-10.214 		8.775
v -12.663 		0.459 		6.425
v -12 		41.625 		18.789
v -12.962 		-10.171 		8.912
v -12 		41.903 		18.925
v -12.414 		0.007 		6.536
v -12.778 		29.454 		14.045
v -12.414 		0.247 		6.236
v -12.848 		-9.726 		8.379
v -12.99 		29.594 		13.965
v -12 		41.039 		18.631
v -13.111 		29.052 		14.274
v -12.164 		-12.233 		9.915
v -12.164 		-11.801 		9.483
v -11.851 		-11.982 		9.228
v -11.61 		41.043 		18.591
v -11.99 		-11.919 		9.317
v -11.61 		41.344 		18.651
v -11.61 		41.637 		18.751
v -12.778 		29.217 		13.371
v -10 		-2.736 		1.638
v -9.004 		-2.649 		1.638
v -10 		-3.428 		1.532
v -19.477 		6.364 		4.096
v -12.536 		29.108 		13.416
v -10 		-4.071 		1.414
v -16.781 		5.365 		4.924
v -16.931 		5.226 		4.924
v -12.765 		42.944 		19.703
v -11.962 		-2.39 		1.638
v -17.388 		5.581 		4.83
v -13.111 		28.796 		13.545
v 2 		17 		1.732
v -10.996 		-2.649 		1.638
v -17.569 		5.341 		4.83
v -12.198 		-3.04 		1.532
v -17.834 		5.929 		4.698
v 4.544 		15.67 		1.286
v -11.116 		-3.33 		1.532
v -13.663 		29.496 		14.021
v -13.577 		29.412 		14.069
v -10.222 		0.831 		5.664
v 5.067 		15.578 		1.147
v -11.228 		-3.964 		1.414
v -10.222 		0.645 		6.041
v -13.577 		29.173 		13.389
v -13.414 		29.006 		13.458
v -13.663 		29.262 		13.353
v -10 		-4.66 		1.286
v -9.889 		0.073 		6.081
v -10 		-5.192 		1.147
v 2.39 		15.038 		1.638
v -10.235 		0.127 		5.677
v -13.414 		29.252 		14.16
v 2.649 		16.004 		1.638
v -10 		-5.66 		1
v -18.073 		5.612 		4.698
v -18.25 		5.26 		4.698
v -11.33 		-4.544 		1.286
v 3.04 		14.802 		1.532
v 3.33 		15.884 		1.532
v -10.235 		0.28 		5.368
v 3.645 		14.582 		1.414
v 3.964 		15.772 		1.414
v -12.164 		-10.821 		8.794
v -10.222 		0.978 		5.267
v -12.164 		-10.285 		8.546
v -10.235 		0.401 		5.041
v 0.66 		14.887 		1.813
v 0.0875 		15.2167 		1.8671
v 0.0881 		15.2172 		1.8671
v 0 		15.1308 		1.8689
v 0.2285 		15.36 		1.8616
v 0.971 		15.555 		1.813
v -11.99 		-10.903 		8.603
v -11.851 		-10.947 		8.501
v 0.3712 		15.505 		1.856
v 1.162 		16.266 		1.813
v -10.464 		0.547 		5.972
v 1.33 		14.5 		1.732
v 1.698 		15.29 		1.732
v -6.211 		26.612 		4.924
v -12.422 		42.871 		19.772
v -12.422 		42.667 		19.503
v -11.778 		-10.971 		8.446
v -12.39 		42.864 		19.778
v -12.39 		42.661 		19.51
v -11 		0.466 		5.915
v -10.727 		0.486 		5.929
v -11.422 		-5.067 		1.147
v 1.924 		16.132 		1.732
v -11.504 		-5.529 		1
v -10.704 		0.492 		5.933
v -12.418 		-3.645 		1.414
v -16.392 		4.934 		4.981
v -12.62 		-4.198 		1.286
v -16.467 		4.864 		4.981
v -16.528 		4.783 		4.981
v -12.802 		-4.698 		1.147
v -16.573 		4.694 		4.981
v -13.111 		42.85 		19.287
v -13.111 		42.6 		19.024
v -12.962 		-5.138 		1
v -17.053 		5.064 		4.924
v 2.567 		13.786 		1.532
v -17.142 		4.886 		4.924
v -17.197 		4.696 		4.924
v -3.34 		50 		25
v -7 		53.66 		25
v -12.765 		42.733 		19.425
v -12.765 		42.497 		19.176
v -4.929 		52.071 		25
v -13.293 		29.748 		13.152
v -13.293 		30.653 		12.778
v -2.341 		47.588 		25
v -16.61 		4.5 		4.981
v -16.601 		4.402 		4.981
v -16.573 		4.306 		4.981
v -16.528 		4.217 		4.981
v -2 		45 		25
v -16.467 		4.136 		4.981
v -2.341 		42.412 		25
v -16.601 		4.598 		4.981
v 0.237 		14.283 		1.813
v -17.216 		4.5 		4.924
v -17.197 		4.304 		4.924
v -3.34 		40 		25
v -7.695 		49.305 		35.7
v -12.765 		42.239 		18.96
v -7.338 		49.662 		34.609
v -11 		-12.148 		8.996
v -10.464 		-12.088 		9.08
v -12.422 		42.19 		19.053
v -17.142 		4.114 		4.924
v -12.39 		42.185 		19.062
v -13.373 		30.431 		12.87
v -12.422 		42.439 		19.262
v -10.727 		-12.133 		9.017
v -11 		0.641 		5.562
v -12.39 		42.434 		19.27
v -10.704 		0.668 		5.576
v -13.961 		30.529 		12.829
v -10.464 		0.726 		5.608
v 0.214 		13.17 		1.732
v -11 		-11.624 		8.581
v -10.727 		0.662 		5.574
v 0.83 		13.786 		1.732
v -7 		50 		33.5
v 1.967 		14.132 		1.638
v -13.373 		29.969 		13.06
v -13.4 		30.2 		12.965
v 2 		13.037 		3.909
v -10.855 		49.272 		38.674
v -17.784 		4.208 		4.83
v -17.812 		4.5 		4.83
v -12.164 		-11.328 		9.108
v -12.296 		42.766 		18.779
v -12.536 		42.807 		18.719
v -17.702 		5.075 		4.83
v -17.784 		4.792 		4.83
v -12.778 		42.879 		18.612
v -12.99 		42.976 		18.468
v -11 		0.779 		5.189
v -12.536 		42.503 		18.465
v -11.851 		-11.483 		8.832
v -10.704 		0.807 		5.2
v -10.727 		0.801 		5.198
v -11.778 		-11.512 		8.781
v -18.358 		4.114 		4.698
v -11.99 		-11.429 		8.928
v -18.394 		4.5 		4.698
v -18.358 		4.886 		4.698
v -6 		25.312 		6
v -6 		24.6201 		7
v -2.046 		24.853 		4.096
v -11.273 		-12.133 		9.017
v -11.536 		-12.088 		9.08
v -3.75 		24.74 		4.698
v -12.296 		42.469 		18.53
v -12 		49.423 		38.674
v -13.961 		29.871 		13.101
v -13.145 		49.272 		38.674
v -14 		30.2 		12.965
v -13.111 		42.034 		18.604
v -13.111 		42.327 		18.795
v -9.5 		49.33 		37.75
v -10.464 		0.869 		5.224
v -10.706 		49.83 		37.75
v -3.642 		25.114 		4.698
v -12 		50 		37.75
v -13.294 		49.83 		37.75
v -14.5 		49.33 		37.75
v -10.61 		0.041 		5.616
v 2.39 		18.962 		1.638
v -10.578 		0.196 		5.323
v -10.61 		0.188 		5.318
v -3.087 		25.023 		4.532
v -10.578 		0.048 		5.622
v 1.698 		18.71 		1.732
v -2.553 		24.936 		4.33
v -9.222 		49.811 		36.753
v -10.562 		50.366 		36.753
v -12 		50.556 		36.753
v -8.956 		50.272 		35.7
v -18.958 		4.5 		4.532
v -10.424 		50.88 		35.7
v 3.403 		24.631 		0.174
v -12 		51.088 		35.7
v -18.562 		5.874 		4.532
v -18.78 		5.44 		4.532
v -18.913 		4.977 		4.532
v -4.803 		25.696 		4.924
v -11 		0.011 		5.596
v -8.703 		50.71 		34.609
v -11 		0.157 		5.302
v -10.293 		51.369 		34.609
v -12 		51.593 		34.609
v -8.464 		51.124 		33.5
v -10.17 		51.83 		33.5
v -12 		52.071 		33.5
v 1.981 		25.627 		0.174
v -5.427 		25.694 		4.981
v -5.472 		25.783 		4.981
v 1.532 		24.849 		0.845
v -5.533 		25.864 		4.981
v -5.608 		25.934 		4.981
v 1.698 		25.138 		0.684
v -13.438 		50.366 		36.753
v -14.778 		49.811 		36.753
v -13.576 		50.88 		35.7
v 1.83 		25.365 		0.518
v 1.924 		25.529 		0.347
v -13.707 		51.369 		34.609
v -13.373 		30.299 		12.332
v 4.198 		23.04 		0.684
v 4.399 		23.209 		0.518
v -19.5 		4.5 		4.33
v -19.031 		6.125 		4.33
v -13.961 		30.402 		12.305
v 4.544 		23.33 		0.347
v -19.289 		5.612 		4.33
v -19.447 		5.064 		4.33
v 4.631 		23.403 		0.174
v -20.015 		4.5 		4.096
v -13.414 		42.739 		18.819
v -13.414 		43.007 		19.101
v -13.961 		29.721 		12.488
v -19.773 		5.775 		4.096
v -6.684 		50.316 		32.391
v -19.954 		5.147 		4.096
v -14 		30.061 		12.397
v -16.392 		4.066 		4.981
v -6.39 		50.61 		31.3
v -13.414 		42.446 		18.573
v -8.033 		51.871 		31.3
v -13.373 		29.823 		12.461
v -13.4 		30.061 		12.397
v -13.663 		42.908 		18.568
v -4.799 		49.157 		30.247
v -6.121 		50.879 		30.247
v -13.111 		41.725 		18.453
v -7.843 		52.201 		30.247
v -18.913 		4.023 		4.532
v -12.765 		41.67 		18.637
v -12.765 		41.963 		18.78
v -11.778 		-12.016 		9.181
v -18.266 		6.266 		4.532
v -4.5 		49.33 		29.25
v 4.5 		21.33 		1
v -5.876 		51.124 		29.25
v -11.99 		0.777 		6.133
v -12.99 		29.364 		13.31
v -7.67 		52.5 		29.25
v -11.99 		0.971 		5.74
v -11.851 		0.879 		5.69
v 2.567 		23.634 		1
v -3.999 		49.619 		27.49
v -11.536 		0.547 		5.972
v 2.826 		23.943 		0.845
v -3.799 		49.735 		26.756
v -13.164 		29.543 		13.237
v -11.778 		0.831 		5.664
v -13.104 		29.481 		13.262
v -11.851 		0.69 		6.073
v 3.04 		24.198 		0.684
v 3.209 		24.399 		0.518
v -3.635 		49.83 		26.139
v 3.33 		24.544 		0.347
v -3.506 		49.904 		25.647
v 2.265 		23.275 		1.147
v -11.778 		0.645 		6.041
v -3.414 		49.957 		25.29
v -13.293 		29.594 		12.522
v 3.634 		22.567 		1
v -3.358 		49.989 		25.073
v 3.943 		22.826 		0.845
v -11.273 		0.486 		5.929
v 1.924 		22.868 		1.286
v -11.765 		0.127 		5.677
v -12.99 		29.198 		12.629
v -7.17 		53.365 		26.139
v -18.681 		6.589 		4.33
v -12.422 		41.64 		18.741
v -12.39 		41.637 		18.751
v -12.111 		0.073 		6.081
v -7.096 		53.494 		25.647
v -12.39 		41.918 		18.888
v -12.422 		41.922 		18.879
v -12.536 		28.933 		12.7
v -7.043 		53.586 		25.29
v -19.076 		6.896 		4.096
v -7.011 		53.642 		25.073
v -12.778 		29.046 		12.67
v -17.902 		8.039 		7
v 1.096 		24.094 		1.147
v 1.33 		24.5 		1
v -5.658 		51.342 		28.326
v -13.164 		29.383 		12.579
v -5.467 		51.533 		27.49
v -5.304 		51.696 		26.756
v -12.111 		0.267 		5.775
v -12.216 		0.133 		6.134
v -13.104 		29.319 		12.596
v -5.17 		51.83 		26.139
v -5.065 		51.935 		25.647
v -12.216 		0.332 		5.821
v -4.989 		52.011 		25.29
v 3.124 		20.536 		1.414
v -4.944 		52.056 		25.073
v 2.417 		21.545 		1.414
v -5.695 		25.991 		4.981
v -5.791 		26.032 		4.981
v -5.894 		26.058 		4.981
v -6 		26.067 		4.981
v 3.634 		20.83 		1.286
v -17.539 		6.203 		4.698
v -6.106 		26.058 		4.981
v 2.868 		21.924 		1.286
v 4.094 		21.096 		1.147
v -7.516 		52.767 		28.326
v 3.275 		22.265 		1.147
v -16.416 		5.561 		4.924
v -7.381 		53.001 		27.49
v -16.608 		5.477 		4.924
v -7.265 		53.201 		26.756
v -12.216 		-12.246 		8.858
v -4.803 		25.304 		4.924
v 1.394 		20.687 		1.638
v -4.784 		25.5 		4.924
v -17.165 		5.789 		4.83
v -11.273 		-11.611 		8.604
v -4.216 		25.208 		4.83
v -12.39 		41.344 		18.651
v -4.188 		25.5 		4.83
v -16.48 		7 		7
v -12.216 		-11.708 		8.431
v -11.536 		-11.573 		8.671
v -12.39 		41.043 		18.591
v -12.111 		-11.749 		8.358
v -4.298 		24.925 		4.83
v -12.765 		41.055 		18.471
v -12.765 		41.367 		18.534
v -5.399 		25.598 		4.981
v -11.765 		-11.837 		8.202
v -12.422 		41.044 		18.58
v -12.962 		-10.367 		9.847
v -12.422 		41.346 		18.641
v -12.293 		-10.703 		10.22
v -12.373 		-10.413 		9.741
v -12.293 		-10.311 		9.978
v -13.848 		29.394 		12.576
v 1.924 		21.132 		1.532
v -13.848 		29.554 		13.232
v 1.132 		21.924 		1.532
v -13.414 		28.828 		12.729
v 1.545 		22.417 		1.414
v -11.273 		0.662 		5.574
v -13.577 		29.001 		12.682
v -11.536 		0.726 		5.608
v -11.273 		0.801 		5.198
v -13.663 		29.092 		12.658
v 3.04 		19.198 		1.532
v 2.567 		20.214 		1.532
v -12.4 		-10.958 		9.766
v -12.373 		-10.828 		9.998
v -11.536 		0.869 		5.224
v -6.416 		26.561 		4.924
v 1.33 		19.5 		1.732
v -13 		-10.958 		9.766
v 1.967 		19.868 		1.638
v -6.608 		26.477 		4.924
v -12.962 		-10.772 		10.097
v -12.216 		0.63 		5.131
v -11.778 		0.978 		5.267
v -12.293 		-11.213 		9.313
v -12.373 		-11.088 		9.535
v -10.038 		44.509 		18.23
v -10.038 		44.149 		17.755
v -12.4 		-10.519 		9.495
v -11.39 		0.041 		5.616
v -10.152 		44.386 		17.475
v -11.39 		0.188 		5.318
v -10.152 		44.771 		17.983
v -12.962 		-11.143 		9.436
v -12.373 		-10.625 		9.249
v -11.765 		0.28 		5.368
v -13 		-10.519 		9.495
v -12 		28.511 		13.663
v -12 		28.317 		12.866
v -12.293 		-12.08 		10.086
v -18.199 		7.669 		5.917
v -12.373 		-11.519 		9.877
v -12.111 		0.429 		5.448
v -12.216 		0.498 		5.485
v -13.111 		28.611 		12.787
v -12.765 		28.45 		12.831
v -17.902 		6.604 		4.532
v -10 		43.528 		17.652
v -12.765 		28.64 		13.61
v -4.233 		49.484 		28.326
v -12.39 		28.544 		13.649
v -10.038 		43.31 		17.973
v -10 		43.902 		18.046
v -10.038 		43.655 		18.337
v -12.39 		28.351 		12.857
v -16.906 		5.957 		4.83
v -9.759 		53.365 		29.25
v -10.152 		43.101 		18.283
v -16.711 		6.581 		5.917
v -12.99 		30.925 		12.164
v 0.344 		25.5 		2.113
v -13.164 		30.74 		12.214
v -10 		43.119 		17.309
v -10.038 		43.304 		16.96
v -10.038 		43.745 		17.329
v -12.99 		30.857 		11.696
v 0.867 		26.624 		0.436
v -10.152 		43.483 		16.625
v -10.152 		43.955 		17.02
v -13.848 		30.729 		12.217
v 0.578 		25.5 		1.71
v -12.4 		-11.367 		10.091
v -12.962 		-11.584 		9.786
v -13 		-11.367 		10.091
v 0.761 		25.5 		1.294
v -10.578 		0.313 		5.007
v -10.61 		0.305 		5.004
v -8.241 		51.511 		32.391
v -10.054 		52.262 		32.391
v -12.111 		0.557 		5.102
v -12 		52.518 		32.391
v -12.962 		-11.988 		10.189
v -12.848 		-12.225 		9.923
v -9.947 		52.663 		31.3
v -12 		52.934 		31.3
v -10.836 		44.78 		17.975
v -10.707 		44.611 		18.135
v -12.848 		-11.794 		9.493
v -12.293 		-11.666 		9.672
v 0.894 		25.5 		0.868
v 0.7827 		24.7552 		1
v -12.663 		-11.987 		9.222
v 0.8186 		24.9229 		0.9356
v 0.8561 		25.0985 		0.868
v -10.627 		44.427 		18.307
v -12.848 		-10.816 		8.806
v -12.962 		-10.67 		9.144
v -12.293 		-10.727 		9.013
v -11.149 		45.008 		17.761
v -12.848 		-10.281 		8.558
v -12.663 		-10.384 		8.232
v 0.789 		26.612 		0.868
v -12.663 		-10.95 		8.494
v -12.414 		-11.068 		8.221
v -11.222 		45.05 		17.721
v -11.01 		44.928 		17.836
v 0.8661 		25.1596 		0.845
v 0.9274 		25.4973 		0.684
v 0.8957 		25.3226 		0.7673
v -12.848 		-11.322 		9.118
v 0.928 		25.5 		0.6823
v -10.337 		45.013 		17.756
v -12.414 		-11.631 		8.569
v -12.663 		-11.487 		8.826
v -10.627 		44.075 		17.842
v -10.836 		44.394 		17.465
v -10.707 		44.241 		17.646
v -12.414 		-12.155 		8.985
v -18.446 		7.362 		4.788
v -8.0631 		25.7363 		7.0244
v -8.1017 		25.7439 		7.043
v 0.9297 		25.6555 		0.5925
v -7.165 		26.789 		4.83
v 0.9312 		25.7844 		0.518
v 0.9371 		25.8808 		0.436
v -10.6 		43.902 		18.046
v -10.627 		43.729 		18.25
v -7.539 		27.203 		4.698
v -10.836 		43.094 		18.293
v -9.039 		-13.129 		12.22
v -10.707 		43.229 		18.094
v -9.152 		-13.225 		11.499
v -9 		-12.608 		11.831
v 0.9323 		25.9911 		0.347
v 0.9359 		25.9087 		0.4134
v -9.039 		-12.922 		11.661
v 0.9317 		26.0732 		0.2338
v 0.9315 		26.0925 		0.2072
v -11.765 		0.401 		5.041
v -9.627 		-13.031 		12.259
v -11.39 		0.305 		5.004
v -9.707 		-13.252 		12.172
v 0.9313 		26.1165 		0.174
v 0.9361 		26.1424 		0.0575
v -12.414 		0.767 		5.184
v -9.627 		-12.388 		11.949
v -12.414 		0.455 		5.908
v -12.414 		0.629 		5.556
v -9.848 		53.031 		30.247
v -12.663 		0.685 		6.069
v -12.663 		0.873 		5.687
v -9.6 		-12.608 		11.831
v -9.679 		53.663 		28.326
v -9.609 		53.924 		27.49
v -8.094 		25.766 		7
v -8.0121 		25.7261 		7
v -18.25 		6.99 		4.33
v -7.728 		46.145 		38.674
v -9.836 		-0.622 		7.804
v -8.17 		47.211 		38.674
v -7.17 		46.294 		37.75
v -7.67 		47.5 		37.75
v -9.836 		-1.013 		7.985
v -8.173 		45 		39.51
v -8.17 		42.789 		38.674
v -10.222 		-0.435 		7.248
v -7.728 		43.855 		38.674
v -7.577 		45 		38.674
v -7.67 		42.5 		37.75
v -10.01 		-0.352 		7.395
v -7.17 		43.706 		37.75
v -9.586 		-0.869 		7.231
v -7 		45 		37.75
v -10.222 		-0.772 		7.456
v -10.01 		-0.704 		7.613
v -9.896 		-13.294 		11.461
v -6.634 		46.438 		36.753
v -7.189 		47.778 		36.753
v -10.222 		-1.497 		7.74
v -9.836 		-1.42 		8.116
v -9.836 		-13.235 		11.493
v 0.248 		24.477 		2.113
v 0.214 		22.567 		1.532
v -9.627 		-12.828 		11.712
v -9.6 		-12.365 		11.34
v -8.072 		48.928 		36.753
v -10.01 		-1.463 		7.909
v -6.12 		46.576 		35.7
v -6.728 		48.044 		35.7
v -9.707 		-13.04 		11.598
v -6 		25.0652 		6.1798
v -10.01 		-1.076 		7.785
v -6.1928 		25.3013 		6.0044
v -6.2042 		25.312 		6
v -6.3266 		25.3507 		6.0935
v -5.631 		46.707 		34.609
v -6.29 		48.297 		34.609
v -5.17 		46.83 		33.5
v -5.876 		48.536 		33.5
v -9.586 		-1.547 		7.496
v -4.858 		25.114 		4.924
v 0.536 		23.124 		1.414
v 0.83 		23.634 		1.286
v -10.627 		43.68 		17.426
v -10.6 		43.528 		17.652
v -4.431 		24.659 		4.83
v 0.181 		23.411 		1.71
v -10.627 		43.375 		17.877
v -16.903 		6.234 		4.788
v -5.427 		25.306 		4.981
v -5.399 		25.402 		4.981
v -5.39 		25.5 		4.981
v -8.072 		41.072 		36.753
v -7.189 		42.222 		36.753
v -6.634 		43.562 		36.753
v -6.444 		45 		36.753
v -11.149 		44.6 		17.222
v -11.222 		44.638 		17.177
v -6.728 		41.956 		35.7
v -6.12 		43.424 		35.7
v -6.781 		26.365 		4.924
v -5.912 		45 		35.7
v -16.7018 		6.144 		4.8081
v -16.7795 		6.1761 		4.7935
v -16.8088 		6.1882 		4.788
v -16.5768 		6.0918 		4.83
v -16.62 		6.081 		4.83
v -6.209 		26.032 		4.981
v -16.5768 		6.0918 		4.83
v -6.305 		25.991 		4.981
v -16.6337 		6.1159 		4.8209
v -16.6336 		6.1159 		4.8209
v -10.586 		44.796 		16.99
v -6.289 		25.419 		5.917
v -6.29 		41.703 		34.609
v -5.631 		43.293 		34.609
v -6 		25.1195 		6.0797
v -10.337 		44.605 		17.216
v -5.407 		45 		34.609
v -5.876 		41.464 		33.5
v -16.8462 		6.2042 		4.7808
v -5.17 		43.17 		33.5
v -4.929 		45 		33.5
v -18.5524 		7.2298 		4.1491
v -18.5532 		7.2305 		4.1486
v -18.6401 		7.3011 		4.096
v -11.01 		44.528 		17.307
v -17.19 		6.4152 		4.7009
v -17.1915 		6.4162 		4.7005
v -16.9054 		6.2297 		4.7695
v -17.2011 		6.4224 		4.698
v -9.586 		-1.201 		7.385
v -7.695 		40.695 		35.7
v -17.2015 		6.4226 		4.6979
v -17.211 		6.4286 		4.6947
v -17.408 		6.5511 		4.6294
v -7.338 		40.338 		34.609
v -9.889 		-1.597 		7.253
v -17.702 		6.734 		4.532
v -17.7026 		6.7344 		4.5318
v -7 		40 		33.5
v -10.222 		-1.127 		7.621
v -10.222 		-0.121 		6.999
v -7.1358 		25.5309 		6.5287
v -10.01 		-0.024 		7.135
v -10.116 		45.505 		41.353
v -7.834 		26.929 		4.698
v 0.478 		24.439 		1.71
v -11.347 		46.13 		41.71
v -9.889 		-0.966 		7.007
v -9.889 		-0.673 		6.826
v -6.931 		26.226 		4.924
v -11.662 		46.261 		41.71
v -12 		46.305 		41.71
v 0.2481 		23.2582 		1.414
v 0.0588 		22.9455 		1.4809
v -13.663 		30.965 		11.682
v -10.621 		46.379 		41.353
v 0.3155 		23.3659 		1.3865
v -11.025 		46.69 		41.353
v -6.392 		25.934 		4.981
v -11.495 		46.884 		41.353
v -12 		46.951 		41.353
v -7.388 		26.581 		4.83
v 0.0028 		22.853 		1.5007
v -7.935 		26.22 		5.917
v -12.99 		30.835 		11.222
v 0.32 		23.3772 		1.3838
v 0.4716 		23.7606 		1.294
v -10.739 		45.338 		41.71
v -10.87 		45.653 		41.71
v 0.659 		24.41 		1.294
v -11.077 		45.923 		41.71
v -9.152 		-13.446 		12.096
v -13.663 		30.943 		11.222
v -10.31 		45.975 		41.353
v -9.836 		-13.457 		12.092
v -10.222 		-13.783 		11.964
v -12 		28.733 		11.979
v -10.01 		-13.636 		12.022
v -12.273 		28.757 		11.975
v -11.368 		45.169 		41.927
v -11.434 		45.327 		41.927
v -11.538 		45.462 		41.927
v -11.673 		45.566 		41.927
v -11.831 		45.632 		41.927
v -12 		45.654 		41.927
v -12.169 		45.632 		41.927
v -9.896 		-13.519 		12.068
v -9.337 		-13.738 		11.982
v -10.235 		-0.761 		6.669
v -9.423 		-13.827 		11.947
v -9.586 		-13.994 		11.882
v -12.273 		28.721 		11.222
v -9.889 		-0.15 		6.36
v -9.889 		-14.204 		11.8
v -9.889 		-0.4 		6.609
v -10.235 		-0.267 		6.229
v -10.235 		-0.503 		6.465
v -9.337 		-13.504 		11.349
v -9.423 		-13.588 		11.303
v -12.338 		46.261 		41.71
v -12.653 		46.13 		41.71
v -9.889 		-1.275 		7.15
v -12.505 		46.884 		41.353
v -12.975 		46.69 		41.353
v -13.379 		46.379 		41.353
v -10.222 		-13.546 		11.326
v -10.01 		-13.406 		11.401
v -10.889 		44.954 		16.805
v -12.327 		45.566 		41.927
v -12.462 		45.462 		41.927
v -12.566 		45.327 		41.927
v -12.632 		45.169 		41.927
v -12.923 		45.923 		41.71
v -13.13 		45.653 		41.71
v -10.784 		44.899 		16.869
v -9.152 		-12.945 		10.933
v -13.261 		45.338 		41.71
v -9.707 		-12.771 		11.055
v -13.69 		45.975 		41.353
v -11.149 		44.143 		16.741
v -9.627 		-12.572 		11.195
v -13.884 		45.505 		41.353
v -11.01 		44.08 		16.835
v -9.836 		-12.954 		10.926
v -10.116 		44.495 		41.353
v -10.049 		45 		41.353
v -11.222 		44.177 		16.691
v -12 		28.697 		11.222
v -11.727 		28.721 		11.222
v -10.586 		44.316 		16.484
v -11.077 		44.077 		41.71
v -17.9958 		6.9092 		4.4112
v -18.0936 		6.9675 		4.371
v -18.1933 		7.0269 		4.33
v -18.3789 		7.1326 		4.2389
v -10.87 		44.347 		41.71
v -18.432 		7.1623 		4.2114
v -10.337 		44.148 		16.735
v -10.739 		44.662 		41.71
v -13.293 		30.453 		11.75
v -13.164 		30.669 		11.721
v -10.695 		45 		41.71
v -11.464 		44.72 		17.081
v -13.293 		30.529 		12.271
v -12 		44.787 		17.001
v -10.235 		-1.633 		7.073
v -12 		45 		42
v -10.01 		-13.115 		10.813
v -9.896 		-13.01 		10.887
v -16.8833 		6.2202 		4.7737
v -10.235 		-1.329 		6.975
v -18.6848 		7.3356 		4.0641
v -19.447 		7.186 		3.83
v -10.235 		-1.037 		6.84
v -18.9123 		7.5113 		3.9018
v -19.0129 		7.5888 		3.83
v -19.897 		6.589 		3.83
v -13.373 		30.22 		11.781
v -19.0917 		7.6462 		3.7648
v -19.2632 		7.7711 		3.623
v -19.792 		7.454 		3.536
v -10.727 		-0.853 		7.268
v -11 		-0.864 		7.243
v -20.287 		6.798 		3.536
v -10.464 		-0.822 		7.339
v -4.5663 		24.6228 		4.844
v -4.5656 		24.6221 		4.8438
v -4.5161 		24.576 		4.8329
v -10.704 		-0.851 		7.274
v 0.4842 		23.7952 		1.286
v 0.5376 		23.9366 		1.2465
v 0.672 		24.2919 		1.147
v 0.7151 		24.4005 		1.1102
v -13.373 		29.734 		11.845
v -13.4 		29.977 		11.813
v -6 		25.6051 		4.9965
v -5.9931 		25.6 		4.9966
v -6.0232 		25.6223 		4.9958
v -6.0583 		25.6485 		4.9947
v -6.1216 		25.6957 		4.9924
v -6.1317 		25.7033 		4.992
v -12.164 		-0.622 		7.804
v -6.1294 		25.7016 		4.9921
v -14 		29.977 		11.813
v -5.12 		24.986 		4.9403
v -4.9807 		24.8912 		4.924
v -4.947 		24.936 		4.924
v -20.108 		7.701 		3.214
v -4.6959 		24.7068 		4.869
v -5.4688 		25.2234 		4.981
v -11.727 		44.77 		17.021
v -5.632 		25.34 		4.9873
v -5.4132 		25.1856 		4.9746
v -5.4085 		25.1823 		4.9741
v -5.2699 		25.088 		4.9578
v -9.896 		-12.67 		10.352
v -12.273 		44.77 		17.021
v -5.4553 		25.2142 		4.9794
v -9.707 		-12.45 		10.549
v -12.164 		-1.013 		7.985
v -20.393 		7.923 		2.868
v -5.7262 		25.4073 		4.9909
v -5.6376 		25.344 		4.9875
v -5.8132 		25.4695 		4.9941
v -9.836 		-12.619 		10.398
v -5.8557 		25.5 		4.9955
v -5.8824 		25.5192 		4.9963
v -5.8587 		25.5021 		4.9956
v -5.888 		25.5232 		4.9964
v -11.778 		-0.435 		7.248
v -11.851 		-0.407 		7.299
v -10.01 		-12.767 		10.265
v 0.7222 		24.4381 		1.0986
v -12.164 		-0.251 		7.575
v -11.99 		-0.352 		7.395
v -13.961 		30.324 		11.767
v -13.848 		30.658 		11.723
v 0.214 		20.83 		1.732
v 0.687 		21.394 		1.638
v -11.778 		-0.772 		7.456
v -11.273 		-0.853 		7.268
v -20.228 		5.929 		3.83
v -11.536 		-0.822 		7.339
v -20.431 		5.226 		3.83
v -11.434 		44.673 		41.927
v -11.368 		44.831 		41.927
v -11.346 		45 		41.927
v -11.99 		-0.704 		7.613
v -11.851 		-0.749 		7.51
v 0.66 		19.113 		1.813
v 0.237 		19.717 		1.813
v -12.169 		44.368 		41.927
v -12 		44.346 		41.927
v -11.831 		44.368 		41.927
v 0.83 		20.214 		1.732
v -11.673 		44.434 		41.927
v -11.538 		44.538 		41.927
v -11.464 		44.249 		16.584
v -20.644 		6.99 		3.214
v -12 		44.309 		16.496
v -12.536 		28.827 		11.966
v -12 		43.695 		41.71
v -11.662 		43.739 		41.71
v -11.347 		43.87 		41.71
v 0.971 		18.445 		1.813
v -11.727 		44.294 		16.518
v -12.778 		28.943 		11.951
v -12 		43.049 		41.353
v -9.423 		-13.286 		10.693
v -9.337 		-13.207 		10.749
v -11.495 		43.116 		41.353
v -12.273 		44.294 		16.518
v -11.025 		43.31 		41.353
v -10.222 		-13.247 		10.721
v -10.621 		43.621 		41.353
v 0.368 		16.406 		1.879
v -10.31 		44.025 		41.353
v 0.0733 		16.4582 		1.8981
v 0.0967 		16.384 		1.8954
v 0.42 		17 		1.879
v 0 		16.6875 		1.904
v 0.368 		17.594 		1.879
v 0.214 		18.17 		1.879
v 1.226 		17 		1.813
v -10.627 		43.249 		17.065
v -10.6 		43.119 		17.309
v 1.162 		17.734 		1.813
v -10.836 		43.962 		17.01
v -9.586 		-13.748 		11.217
v -9.586 		-13.436 		10.588
v -12.654 		45 		41.927
v -12.632 		44.831 		41.927
v -12.566 		44.673 		41.927
v -12.462 		44.538 		41.927
v -10.707 		43.827 		17.209
v -12.327 		44.434 		41.927
v -9.889 		-13.625 		10.455
v 1.924 		17.868 		1.732
v -10.235 		-13.765 		10.357
v -13.305 		45 		41.71
v -13.261 		44.662 		41.71
v -5.9173 		25.5443 		4.997
v -5.9057 		25.536 		4.9968
v -21.039 		6.203 		3.214
v -5.9306 		25.5541 		4.9972
v -5.943 		25.5631 		4.9972
v -5.9553 		25.572 		4.9972
v -5.968 		25.5814 		4.9971
v -5.9825 		25.5921 		4.9969
v -20.966 		7.162 		2.868
v -9.889 		-13.948 		11.109
v -5.9019 		25.5332 		4.9967
v -10.235 		-14.097 		11.029
v -21.388 		6.321 		2.868
v -11 		-1.197 		7.398
v -20.644 		8.118 		2.5
v -10.704 		-1.187 		7.43
v -10.464 		-1.166 		7.499
v -21.25 		7.315 		2.5
v -21.697 		6.425 		2.5
v -10.235 		-14.36 		11.738
v -12.164 		-13.235 		11.493
v -21.494 		7.446 		2.113
v -21.962 		6.515 		2.113
v -13.13 		44.347 		41.71
v -12.923 		44.077 		41.71
v -11 		-13.982 		11.886
v -10.727 		-13.959 		11.895
v -10.464 		-13.65 		11.27
v -10.727 		-1.189 		7.423
v -10.464 		-13.892 		11.922
v -20.5 		4.5 		3.83
v -20.95 		4.5 		3.536
v -20.651 		6.072 		3.536
v 0.1146 		16.3272 		1.8933
v -10.464 		-1.523 		7.614
v 0.2404 		15.9288 		1.879
v 0.2413 		15.926 		1.8789
v -13.951 		45 		41.353
v -13.884 		44.495 		41.353
v 0.2785 		15.8066 		1.8734
v 0.2641 		15.853 		1.8755
v -12.164 		-13.457 		12.092
v -11.778 		-13.783 		11.964
v 2 		16.862 		7.091
v -11 		-1.544 		7.51
v -12.653 		43.87 		41.71
v -13.104 		29.221 		11.914
v -12.338 		43.739 		41.71
v -13.164 		29.286 		11.905
v -10.836 		43.489 		16.614
v -10.707 		43.374 		16.83
v -3.0187 		16.384 		9.3925
v -13.293 		29.501 		11.876
v -1.5639 		20.6504 		4.3113
v -1.6008 		20.48 		4.7085
v -20.875 		5.298 		3.536
v -11.01 		43.59 		16.424
v -12.99 		29.097 		11.93
v -21.362 		4.5 		3.214
v -21.281 		5.365 		3.214
v -13.961 		29.63 		11.859
v -13.848 		29.297 		11.904
v -12.778 		45.05 		17.721
v -12.99 		44.928 		17.836
v -13.104 		44.831 		17.927
v -13.293 		44.611 		18.135
v -13.293 		44.241 		17.646
v -13.104 		44.44 		17.41
v -11.851 		-13.732 		11.984
v -13.164 		44.394 		17.465
v -11.99 		-13.636 		12.022
v -11.273 		-13.959 		11.895
v -11.536 		-13.892 		11.922
v -21.734 		4.5 		2.868
v -10.727 		-1.539 		7.536
v -12.111 		-14.204 		11.799
v -12.216 		-14.131 		11.828
v -10.704 		-1.538 		7.543
v -11.536 		-13.65 		11.27
v -11.778 		-13.546 		11.326
v -21.647 		5.425 		2.868
v -11.851 		-13.498 		11.352
v -11.778 		-1.497 		7.74
v -11.851 		-1.485 		7.798
v -11.99 		-13.406 		11.401
v -12.164 		-1.42 		8.116
v -11.99 		-1.463 		7.909
v -6.144 		25.7094 		4.9916
v -22.062 		4.5 		2.5
v -6.9903 		26.1473 		4.924
v -6.9235 		26.112 		4.9312
v -7.168 		26.2465 		4.8913
v -6.2262 		25.7504 		4.989
v -6.4623 		25.8684 		4.981
v -6.4939 		25.885 		4.9777
v -13.164 		44.78 		17.975
v -7.2269 		26.2793 		4.8804
v -7.5004 		26.432 		4.83
v -13.961 		44.509 		18.23
v -13.848 		44.771 		17.983
v -7.6563 		26.5242 		4.788
v -13.373 		44.427 		18.307
v -21.97 		5.477 		2.5
v -12.164 		-12.954 		10.926
v -12.164 		-12.619 		10.398
v -13.69 		44.025 		41.353
v -11.851 		-13.201 		10.753
v -11.99 		-12.767 		10.265
v -13.379 		43.621 		41.353
v -12.975 		43.31 		41.353
v -12.505 		43.116 		41.353
v -13.373 		44.075 		17.842
v -13.663 		45.013 		17.756
v -13.848 		44.386 		17.475
v -13.961 		44.149 		17.755
v -22.344 		4.5 		2.113
v -22.248 		5.523 		2.113
v -11.778 		-13.247 		10.721
v -9.727 		47.273 		40.244
v -11.99 		-13.115 		10.813
v -10.727 		-13.714 		11.235
v -9.294 		47.706 		39.51
v -21.697 		7.554 		1.71
v -10.087 		48.314 		39.51
v -22.181 		6.589 		1.71
v -11 		-13.736 		11.223
v -21.856 		7.639 		1.294
v -22.354 		6.647 		1.294
v -11 		-14.22 		10.963
v -10.61 		-14.189 		10.98
v -21.97 		7.701 		0.868
v -13.414 		28.72 		11.98
v -22.478 		6.689 		0.868
v -22.039 		7.738 		0.436
v -22.553 		6.715 		0.436
v -13.577 		28.896 		11.957
v -13.663 		28.989 		11.944
v -22.578 		4.5 		1.71
v -22.478 		5.561 		1.71
v -11.99 		-1.076 		7.785
v -13.164 		30.645 		11.222
v -1.8902 		19.6497 		6.3757
v -1.8903 		19.6496 		6.3759
v -13.293 		30.428 		11.222
v -1.8043 		19.9399 		5.917
v -13.373 		29.705 		11.222
v -1.8043 		19.9401 		5.9168
v -13.373 		30.193 		11.222
v -1.7793 		20.043 		5.7269
v -1.7999 		19.9945 		5.8399
v -13.4 		29.949 		11.222
v -1.6082 		20.4459 		4.788
v -0.75 		22.685 		2.5
v -0.303 		23.575 		2.5
v -14 		29.949 		11.222
v -0.03 		24.523 		2.5
v -13.961 		30.298 		11.222
v -0.506 		22.555 		2.113
v -11.778 		-1.127 		7.621
v -11.851 		-1.11 		7.677
v -13.848 		30.634 		11.222
v -11.536 		-1.166 		7.498
v -0.038 		23.485 		2.113
v -11.536 		-1.523 		7.614
v -13.293 		29.47 		11.222
v -22.761 		4.5 		1.294
v -22.659 		5.59 		1.294
v -12.536 		28.792 		11.222
v -13.104 		29.188 		11.222
v -12.778 		28.908 		11.222
v -22.894 		4.5 		0.868
v -13.164 		43.094 		18.293
v -13.293 		43.229 		18.094
v -22.789 		5.612 		0.868
v -10.706 		47.241 		40.861
v -13.164 		29.253 		11.222
v -11.33 		47.5 		40.861
v -12 		47.588 		40.861
v -1.356 		21.882 		2.5
v -12.99 		29.064 		11.222
v -10.393 		47.784 		40.244
v -1.14 		21.713 		2.113
v -11.168 		48.105 		40.244
v -11.273 		-1.189 		7.423
v -12 		48.214 		40.244
v -13.414 		28.684 		11.222
v -13.577 		28.861 		11.222
v -13.663 		28.955 		11.222
v -11.01 		48.696 		39.51
v -12 		48.827 		39.51
v -13.4 		43.902 		18.046
v -22.973 		4.5 		0.436
v -13.848 		29.264 		11.222
v -22.867 		5.624 		0.436
v -13.961 		29.6 		11.222
v -13.373 		43.729 		18.25
v -9.5 		45.67 		40.861
v -9.759 		46.294 		40.861
v -14 		43.902 		18.046
v -10.61 		-13.851 		10.296
v -10.17 		46.83 		40.861
v -10.464 		-13.345 		10.652
v -13.961 		43.31 		17.973
v -0.0859 		22.7066 		1.532
v -13.961 		43.655 		18.337
v -13.848 		43.101 		18.283
v -13.663 		30.943 		9
v -12.778 		30.99 		9
v -12.99 		30.835 		9
v -0.5 		21.33 		1.732
v -12.273 		28.721 		9
v -12 		28.697 		9
v -11.727 		28.721 		9
v -11.464 		28.792 		9
v -12.216 		-1.25 		7.231
v -8.895 		45.832 		40.244
v -9.216 		46.607 		40.244
v -12.216 		-1.579 		7.337
v -12.111 		-1.597 		7.253
v -8.304 		45.99 		39.51
v -8.686 		46.913 		39.51
v -11.273 		-1.539 		7.536
v -13.164 		30.645 		9
v -13.293 		30.428 		9
v -13.373 		30.193 		9
v -13.4 		29.949 		9
v -13.373 		29.705 		9
v -8.873 		48.127 		38.674
v -9.789 		48.83 		38.674
v -11 		-0.253 		6.814
v -10.704 		-0.234 		6.841
v -10.464 		-0.193 		6.898
v -10.727 		-0.238 		6.836
v -14 		30 		9
v -13.9967 		29.9789 		9
v -8.464 		48.536 		37.75
v -13.9807 		30.1217 		9
v -13.4 		43.528 		17.652
v -13.373 		43.375 		17.877
v -10.727 		-13.405 		10.609
v -12.67 		47.5 		40.861
v -11 		-13.426 		10.595
v -11 		-13.88 		10.276
v -13.373 		43.68 		17.426
v -11.273 		-13.715 		11.235
v -14 		43.528 		17.652
v -7.804 		26.596 		4.788
v -10.464 		-0.497 		7.138
v -11.765 		-14.097 		11.029
v -13.294 		47.241 		40.861
v -12.111 		-13.948 		11.109
v -11 		-0.547 		7.048
v -12.216 		-13.879 		11.147
v -12.832 		48.105 		40.244
v -10.704 		-0.531 		7.077
v -13.607 		47.784 		40.244
v -11.39 		-14.189 		10.98
v -14.273 		47.273 		40.244
v -12.99 		48.696 		39.51
v -13.913 		48.314 		39.51
v -14.706 		47.706 		39.51
v -10.727 		-0.535 		7.071
v -13.902 		30.618 		9
v -13.9454 		30.3444 		9
v -13.848 		30.634 		9
v -0.9939 		21.5601 		1.732
v -1.0216 		21.537 		1.7354
v -0.132 		21.967 		1.638
v -0.9691 		21.5803 		1.7283
v -13.414 		28.684 		9
v -13.577 		28.861 		9
v -13.618 		28.824 		9
v -13.663 		28.955 		9
v -13.8076 		29.1965 		9
v -13.83 		46.83 		40.861
v -12.536 		44.72 		17.081
v -13.902 		29.382 		9
v -13.8598 		29.2991 		9
v -13.9148 		29.4625 		9
v -14.241 		46.294 		40.861
v -12.778 		44.638 		17.177
v -12.99 		44.528 		17.307
v -11.765 		-13.765 		10.357
v -11.39 		-13.851 		10.296
v -12.111 		-13.625 		10.455
v -7.6586 		26.5255 		4.7874
v -11.273 		-13.405 		10.609
v -0.303 		22.446 		1.71
v -0.8716 		21.6925 		1.71
v -11.536 		-13.345 		10.652
v -12.216 		-13.56 		10.501
v -0.7546 		21.8316 		1.6875
v -0.4972 		22.1375 		1.638
v -0.2544 		22.42 		1.5828
v -0.3473 		22.3119 		1.6039
v -13.111 		44.954 		16.805
v -7.8006 		26.6057 		4.7496
v -7.8006 		26.6057 		4.7496
v -7.7889 		26.5991 		4.7527
v -11.765 		-14.36 		11.738
v -12.536 		44.249 		16.584
v -11.39 		-14.456 		11.701
v -10.61 		-14.456 		11.701
v -8.0205 		26.6817 		4.698
v -7.8963 		26.6388 		4.7272
v -7.8535 		26.624 		4.7372
v -8.192 		26.7444 		4.6451
v -11 		-14.489 		11.688
v -12.99 		44.08 		16.835
v -0.665 		20.899 		3.732
v -12.778 		44.177 		16.691
v -12.4 		-12.608 		11.831
v -12.373 		-12.388 		11.949
v -13.414 		44.796 		16.99
v -13.577 		44.671 		17.138
v -1.772 		26.929 		3.83
v -12.962 		-12.293 		12
v -1.5104 		20.899 		3.732
v -1.421 		20.768 		3.623
v -1.349 		27.072 		3.536
v -13.663 		44.605 		17.216
v -1.5947 		21.6602 		2.5
v -1.713 		27.798 		3.536
v -13 		-12.608 		11.831
v -1.5941 		21.6595 		2.4986
v -1.5641 		21.6227 		2.431
v -0.961 		27.203 		3.214
v -0.887 		20.66 		1.813
v -1.356 		27.99 		3.214
v -13.577 		44.206 		16.648
v -13.414 		44.316 		16.484
v -12.373 		-13.031 		12.259
v -13.663 		44.148 		16.735
v -12.293 		-13.252 		12.172
v -14.5 		45.67 		40.861
v -13.293 		29.47 		9
v -13.164 		29.253 		9
v -13.104 		29.188 		9
v -12.778 		28.908 		9
v -12.536 		28.792 		9
v -12.99 		29.064 		9
v -0.612 		27.321 		2.868
v -14.784 		46.607 		40.244
v -0.303 		27.425 		2.5
v -15.105 		45.832 		40.244
v -12 		28.199 		12.049
v -1.1771 		21.4072 		1.7547
v -15.314 		46.913 		39.51
v -10.578 		-0.333 		6.155
v -15.696 		45.99 		39.51
v -11.61 		28.234 		12.045
v -10.61 		-0.339 		6.148
v -1.5639 		21.6223 		2.4303
v -12 		28.16 		11.222
v -11.61 		28.194 		11.222
v -14.211 		48.83 		38.674
v -15.127 		48.127 		38.674
v -15.83 		47.211 		38.674
v -12.39 		28.195 		11.222
v -12.765 		28.296 		11.222
v -13.111 		28.462 		11.222
v -19.2661 		7.7734 		3.6205
v -12.962 		-13.129 		12.22
v -1.4969 		21.5184 		2.2564
v -15.536 		48.536 		37.75
v -1.4417 		21.4329 		2.113
v -1.4207 		21.4032 		2.048
v -0.9846 		20.4852 		1.8294
v -0.986 		20.4885 		1.8292
v -0.9823 		20.48 		1.8296
v -1.1064 		20.7622 		1.813
v -1.1074 		20.7644 		1.8128
v -1.2899 		21.181 		1.7812
v -1.2397 		21.0663 		1.7899
v -12.4 		-12.365 		11.34
v -1.3322 		21.2777 		1.7739
v -1.3665 		21.3263 		1.88
v -1.3381 		21.2861 		1.7921
v -1.3349 		21.2815 		1.7822
v -1.4052 		21.3812 		2
v -19.3635 		7.8523 		3.536
v -19.3656 		7.8539 		3.5339
v -19.4584 		7.9255 		3.4399
v -10.17 		43.17 		40.861
v -19.6352 		8.0617 		3.2605
v -9.759 		43.706 		40.861
v -13 		-12.365 		11.34
v -9.5 		44.33 		40.861
v -9.412 		45 		40.861
v -12.293 		-13.04 		11.598
v -12.373 		-12.828 		11.712
v -19.6809 		8.097 		3.214
v -19.7863 		8.1738 		3.0899
v -9.216 		43.393 		40.244
v -13.111 		28.499 		12.01
v -8.895 		44.168 		40.244
v -0.038 		18.71 		1.879
v -8.786 		45 		40.244
v -12.765 		28.335 		12.032
v -0.038 		27.515 		2.113
v -12.39 		28.234 		12.045
v -10.578 		-0.81 		6.581
v -8.686 		43.087 		39.51
v -2.103 		27.589 		3.83
v -10.61 		-0.815 		6.573
v -8.304 		44.01 		39.51
v -12.39 		28.195 		9
v -12.765 		28.296 		9
v -10.578 		-0.561 		6.383
v -13.176 		28.382 		9
v -12.848 		-13.225 		11.499
v -10.61 		-0.566 		6.375
v -13.111 		28.462 		9
v -11 		-0.833 		6.54
v -11 		-0.588 		6.345
v -1.569 		24.774 		3.83
v -9.727 		42.727 		40.244
v -11.235 		28.296 		9
v -1.5 		25.5 		3.83
v -10.087 		41.686 		39.51
v -12.962 		-12.922 		11.661
v -9.294 		42.294 		39.51
v -1.569 		26.226 		3.83
v -12.414 		-13.994 		11.882
v -12.663 		-13.738 		11.982
v -12.663 		-13.504 		11.349
v -12.848 		-13.446 		12.096
v -11.273 		-0.238 		6.836
v -1.05 		25.5 		3.536
v -11.536 		-0.194 		6.898
v -1.125 		26.298 		3.536
v -11.536 		-0.497 		7.138
v -0.0057 		16.7054 		1.9045
v -12.293 		-12.771 		11.055
v -0.719 		26.365 		3.214
v -12.373 		-12.572 		11.195
v -11.851 		-0.088 		7.046
v -11.778 		-0.121 		6.999
v -0.353 		26.425 		2.868
v -11.99 		-0.024 		7.135
v -12.962 		-12.661 		11.132
v -12.848 		-12.945 		10.933
v -2.711 		24.388 		4.33
v -12.663 		-13.207 		10.749
v -12.216 		-0.352 		6.676
v -2.227 		24.225 		4.096
v -12.293 		-12.45 		10.549
v -11.61 		28.194 		9
v -3.22 		24.56 		4.532
v -11.765 		-0.761 		6.669
v -2.969 		23.875 		4.33
v -11.273 		-0.535 		7.071
v -2.523 		23.636 		4.096
v -0.0069 		16.7091 		1.9046
v -12 		42.412 		40.861
v -3.871 		22.68 		7
v -11.33 		42.5 		40.861
v -12.111 		-0.966 		7.006
v -10.706 		42.759 		40.861
v -12.216 		-0.932 		7.084
v -12.216 		-0.632 		6.898
v -12.111 		-0.673 		6.825
v -0.283 		20.237 		1.813
v -12 		41.786 		40.244
v -0.38 		19.198 		1.879
v -11.168 		41.895 		40.244
v -3.438 		24.126 		4.532
v -10.393 		42.216 		40.244
v -13.164 		43.962 		17.01
v -13.293 		43.827 		17.209
v -13.104 		44.003 		16.949
v -3.516 		22.991 		5.917
v -0.603 		-0.42 		0
v -0.0999 		17 		1.9121
v -0.0996 		16.9991 		1.9121
v -0.0264 		16.7699 		1.9062
v -1.34 		-2 		0
v -0.1098 		17.0306 		1.9126
v -11.627 		28.003 		4.096
v -3.927 		24.388 		4.698
v -12.288 		28.0457 		4.1542
v -12.188 		28.0298 		4.1498
v -12 		28 		4.1417
v -11.7644 		28.0374 		4.096
v -1.862 		0.038 		1
v -0.1617 		17.1906 		1.915
v -0.1875 		17.2704 		1.9162
v -10.75 		28.118 		3.83
v -11.6035 		28.0629 		4.0583
v -11.603 		28.063 		4.0582
v -11.382 		28.098 		3.9881
v -11.2764 		28.1517 		3.9347
v -11.0702 		28.2567 		3.83
v -3.96 		0.802 		1.532
v -11.6741 		28.0517 		4.0748
v -3.355 		0.582 		1.414
v -0.1878 		17.2713 		1.9162
v -10.9207 		28.3328 		3.7399
v -2.802 		0.38 		1.286
v -10.824 		28.382 		3.6816
v -10.6652 		28.5408 		3.536
v -2.302 		0.198 		1.147
v -3.222 		23.248 		4.788
v -5.67 		0.5 		1.732
v -14 		30 		3.096
v -5.033 		0.132 		1.638
v -0.7974 		19.6279 		2.6743
v -0.953 		20.0045 		2.9877
v -0.9534 		20.0055 		2.9885
v -13.902 		29.382 		3.3708
v -0.858 		20.042 		2.431
v -13.7263 		29.0369 		3.536
v -13.6847 		28.9551 		3.5959
v -13.618 		28.824 		3.692
v -13.466 		28.672 		3.8077
v -13.86 		29.026 		3.536
v -0.6766 		19.3355 		2.431
v -11.765 		-0.503 		6.464
v -13.7266 		29.0374 		3.5356
v -11.765 		-0.267 		6.229
v -3.1122 		23.3445 		4.234
v -3.1114 		23.3437 		4.2335
v -2.9151 		23.1158 		4.096
v -1.212 		20.427 		3.3392
v -11.39 		-0.339 		6.148
v -13.9041 		29.3951 		3.2233
v -13.902 		29.382 		3.2344
v -13.931 		29.404 		3.214
v -13.9058 		29.406 		3.214
v -0.2441 		17.4856 		1.9186
v -0.2395 		17.4308 		1.9186
v -0.2583 		17.6579 		1.9166
v -0.2856 		17.9879 		1.9129
v -0.2916 		18.0623 		1.9112
v -0.2916 		18.0621 		1.9112
v -13.928 		29.5459 		3.072
v -0.2395 		17.4306 		1.9186
v -0.2321 		17.408 		1.9183
v -7.802 		0.38 		1.879
v -12.962 		-12.348 		10.639
v -7.38 		0.802 		1.879
v -12.848 		-12.61 		10.405
v -6.763 		0.283 		1.813
v -6.34 		0.887 		1.813
v -13.9578 		29.7338 		2.8813
v -12.414 		-13.748 		11.217
v -13.996 		29.744 		2.868
v -4.096 		24.1928 		4.7021
v -4.0831 		24.1809 		4.698
v -12.414 		-13.436 		10.588
v -4.083 		24.1808 		4.698
v -13.9599 		29.7469 		2.868
v -14 		30 		2.5583
v -13.9922 		30.0489 		2.5
v -13.9949 		30.0319 		2.5203
v -12.99 		43.59 		16.424
v -14.053 		30.044 		2.5
v -8.706 		0.759 		1.932
v -10.01 		-12.367 		9.765
v -13.9922 		30.049 		2.4998
v -8.29 		0.038 		1.879
v -13.104 		43.524 		16.548
v -13.164 		43.489 		16.614
v -13.9502 		30.3143 		2.113
v -13.9558 		30.279 		2.1644
v -13.293 		43.374 		16.83
v -14.102 		30.302 		2.113
v -13.9502 		30.3143 		2.113
v -9.586 		-13.064 		10.001
v -9.423 		-12.926 		10.125
v -1.483 		-0.1 		0.845
v -1.17 		-0.214 		0.684
v -9.889 		-13.238 		9.846
v -0.923 		-0.304 		0.518
v -13.9446 		30.3496 		2.048
v -10.222 		-12.889 		10.157
v -13.961 		43.745 		17.329
v -14.693 		28.819 		3.536
v -0.746 		-0.368 		0.347
v -13.848 		43.955 		17.02
v -14.834 		29.179 		3.214
v -9.889 		-12.793 		9.289
v -15.681 		28.812 		3.214
v -0.639 		-0.407 		0.174
v -12.111 		-0.15 		6.36
v -12 		41.173 		39.51
v -12.111 		-0.4 		6.609
v -10.222 		-12.477 		9.641
v -11.01 		41.304 		39.51
v -13.4 		43.119 		17.309
v -13.373 		43.249 		17.065
v -10.235 		-13.367 		9.731
v -12.216 		-0.096 		6.42
v -9.789 		41.17 		38.674
v -8.873 		41.873 		38.674
v -13.961 		43.304 		16.96
v -14 		43.119 		17.309
v -10.235 		-12.91 		9.158
v -11.39 		-0.566 		6.375
v -8.464 		41.464 		37.75
v -11.39 		-0.815 		6.573
v -11 		-13.054 		10.01
v -10.727 		-13.035 		10.027
v -10.464 		-12.98 		10.076
v -14.241 		43.706 		40.861
v -11 		-1.375 		6.831
v -0.2623 		17.5975 		2
v -0.3249 		18.056 		2.2237
v -0.3249 		18.0561 		2.2237
v -13.83 		43.17 		40.861
v -0.2463 		17.4808 		1.9431
v -0.2406 		17.4389 		1.9227
v -13.848 		43.483 		16.625
v -14.5 		44.33 		40.861
v -14.588 		45 		40.861
v -10.578 		-1.36 		6.877
v -10.61 		-1.082 		6.737
v -15.105 		44.168 		40.244
v -15.214 		45 		40.244
v -10.578 		-1.078 		6.746
v -14.784 		43.393 		40.244
v -10.038 		42.933 		17.658
v -10.152 		42.754 		17.993
v -15.827 		45 		39.51
v -15.696 		44.01 		39.51
v -15.314 		43.087 		39.51
v -10.152 		42.383 		17.751
v -10.152 		41.99 		17.559
v -3.9758 		24.0854 		4.6546
v -3.6725 		23.8155 		4.532
v -3.6047 		23.7578 		4.4979
v -3.5382 		23.7011 		4.4643
v -3.2714 		23.4741 		4.33
v -3.2705 		23.4733 		4.3295
v -3.2261 		23.4373 		4.3027
v -10.61 		-1.363 		6.868
v -13.294 		42.759 		40.861
v -10.152 		41.582 		17.42
v -0.6487 		19.4667 		1.879
v -0.646 		19.456 		1.8794
v -12.67 		42.5 		40.861
v -0.7137 		19.7246 		1.8678
v -0.7138 		19.7249 		1.8678
v -14.273 		42.727 		40.244
v -0.7989 		20.0646 		1.8489
v -0.7985 		20.063 		1.849
v -13.607 		42.216 		40.244
v -0.454 		18.6988 		1.9012
v -0.5051 		18.8997 		1.8965
v -11 		-1.097 		6.703
v -0.5456 		19.0592 		1.8928
v -0.5187 		18.9532 		1.8952
v -12.832 		41.895 		40.244
v -0.665 		19.3024 		2.4034
v -0.4022 		18.4952 		1.9059
v -0.4033 		18.4993 		1.9058
v -0.3861 		18.432 		1.9067
v -0.3379 		18.2432 		1.909
v -1.862 		-1.698 		0.684
v -0.4006 		18.3334 		2.2637
v -14.706 		42.294 		39.51
v -13.913 		41.686 		39.51
v -1.635 		-1.83 		0.518
v -12.99 		41.304 		39.51
v -1.471 		-1.924 		0.347
v -10 		42.216 		16.796
v -1.373 		-1.981 		0.174
v -10 		42.68 		17.023
v -11 		-12.626 		9.475
v -10.038 		42.101 		17.185
v -14.961 		29.503 		2.868
v -10.464 		-12.559 		9.55
v -3.876 		-0.536 		1.414
v -15.867 		29.111 		2.868
v -10.038 		42.528 		17.394
v -3.366 		-0.83 		1.286
v -15.073 		29.79 		2.5
v -2.906 		-1.096 		1.147
v -16.031 		29.375 		2.5
v -2.5 		-1.33 		1
v -10.727 		-12.609 		9.494
v -10.038 		42.831 		16.652
v -15.127 		41.873 		38.674
v -2.151 		-1.532 		0.845
v -14.211 		41.17 		38.674
v -10.038 		42.332 		16.407
v -11.99 		-12.367 		9.765
v -13.145 		40.728 		38.674
v -10.038 		41.201 		16.942
v -10 		41.24 		16.533
v -3.725 		-2.265 		1.147
v -11.778 		-12.889 		10.157
v -12 		40.577 		38.674
v -11.851 		-12.847 		10.194
v -11.273 		-13.035 		10.027
v -10.61 		-1.656 		6.962
v -10.855 		40.728 		38.674
v -13.294 		40.17 		37.75
v -12 		40 		37.75
v -10.706 		40.17 		37.75
v -9.5 		40.67 		37.75
v -10.578 		-1.654 		6.972
v -11.536 		-12.98 		10.076
v -4.284 		22.318 		8.03
v -11 		-1.664 		6.925
v -12.111 		-13.238 		9.846
v -10.038 		41.657 		17.034
v -10 		41.734 		16.632
v -12.216 		-13.178 		9.899
v -15.17 		30.036 		2.113
v -11.765 		-1.329 		6.975
v -16.172 		29.602 		2.113
v -11.39 		-1.082 		6.737
v -11.39 		-1.363 		6.868
v -10.152 		41.163 		17.336
v -11.536 		-12.559 		9.55
v -11.765 		-1.037 		6.84
v -12.111 		-1.275 		7.15
v -14.198 		30.62 		1.879
v -5.445 		23.53 		8.03
v -6 		23.9356 		8.03
v -13.7363 		30.9436 		1.879
v -13.8501 		30.72 		1.8865
v -5.098 		23.961 		7
v -13.719 		30.9776 		1.8775
v -13.7249 		30.9661 		1.878
v -6 		24.2889 		7.4982
v -13.902 		30.618 		1.89
v -11.39 		-1.656 		6.962
v -11.765 		-1.633 		7.073
v -0.8473 		20.1743 		1.8438
v -4.801 		24.331 		5.917
v -0.665 		12.825 		10.45
v -4.5133 		24.5734 		4.8323
v -4 		13.379 		10.5
v -4.096 		13.8875 		11.0085
v -12.293 		-0.136 		7.78
v -12.373 		-0.011 		8.002
v -12.293 		-0.528 		8.022
v -4 		13.6686 		10.2104
v -4 		13.9697 		10.2941
v -10.337 		42.59 		18.302
v -3.5301 		14.534 		9.9422
v -3.5922 		14.4171 		9.9769
v -4 		13.6494 		10.205
v -4.096 		13.4687 		10.2587
v -13.9075 		30.5835 		1.8916
v -3.4792 		14.6793 		9.899
v -3.0724 		16 		9.5066
v -11.222 		42.565 		18.349
v -11.149 		42.593 		18.296
v -4.1293 		13.84 		10.961
v -4.1643 		13.7901 		10.9111
v -4.2833 		13.6201 		10.7411
v -14.034 		30.4243 		1.8953
v -4.2836 		13.6197 		10.7407
v -4.3067 		13.5868 		10.7078
v -14.124 		30.4191 		1.8914
v -11.273 		-12.609 		9.494
v -12.962 		-0.067 		7.903
v -13.9202 		30.5035 		1.8953
v -12.962 		-0.472 		8.153
v -13.9317 		30.4307 		1.8987
v -13.9404 		30.3757 		2
v -11.851 		-12.439 		9.684
v -12.848 		-1.01 		7.997
v -12 		39.444 		36.753
v -4.5029 		24.5637 		4.83
v -12.848 		-0.617 		7.815
v -11.778 		-12.477 		9.641
v -4.3679 		24.4438 		4.788
v -10.562 		39.634 		36.753
v -9.222 		40.189 		36.753
v -12 		38.912 		35.7
v -10.424 		39.12 		35.7
v -12.111 		-12.793 		9.289
v -8.956 		39.728 		35.7
v -4.3271 		24.4061 		4.7751
v -12.848 		-0.245 		7.585
v -12.216 		-12.738 		9.349
v -12.663 		-0.751 		7.504
v -12.663 		-0.41 		7.293
v -10.293 		38.631 		34.609
v -1.772 		24.071 		3.83
v -8.703 		39.29 		34.609
v -10.17 		38.17 		33.5
v -10.61 		-13.447 		9.66
v -8.464 		38.876 		33.5
v -2.103 		23.411 		3.83
v -12.414 		-0.869 		7.231
v -4.3686 		13.4984 		10.6194
v -4.3838 		13.4767 		10.5977
v -5.606 		-0.687 		1.638
v -4.3838 		13.4767 		10.5977
v -13.438 		39.634 		36.753
v -5.868 		-1.924 		1.532
v -4.523 		12.825 		10.45
v -4.4539 		12.6394 		10.2956
v -5.076 		-1.132 		1.532
v -4.236 		13.2135 		10.3345
v -4.433 		-0.214 		1.532
v -4.2201 		13.2352 		10.3281
v -4.2208 		13.2342 		10.3284
v -4.738 		46.946 		32.391
v -4.4592 		13.326 		10.6123
v -4.4593 		13.3257 		10.6123
v -4.9099 		12.288 		10.5996
v -4.6035 		13.0412 		10.6298
v -4.9852 		12.288 		10.6761
v -4.583 		-1.545 		1.414
v -5.489 		48.759 		32.391
v -2.553 		22.814 		3.83
v -2.8563 		23.0511 		4.0475
v -2.7481 		22.933 		3.9559
v -4.4291 		12.5726 		10.24
v -2.9093 		23.1095 		4.0912
v -4.3957 		13.4597 		10.5807
v -4.3418 		13.379 		10.5
v -4.132 		-1.924 		1.286
v -4.337 		47.053 		31.3
v -5.129 		48.967 		31.3
v -4.3234 		12.288 		10.0033
v -3.969 		47.152 		30.247
v -4.096 		11.1702 		9.0734
v -4.0879 		11.0808 		8.999
v -7.887 		-0.66 		1.813
v -4.0879 		11.0798 		8.9982
v -13.936 		30.4037 		1.9485
v -7.283 		-0.237 		1.813
v -2.626 		22.7997 		3.8524
v -13.9354 		30.4072 		1.9421
v -2.5996 		22.7708 		3.83
v -6 		9.312 		11.46
v -13.9346 		30.4124 		1.9324
v -6.3834 		9.312 		11.46
v -13.9336 		30.4189 		1.9204
v -6.3594 		9.6237 		10.7073
v -7.5 		-1.33 		1.732
v -13.9329 		30.4232 		1.9125
v -13.9326 		30.4252 		1.9089
v -6.786 		-0.83 		1.732
v -6.3594 		9.6241 		10.7064
v -6.17 		-0.214 		1.732
v -6.3513 		9.7289 		10.4533
v -6.3513 		9.729 		10.453
v -6.351 		9.7335 		10.4423
v -13.9326 		30.4252 		1.9089
v -7.132 		-1.967 		1.638
v -13.9321 		30.4279 		1.9039
v -6.3462 		9.7958 		10.2919
v -6.3462 		9.7958 		10.2918
v -6.313 		-1.394 		1.638
v -10.836 		42.749 		18.004
v -6.3457 		9.8025 		10.2756
v -6.3457 		9.8026 		10.2753
v -6.3445 		9.8173 		10.24
v -6.0756 		10.2981 		10.3489
v -6.2806 		9.9408 		10.24
v -11.01 		42.648 		18.194
v -5.7118 		10.9323 		10.5423
v -5.5808 		11.1748 		10.5716
v -5.0679 		12.1248 		10.6861
v -5.0334 		12.1928 		10.682
v -6.3442 		9.822 		10.2284
v -6 		9.785 		9.899
v -6 		9.9169 		9.9993
v -6.3435 		9.8311 		10.2066
v -5.271 		10.546 		9.899
v -8.83 		-0.214 		1.879
v -4.458 		11.757 		9.899
v -4.2768 		12.1627 		9.899
v -12.414 		-1.547 		7.496
v -10.337 		42.249 		18.079
v -12.414 		-1.201 		7.385
v -6 		8.8389 		8.999
v -6 		8.9268 		9.0909
v -6 		9.1606 		9.3355
v -5.837 		8.958 		8.999
v -11.01 		42.296 		17.964
v -11.222 		42.228 		18.13
v -6 		9.6061 		9.7375
v -4.752 		10.091 		8.999
v -4.1313 		11.5605 		9.3981
v -4.1043 		11.261 		9.149
v -12.663 		-1.112 		7.671
v -3.635 		47.241 		29.25
v -11 		-13.474 		9.636
v -11.39 		-13.447 		9.66
v -8.266 		27.266 		4.532
v -3.337 		47.321 		28.326
v -11.149 		42.251 		18.073
v -11.765 		-13.367 		9.731
v -12.848 		-1.418 		8.128
v -12.663 		-1.487 		7.791
v -10.61 		-12.982 		9.078
v -11 		-13.006 		9.05
v -10.61 		-12.461 		8.557
v -12.414 		-0.554 		7.036
v -12.414 		-0.261 		6.803
v -10.586 		42.131 		18.367
v -15.237 		30.717 		1.813
v -11 		-12.482 		8.527
v -12.663 		-0.092 		7.04
v -15.66 		30.113 		1.813
v -15.2243 		30.1745 		1.8394
v -14.8147 		30.2635 		1.8628
v -10.707 		42.864 		17.788
v -10.836 		42.378 		17.762
v -10.627 		42.989 		17.553
v -10.707 		42.472 		17.532
v -9.586 		0.229 		9.779
v -4.2281 		11.9614 		9.7316
v -9.889 		0.325 		10.003
v -6 		8.325 		8.3559
v -16.33 		30.5 		1.732
v -10.235 		0.397 		10.17
v -10.836 		41.987 		17.571
v -10.235 		0.998 		9.798
v -4.1055 		10.5467 		8.5547
v -4.1203 		10.1107 		8.192
v -0.665 		9 		7.268
v -9.423 		0.698 		9.263
v -4.096 		9.1043 		7.025
v -4.0673 		9.1151 		7
v -9.586 		0.792 		9.431
v -4.0672 		9.1151 		6.9999
v -3.7776 		9.2377 		6.7143
v -3.7772 		9.2379 		6.7139
v -3.076 		47.391 		27.49
v -3.3164 		9.4825 		6.144
v -8.25 		27.99 		4.33
v -9.889 		0.91 		9.642
v -2.853 		47.451 		26.756
v -3.1329 		9.58 		5.917
v -8.681 		27.589 		4.33
v -10.222 		0.673 		9.219
v -3.1316 		9.5808 		5.9152
v -2.67 		47.5 		26.139
v -2.6119 		9.8987 		5.1746
v -2.3407 		10.0646 		4.788
v -2.526 		47.538 		25.647
v -9.076 		27.896 		4.096
v -2.1607 		10.1927 		4.4898
v -2.0576 		10.3099 		4.4124
v -2.0567 		10.311 		4.4117
v -2.423 		47.566 		25.29
v -5.445 		8.47 		8.03
v -2.361 		47.583 		25.073
v -4.284 		9.682 		8.03
v -10.235 		-0.056 		5.965
v -14.4805 		30.3375 		1.879
v -4.1269 		9.916 		8.03
v -14.7218 		30.2836 		1.8681
v -10.578 		-0.129 		5.9
v -10.61 		-0.136 		5.894
v -9.031 		27.125 		4.33
v -11.39 		-12.461 		8.557
v -9.477 		27.364 		4.096
v -11.39 		-0.136 		5.894
v -9.423 		0.152 		9.6
v -9.337 		0.111 		9.506
v -4.3752 		9 		7.268
v -4.1737 		9.5853 		7.7549
v -4.1739 		9.5848 		7.7545
v -4.355 		9.0586 		7.3168
v -4.1443 		9.7932 		7.9279
v -8.5491 		26.875 		4.535
v -8.5586 		26.8785 		4.532
v -8.6021 		26.8954 		4.5147
v -9.0566 		27.0741 		4.33
v -9.5242 		27.2701 		4.096
v -9.1002 		27.0924 		4.3082
v -10.222 		0.132 		9.554
v -9.896 		0.01 		9.272
v -10.01 		0.064 		9.397
v -0.0111 		15.12 		1.8692
v -9.039 		0.745 		8.214
v -9.039 		0.304 		8.564
v -4.066 		45 		31.3
v -9 		0.119 		8.234
v -3.969 		42.848 		30.247
v -9.152 		0.483 		8.882
v -3.685 		45 		30.247
v -3.635 		42.759 		29.25
v -9.152 		0.955 		8.507
v -3.34 		45 		29.25
v -0.0119 		15.1192 		1.8692
v -16.2715 		29.7619 		1.7703
v -16.08 		29.836 		1.7853
v -11.765 		-0.056 		5.965
v -12 		42.136 		18.354
v -12.273 		42.147 		18.329
v -0.5 		12.67 		1.732
v -11 		-0.363 		6.121
v -11.464 		42.178 		18.253
v -11 		-0.163 		5.87
v -15.3045 		30.1421 		1.8356
v -15.5431 		30.0455 		1.8241
v -10.235 		0.541 		4.353
v -15.7251 		29.9733 		1.813
v -0.4277 		13.6337 		2.431
v -9.889 		0.706 		4.374
v -11.727 		42.147 		18.329
v -10.235 		0.488 		4.701
v -0.4277 		13.6338 		2.431
v -0.1591 		14.9747 		1.8723
v -5.489 		41.241 		32.391
v -4.738 		43.054 		32.391
v -4.482 		45 		32.391
v -9.896 		0.524 		8.954
v -9.836 		0.489 		8.892
v -5.129 		41.033 		31.3
v -0.1594 		14.9744 		1.8723
v -4.337 		42.947 		31.3
v -10.01 		0.59 		9.072
v -0.323 		13.7739 		1.8156
v -0.283 		13.763 		1.813
v -0.3159 		13.8022 		1.8172
v -0.3349 		13.7267 		1.813
v -10.152 		32.184 		16.705
v -0.2822 		13.936 		1.823
v -0.2822 		13.9359 		1.823
v -0.448 		13.2722 		1.7807
v -11 		0.879 		4.801
v -0.5056 		13.0405 		1.7642
v -0.3347 		13.9457 		2.3157
v -0.3347 		13.9457 		2.3157
v -12.3257 		28.0517 		4.1558
v -12.325 		28.0515 		4.1558
v -10.704 		0.908 		4.809
v -10.727 		0.902 		4.807
v -10.586 		41.799 		18.205
v -3.031 		45 		28.326
v -10.464 		0.972 		4.825
v -2.761 		45 		27.49
v -10.578 		0.398 		4.678
v -2.531 		45 		26.756
v -10.61 		0.389 		4.676
v -0.5901 		12.7007 		1.7389
v -0.6104 		12.6186 		1.732
v -0.6104 		12.6184 		1.732
v -11.222 		41.872 		17.956
v -0.5684 		12.7884 		1.7463
v -2.341 		45 		26.139
v -2.192 		45 		25.647
v -9.337 		0.648 		9.174
v -12.8497 		28.2159 		4.096
v -12.618 		28.098 		4.1446
v -2.021 		45 		25.073
v -2.086 		45 		25.29
v -13 		28.228 		4.096
v -13.697 		28.172 		4.096
v -10.784 		41.75 		18.367
v -9.836 		0.962 		8.517
v -9.707 		0.827 		8.328
v -9.707 		0.374 		8.687
v -14.373 		28.003 		4.096
v -13 		28.2924 		4.0579
v -12.9998 		28.2923 		4.058
v -9.627 		0.249 		8.465
v -10.889 		41.403 		18.344
v -3.337 		42.679 		28.326
v -13.4368 		28.6428 		3.83
v -13.176 		28.382 		3.9966
v -9.6 		0.119 		8.234
v -13.781 		28.615 		3.83
v -10.586 		41.453 		18.087
v -3.076 		42.609 		27.49
v -13.4373 		28.6433 		3.8296
v -10.784 		41.421 		18.255
v -10.586 		41.098 		18.017
v -2.853 		42.549 		26.756
v -10.61 		0.441 		10.272
v -14.539 		28.426 		3.83
v -2.67 		42.5 		26.139
v -15.25 		28.118 		3.83
v -2.526 		42.462 		25.647
v -11.235 		31.764 		17.735
v -10.889 		31.836 		17.559
v -2.423 		42.434 		25.29
v -15.475 		28.48 		3.536
v -10.727 		0.772 		9.396
v -10.784 		31.869 		17.477
v -16.182 		28.021 		3.536
v -2.361 		42.417 		25.073
v -11 		0.272 		4.991
v -11 		0.355 		4.668
v -6.684 		39.684 		32.391
v -16.897 		28.812 		2.5
v -11 		0.939 		4.403
v -8.033 		38.129 		31.3
v -10.727 		0.963 		4.406
v -17.078 		29.013 		2.113
v -6.39 		39.39 		31.3
v -10.464 		0.734 		9.329
v -10.464 		0.182 		9.67
v -11.61 		31.72 		17.843
v -12 		31.09 		17.479
v -0.2249 		14.6711 		1.8624
v -11.61 		31.109 		17.444
v -10.784 		41.082 		18.187
v -12 		31.705 		17.879
v -0.2248 		14.6715 		1.8624
v -0.2134 		14.8156 		1.8684
v -0.2043 		14.9303 		1.8732
v -0.2071 		14.8956 		1.8718
v -9.586 		-0.984 		10.253
v -0.225 		14.7743 		1.9433
v -0.2144 		14.8539 		1.9076
v -0.2116 		14.8754 		1.8979
v -9.889 		-0.292 		10.289
v -0.2099 		14.8879 		1.8923
v -10.889 		41.073 		18.277
v -10.704 		0.969 		4.407
v -16.967 		30.868 		1.638
v -10.337 		41.888 		17.903
v -10.337 		41.513 		17.776
v -10.578 		0.449 		4.341
v -10.61 		0.44 		4.34
v -19.698 		30.802 		1.147
v -16.698 		29.71 		1.732
v -16.4851 		29.6324 		1.7557
v -11.01 		32.097 		16.919
v -11.149 		32.053 		17.027
v -16.7632 		29.467 		1.732
v -10.836 		41.58 		17.433
v -11.01 		41.924 		17.782
v -11.01 		41.537 		17.651
v -11 		0.406 		4.336
v -17.39 		29.962 		1.638
v -11.149 		41.515 		17.768
v -12.111 		0.65 		4.743
v -17.649 		28.996 		1.638
v -11.149 		41.89 		17.896
v -11.222 		41.503 		17.83
v -16.9739 		29.3444 		1.71
v -11.222 		32.029 		17.084
v -12.216 		0.725 		4.762
v -11.273 		0.902 		4.807
v -18.04 		30.198 		1.532
v -11.536 		0.972 		4.825
v -18.33 		29.116 		1.532
v -10.337 		32.05 		17.034
v -10.586 		31.932 		17.322
v -10.235 		-0.238 		10.463
v -9.889 		-0.935 		10.496
v -11.765 		0.488 		4.701
v -11.39 		0.389 		4.676
v -9.152 		-0.558 		9.442
v -10.836 		32.179 		16.717
v -11.149 		41.129 		17.691
v -11.01 		41.141 		17.572
v -12.111 		0.706 		4.374
v -11.765 		0.541 		4.353
v -10.707 		32.273 		16.487
v -11.222 		41.123 		17.754
v -18.645 		30.418 		1.414
v -11.39 		0.44 		4.34
v -18.964 		29.228 		1.414
v -11.273 		0.963 		4.406
v -12 		31.938 		17.309
v -12.273 		31.948 		17.283
v -0.2095 		14.8909 		1.891
v -0.2077 		14.9046 		1.8848
v -0.2053 		14.9229 		1.8766
v -9.586 		-0.366 		10.054
v -9.423 		-0.424 		9.867
v -0.2047 		14.9275 		1.8745
v -11.727 		31.948 		17.283
v -9.337 		-0.455 		9.768
v -0.2047 		14.9277 		1.8744
v -10.337 		41.129 		17.699
v -11.464 		31.979 		17.207
v -9.423 		-1.024 		10.06
v -12.273 		41.811 		18.164
v -12 		41.803 		18.191
v -11.464 		41.834 		18.085
v -11.464 		41.477 		17.963
v -10.586 		31.369 		16.955
v -11.727 		41.811 		18.164
v -10.222 		-0.44 		9.818
v -10.889 		31.251 		17.177
v -10.784 		31.292 		17.1
v -9.707 		-0.625 		9.225
v -9.896 		-0.532 		9.523
v -11.235 		31.163 		17.343
v -12.216 		0.782 		4.383
v -19.198 		30.62 		1.286
v -19.544 		29.33 		1.286
v -11.727 		41.102 		17.973
v -1.88 		10.204 		3.623
v -11.727 		41.461 		18.045
v -10.836 		31.672 		16.386
v -12.273 		41.102 		17.973
v -12 		41.1 		18.002
v -9.836 		-0.554 		9.454
v -0.132 		12.033 		1.638
v -0.802 		10.96 		1.532
v -12 		41.456 		18.073
v -12.273 		41.461 		18.045
v -10.01 		-0.491 		9.654
v -1.4013 		11.276 		3.623
v -9.889 		0.724 		4
v -11.464 		41.11 		17.89
v -11.222 		31.488 		16.731
v -9.039 		-1.188 		9.255
v -1.3985 		11.2805 		3.6191
v -11.149 		31.517 		16.678
v -9.152 		-1.113 		9.621
v -10.627 		42.297 		16.524
v -11.01 		31.571 		16.576
v -10.707 		42.888 		16.513
v -10.6 		42.216 		16.796
v -10.6 		42.68 		17.023
v -9.337 		-1.044 		9.958
v -17.228 		29.179 		1.71
v -7.843 		37.799 		30.247
v -10.627 		42.574 		17.282
v -10.337 		31.513 		16.684
v -10.707 		42.058 		17.33
v -6.121 		39.121 		30.247
v -4.799 		40.843 		30.247
v -7.67 		37.5 		29.25
v -10.235 		0.559 		4
v -10.627 		42.136 		17.068
v -0.9705 		11.9714 		3.0223
v -0.9581 		11.9962 		3.0156
v -0.958 		11.9963 		3.0156
v -0.858 		11.958 		2.431
v -11 		0.959 		4
v -10.727 		0.984 		4
v -10.704 		0.99 		4
v -10.627 		42.786 		16.763
v -17.2357 		29.1876 		1.6828
v -17.4876 		28.9675 		1.6589
v -17.3054 		29.1267 		1.6762
v -10.6 		41.734 		16.632
v -17.6648 		28.8151 		1.638
v -10.627 		41.68 		16.913
v -10.6 		41.24 		16.533
v -10.586 		30.844 		16.516
v -10.784 		30.754 		16.65
v -5.876 		38.876 		29.25
v -10.707 		41.628 		17.184
v -4.5 		40.67 		29.25
v -10.627 		41.212 		16.82
v -16.447 		28.314 		3.214
v -10.61 		0.457 		4
v -3.999 		40.381 		27.49
v -10.578 		0.466 		4
v -10.707 		41.186 		17.095
v -10.836 		41.162 		17.349
v -3.799 		40.265 		26.756
v -9.896 		-1.096 		9.704
v -11 		0.423 		4
v -3.635 		40.17 		26.139
v -9.707 		-1.159 		9.397
v -11.273 		0.984 		4
v -12.778 		42.565 		18.349
v -12.111 		0.724 		4
v -3.506 		40.096 		25.647
v -11.765 		0.559 		4
v -9.836 		-1.111 		9.633
v -3.414 		40.043 		25.29
v -16.686 		28.579 		2.868
v -3.358 		40.011 		25.073
v -12.216 		0.801 		4
v -12.778 		42.228 		18.13
v -13.164 		42.749 		18.004
v -12.99 		42.296 		17.964
v -17.644 		28.118 		2.5
v -17.86 		28.287 		2.113
v -4.233 		40.516 		28.326
v -12.99 		42.648 		18.194
v -18.039 		28.426 		1.71
v -5.658 		38.658 		28.326
v -5.467 		38.467 		27.49
v -12.296 		42.149 		18.322
v -11.727 		31.389 		16.918
v -12.536 		42.178 		18.253
v -5.304 		38.304 		26.756
v -12.273 		31.389 		16.918
v -9.152 		-0.023 		9.194
v -9.039 		-0.169 		8.856
v -9.039 		-0.899 		8.351
v -11.39 		0.457 		4
v -9 		-0.784 		8.719
v -12 		31.376 		16.942
v -13.164 		42.378 		17.762
v -12.2716 		0.842 		3.1394
v -12.2371 		0.8166 		3.0985
v -12.216 		0.801 		3.0735
v -12.2147 		0.8001 		3.072
v -12.2843 		0.8514 		3.1544
v -9 		-0.32 		8.505
v -12.288 		0.8541 		3.1587
v -13.293 		42.472 		17.532
v -0.7798 		11.9281 		1.6609
v -0.8878 		11.6801 		1.638
v -0.8901 		11.675 		1.6374
v -5.17 		38.17 		26.139
v -9.039 		-0.668 		9.088
v -12.111 		0.724 		2.9495
v -12.0294 		0.6851 		2.868
v -5.065 		38.065 		25.647
v -13.164 		41.987 		17.571
v -11.464 		30.912 		16.416
v -0.9834 		11.4596 		1.6135
v -1.0338 		11.3427 		1.5981
v -0.9252 		11.594 		1.6284
v -4.989 		37.989 		25.29
v -12.0287 		0.6848 		2.8672
v -9.836 		-0.018 		9.206
v -9.707 		-0.112 		8.987
v -9.627 		-0.703 		8.977
v -1.1501 		11.0732 		1.5627
v -1.2509 		10.8397 		1.532
v -9.6 		-0.784 		8.719
v -12.103 		0.188 		2.5
v -18.0365 		28.5005 		1.5853
v -18.0835 		28.4607 		1.5786
v -11.974 		0.6587 		2.8011
v -11.9571 		0.6506 		2.7807
v -13.293 		42.864 		17.788
v -11.765 		0.559 		2.5489
v -11.8967 		0.6218 		2.7077
v -11.7176 		0.5461 		2.5
v -13.414 		42.131 		18.367
v -13.663 		42.249 		18.079
v -13.663 		42.59 		18.302
v -11.7159 		0.5457 		2.4979
v -12 		30.852 		16.504
v -18.4243 		28.0419 		1.532
v -18.3755 		28.1019 		1.5387
v -0.7205 		12.1697 		1.6858
v -8.241 		38.489 		32.391
v -11.278 		0.9854 		2.5
v -11.727 		30.867 		16.482
v -11.5365 		0.4968 		2.2723
v -12.273 		30.867 		16.482
v -19.071 		28 		1.414
v -11.4099 		0.4624 		2.113
v -19.66 		28 		1.286
v -11.273 		0.984 		2.4932
v -11.464 		31.427 		16.847
v -11 		0.959 		2.1642
v -11.2318 		0.9802 		2.4434
v -15.044 		50.272 		35.7
v -10.9512 		0.9635 		2.113
v -16.305 		49.305 		35.7
v -10.9492 		0.9637 		2.1104
v -13.111 		31.836 		17.559
v -11.39 		0.457 		2.0814
v -11.3651 		0.4548 		2.048
v -18.459 		28 		1.5263
v -15.297 		50.71 		34.609
v -14 		25.8839 		9.3611
v -14 		26.46 		9.312
v -14 		25.9454 		9.5251
v -12.765 		31.764 		17.735
v -10.9019 		0.968 		2.048
v -10.0818 		0.6321 		1.9415
v -10.235 		0.559 		1.9376
v -15.536 		51.124 		33.5
v -10.24 		0.5576 		1.9376
v -9.627 		-0.214 		8.751
v -16.662 		49.662 		34.609
v -17 		50 		33.5
v -9.707 		-0.942 		8.214
v -9.6 		-0.32 		8.505
v -9.551 		0.451 		1.932
v -9.627 		-0.426 		8.259
v -10 		0.412 		1.932
v -9.7559 		0.822 		1.9493
v -9.889 		0.724 		1.9455
v -9.627 		-0.864 		8.462
v -9.6332 		0.9123 		1.9529
v -9.632 		0.9132 		1.9529
v -9.586 		0.947 		1.9539
v -13.848 		42.754 		17.993
v -14.495 		25.9454 		9.5251
v -14 		25.6424 		8.718
v -14 		25.4947 		8.3246
v -13.373 		42.989 		17.553
v -14 		25.4449 		8.192
v -9.5742 		25.4607 		8.2339
v -9.4159 		25.4449 		8.192
v -9.5617 		0.9735 		1.9547
v -9.8957 		25.4928 		8.3194
v -11.4991 		25.5462 		8.4616
v -11.5 		25.5462 		8.4617
v -10.902 		25.5263 		8.4087
v -10 		0.6711 		1.9436
v -10.0014 		0.6704 		1.9435
v -10.0766 		0.6346 		1.9416
v -12.5671 		25.5106 		8.367
v -13.961 		42.933 		17.658
v -13.1043 		25.4928 		8.3194
v -13.5845 		25.4449 		8.192
v -9.864 		25.68 		8.03
v -13.848 		42.383 		17.751
v -10.713 		0.9877 		1.9522
v -10.704 		0.99 		1.9524
v -11.5 		25.83 		8.03
v -9.771 		26.234 		7
v -11.5 		26.392 		7
v -17.316 		50.316 		32.391
v -10.4566 		0.4989 		1.934
v -10.449 		0.451 		1.932
v -10.4398 		0.5035 		1.9344
v -10.5416 		0.4759 		1.932
v -11.6875 		0.0275 		1.879
v -17.61 		50.61 		31.3
v -13.848 		41.99 		17.559
v -9.69 		26.71 		5.917
v -10.578 		0.466 		1.9308
v -10.61 		0.457 		1.9297
v -10.992 		27.729 		4.096
v -11.7031 		0.0117 		1.8773
v -7 		36.66 		0
v -9.039 		-1.343 		8.494
v -12.778 		41.872 		17.956
v -8.58 		37.397 		0
v -10.6118 		0.4568 		1.9297
v -10.264 		37.848 		0
v -12 		38 		0
v -9 		-1.266 		8.875
v -12.296 		41.813 		18.157
v -12.39 		31.72 		17.843
v -12.39 		31.109 		17.444
v -11.4183 		0.2947 		1.9018
v -10.9358 		0.4286 		1.9226
v -10.9364 		0.4285 		1.9225
v -11 		0.423 		1.9205
v -10.8441 		0.4366 		1.9246
v -12.536 		41.834 		18.085
v -12.536 		41.477 		17.963
v -9.6 		-1.266 		8.875
v -9.627 		-1.211 		9.141
v -11.254 		0.4451 		1.9149
v -11.2656 		0.4462 		1.9146
v -13.736 		37.848 		0
v -11.3293 		0.4517 		2
v -11.2743 		0.4469 		1.9263
v -11.2705 		0.4466 		1.9211
v -11.2695 		0.4465 		1.9198
v -11.2671 		0.4463 		1.9166
v -12.536 		31.979 		17.207
v -12.296 		41.462 		18.038
v -12.296 		41.103 		17.966
v -9 		0.528 		7.909
v -9 		0.902 		7.535
v -13.111 		41.073 		18.277
v -7.076 		36.529 		0.347
v -9.039 		0.31 		7.604
v -9.039 		0.655 		7.26
v -13.111 		41.403 		18.344
v -12.99 		32.097 		16.919
v -11.5 		26.876 		5.917
v -12.778 		32.029 		17.084
v -10.8273 		0.9748 		1.9496
v -10.7339 		0.9834 		1.9517
v -13.164 		41.58 		17.433
v -10.727 		0.984 		1.9518
v -10.8655 		0.9713 		2
v -10.8426 		0.9734 		1.9698
v -13.104 		32.151 		16.787
v -12.778 		41.123 		17.754
v -12.99 		41.141 		17.572
v -13.164 		32.179 		16.717
v -10.8273 		0.9748 		1.9496
v -10.8329 		0.9743 		1.9569
v -10.8291 		0.9747 		1.9519
v -13.293 		32.273 		16.487
v -12.99 		41.537 		17.651
v -12.414 		0.867 		4.798
v -11.803 		27.554 		4.33
v -12.414 		0.927 		4.402
v -13.848 		32.184 		16.705
v -7.019 		36.627 		0.174
v -12.778 		41.503 		17.83
v -12.536 		41.11 		17.89
v -14.627 		0.997 		4.096
v -11.5 		27.276 		4.788
v -12.414 		0.947 		4
v -13.577 		32.009 		17.134
v -13.414 		31.932 		17.322
v -13.663 		32.05 		17.034
v -13.75 		0.882 		3.83
v -14.307 		0.181 		3.536
v -12.99 		41.924 		17.782
v -13.525 		0.52 		3.536
v -8.696 		37.077 		0.518
v -12.818 		0.979 		3.536
v -19.201 		49.157 		30.247
v -19.5 		49.33 		29.25
v -8.632 		37.254 		0.347
v -11.432 		27.3936 		4.33
v -11.5 		27.3973 		4.3394
v -11.4994 		27.3973 		4.3393
v -11.4304 		27.3936 		4.3297
v -11.2072 		27.3837 		4.2912
v -11.2067 		27.3836 		4.2911
v -10.8764 		27.3761 		4.2077
v -8.593 		37.361 		0.174
v -10.6501 		27.3709 		4.1505
v -16.272 		46.145 		38.674
v -11.2896 		27.3873 		4.3054
v -13.319 		0.188 		3.214
v -10.426 		36.925 		0.845
v -12.553 		0.686 		3.214
v -16.33 		47.5 		37.75
v -10.368 		37.254 		0.684
v -12.414 		0.947 		3.2929
v -10.323 		37.513 		0.518
v -12.3347 		0.8885 		3.214
v -10.4343 		27.366 		4.096
v -10.29 		37.698 		0.347
v -10.27 		37.811 		0.174
v -16.272 		43.855 		38.674
v -12.314 		0.421 		2.868
v -15.83 		42.789 		38.674
v -11.7236 		27.3641 		4.3868
v -11.8868 		27.3398 		4.4215
v -12.1354 		27.3072 		4.4583
v -12.288 		27.2872 		4.4809
v -12.0635 		27.3166 		4.4477
v -12 		37.063 		0.845
v -14.461 		0.574 		3.83
v -12 		37.397 		0.684
v -16.33 		42.5 		37.75
v -15.536 		41.464 		37.75
v -10 		-0.42 		1.879
v -9.406 		-0.368 		1.879
v -15.928 		41.072 		36.753
v -13.136 		25.68 		8.03
v -15.928 		48.928 		36.753
v -13.111 		31.251 		17.177
v -14 		25.4037 		8.0821
v -10 		-1.226 		1.813
v -14 		25.4036 		8.0818
v -14 		25.4387 		8.03
v -9.266 		-1.162 		1.813
v -9.152 		0.101 		7.311
v -14.5 		40.67 		37.75
v -12.765 		31.163 		17.342
v -9.132 		-1.924 		1.732
v -12 		38.407 		34.609
v -9.627 		0.68 		8.123
v -12.536 		31.427 		16.847
v -14.778 		40.189 		36.753
v -11.17 		-0.214 		1.879
v -9.627 		0.375 		7.696
v -9.6 		0.528 		7.909
v -12.778 		31.488 		16.731
v -10.594 		-0.368 		1.879
v -12.99 		31.571 		16.576
v -12.113 		-0.66 		1.813
v -13.663 		41.129 		17.699
v -11.445 		-0.971 		1.813
v -9.6 		0.902 		7.535
v -13.104 		31.637 		16.452
v -10.734 		-1.162 		1.813
v -12 		37.659 		0.518
v -9.836 		0.094 		7.301
v -13.663 		41.513 		17.776
v -9.707 		0.229 		7.49
v -12 		37.848 		0.347
v -13.663 		41.888 		17.903
v -11.71 		-1.698 		1.732
v -13.848 		41.582 		17.42
v -13.164 		31.672 		16.386
v -10.868 		-1.924 		1.732
v -9.627 		0.729 		7.342
v -13.414 		41.098 		18.017
v -13.414 		41.453 		18.087
v -9.039 		0.963 		6.874
v -12.536 		30.912 		16.416
v -11.922 		-0.013 		2.113
v -9.152 		0.418 		6.994
v -13.414 		41.799 		18.205
v -9.152 		0.701 		6.64
v -9.152 		0.947 		6.253
v -12.1394 		-0.3371 		1.8335
v -11.829 		-0.116 		1.863
v -12.1043 		-0.3121 		1.8368
v -13.293 		42.058 		17.33
v -13.663 		31.513 		16.684
v -13.577 		31.463 		16.778
v -13.293 		42.888 		16.513
v -13.414 		31.369 		16.955
v -11.7562 		-0.0421 		1.8714
v -9.707 		0.861 		6.783
v -13.4 		42.68 		17.023
v -13.373 		42.574 		17.282
v -14.166 		-0.179 		3.214
v -13.414 		30.844 		16.516
v -9.707 		0.563 		7.157
v -14.039 		-0.503 		2.868
v -13.133 		-0.111 		2.868
v -13.927 		-0.79 		2.5
v -13.373 		42.136 		17.068
v -9.836 		0.41 		6.985
v -12.969 		-0.375 		2.5
v -10.01 		0.276 		6.835
v -13.961 		42.101 		17.185
v -12 		29.994 		16.447
v -13.83 		-1.036 		2.113
v -13.961 		42.528 		17.394
v -9.337 		0.199 		6.75
v -14 		42.68 		17.023
v -12 		30.518 		16.999
v -12.828 		-0.602 		2.113
v -11.61 		30.539 		16.967
v -11.61 		30.018 		16.418
v -11.235 		30.603 		16.873
v -13 		27.75 		4.33
v -14.947 		-1.044 		2.5
v -10.889 		30.706 		16.721
v -13.961 		42.831 		16.652
v -13.608 		27.701 		4.33
v -14.898 		-1.302 		2.113
v -13.373 		42.297 		16.524
v -12.5 		-1.33 		1.732
v -13.373 		42.786 		16.763
v -13.687 		-1.394 		1.638
v -13.4 		42.216 		16.796
v -12.39 		30.018 		16.418
v -12.868 		-1.967 		1.638
v -12.765 		30.603 		16.873
v -14.132 		-1.924 		1.532
v -13.111 		30.706 		16.721
v -13.961 		42.332 		16.407
v -14 		42.216 		16.796
v -15.008 		27.729 		4.096
v -12.39 		30.539 		16.967
v -13.75 		-1.24 		1.71
v -13.229 		26.234 		7
v -12.7276 		-0.7634 		1.7671
v -12.8379 		-0.8179 		1.7557
v -13.164 		41.162 		17.349
v -13.293 		41.628 		17.184
v -10.836 		32.783 		15.238
v -13.0686 		-0.9318 		1.732
v -13.1677 		-0.9822 		1.7194
v -13.2419 		-1.0199 		1.71
v -11.222 		32.933 		14.87
v -13.293 		41.186 		17.095
v -14 		25.7213 		7.5284
v -12 		37.962 		0.174
v -14.8553 		25.6201 		7.284
v -12.3548 		-0.4907 		1.813
v -12.6271 		-0.6899 		1.7794
v -14.197 		27.554 		4.33
v -13.7401 		-1.265 		1.6449
v -13.7986 		-1.2824 		1.638
v -13.373 		41.68 		16.913
v -8.9 		36.517 		0.845
v -14.75 		27.315 		4.33
v -13.4647 		-1.1289 		1.6822
v -13.6179 		-1.2046 		1.6614
v -15.581 		27.356 		4.096
v -8.786 		36.83 		0.684
v -13.4 		41.734 		16.632
v -14.906 		25.766 		7
v -13.373 		41.212 		16.82
v -14.858 		-1.515 		1.71
v -10.496 		36.529 		1
v -12 		36.66 		1
v -14.8404 		-1.6075 		1.481
v -12.765 		40.739 		18.45
v -15.4474 		25.5025 		7
v -12.422 		40.739 		18.56
v -12.39 		40.739 		18.571
v -13.574 		36.925 		0.845
v -9.836 		0.692 		6.632
v -14.4104 		-1.471 		1.551
v -14.5438 		-1.5122 		1.532
v -9.836 		0.937 		6.246
v -13.632 		37.254 		0.684
v -10.01 		0.544 		6.5
v -12 		40.739 		18.611
v -10.1227 		1.0052 		0
v -10.1219 		1.0061 		0
v -11.235 		40.739 		18.45
v -11.149 		32.91 		14.928
v -9.5206 		1.0182 		0
v -11.61 		40.739 		18.571
v -13.677 		37.513 		0.518
v -10.0194 		1.1421 		0
v -10.038 		40.739 		16.912
v -13.71 		37.698 		0.347
v -9.586 		0.007 		6.536
v -10.152 		40.739 		17.308
v -9.337 		0.459 		6.425
v -9.586 		0.247 		6.236
v -9.5197 		1.0192 		0
v -13.73 		37.811 		0.174
v -10.0185 		1.1433 		0
v -10 		40.739 		16.5
v -10.01 		0.777 		6.133
v -13.504 		36.529 		1
v -10.784 		40.739 		18.165
v -10.586 		40.739 		17.993
v -9.337 		0.873 		5.687
v -9.337 		0.685 		6.069
v -10.889 		40.739 		18.255
v -10.784 		38 		14.836
v -11.01 		32.865 		15.036
v -10.01 		0.971 		5.74
v -9.889 		0.267 		5.775
v -9.586 		0.455 		5.908
v -9.889 		0.429 		5.448
v -9.586 		0.629 		5.556
v -12.39 		38 		14.43
v -12.392 		27.701 		4.33
v -9.586 		0.767 		5.184
v -9.889 		0.65 		4.743
v -9.889 		0.557 		5.102
v -10 		34.422 		16.5
v -10 		33.921 		16.467
v -9.586 		0.867 		4.798
v -10.038 		33.882 		16.876
v -10.038 		34.422 		16.912
v -13.31 		26.71 		5.917
v -9.586 		0.927 		4.402
v -10.152 		33.844 		17.27
v -12.778 		32.933 		14.87
v -12.99 		32.865 		15.036
v -13.164 		32.783 		15.238
v -10.152 		34.422 		17.308
v -9.586 		0.947 		4
v -10.038 		32.829 		16.593
v -9.115 		0.568 		1.932
v -10.038 		33.349 		16.769
v -10.152 		33.274 		17.155
v -15.25 		26.99 		4.33
v -11.61 		33.725 		18.524
v -9.039 		-0.067 		7.903
v -9.039 		-0.472 		8.153
v -16.076 		26.896 		4.096
v -12 		33.721 		18.565
v -9.152 		-0.617 		7.815
v -9.152 		-0.245 		7.585
v -15.065 		26.22 		5.917
v -13.848 		32.778 		15.249
v -9.152 		-1.01 		7.997
v -10.586 		34.422 		17.993
v -13.663 		32.912 		14.921
v -9.707 		-0.136 		7.78
v -16.3027 		25.312 		6.54
v -11.149 		34.422 		17.665
v -11.01 		34.422 		17.545
v -9.627 		-0.011 		8.002
v -11.235 		32.922 		14.04
v -11.222 		34.422 		17.729
v -9.707 		-0.528 		8.022
v -10.784 		32.793 		14.282
v -13 		27.247 		4.532
v -10.337 		34.422 		17.673
v -10.889 		32.834 		14.205
v -9.836 		-0.251 		7.575
v -11.01 		33.822 		17.505
v -11.149 		33.811 		17.625
v -13.514 		27.205 		4.532
v -11.61 		32.976 		13.938
v -11.222 		33.804 		17.688
v -9.337 		-0.41 		7.293
v -12 		32.994 		13.903
v -10.337 		33.81 		17.632
v -9.337 		-0.751 		7.504
v -13.377 		27.105 		4.788
v -11.464 		34.422 		17.865
v -11.727 		34.422 		17.949
v -12 		34.422 		17.978
v -12.273 		34.422 		17.949
v -13.111 		32.834 		14.205
v -9.152 		-1.418 		8.128
v -12.765 		32.922 		14.04
v -11.464 		33.792 		17.823
v -9.337 		-1.487 		7.791
v -11.235 		33.059 		18.269
v -12.422 		32.971 		13.947
v -10.889 		33.096 		18.079
v -9.337 		-1.112 		7.671
v -11.235 		33.736 		18.405
v -12.39 		32.976 		13.938
v -10.889 		33.755 		18.211
v -9.586 		-0.261 		6.803
v -14.012 		27.081 		4.532
v -10.784 		33.113 		17.99
v -10.586 		33.779 		17.95
v -10.784 		33.763 		18.121
v -10.038 		31.857 		16.04
v -9.337 		-0.092 		7.04
v -9.586 		-0.554 		7.036
v -10.038 		31.416 		15.671
v -15.196 		26.596 		4.788
v -10.152 		31.678 		16.375
v -10.152 		31.206 		15.98
v -11.149 		33.207 		17.504
v -11.222 		33.195 		17.565
v 0 		3 		0
v -10.152 		30.775 		15.525
v -0.152 		1.264 		0
v -10.586 		33.145 		17.823
v -10.337 		33.205 		17.511
v -15.681 		26.589 		4.33
v -10 		31.633 		15.348
v -10 		31.259 		14.954
v -11.61 		33.036 		18.386
v -10.038 		31.506 		14.663
v -10 		30.925 		14.513
v -12 		33.029 		18.426
v -10.038 		31.012 		15.245
v -12 		33.781 		17.935
v -12.7773 		27.2288 		4.532
v -12.9709 		27.208 		4.5436
v -10.707 		31.787 		16.17
v -12.7772 		27.2288 		4.532
v -10.627 		31.912 		15.935
v -11.727 		33.784 		17.907
v -13 		27.2049 		4.5453
v -10.6 		32.042 		15.691
v -13.312 		27.1762 		4.5464
v -12.273 		33.784 		17.907
v -12 		33.148 		17.808
v -12.4751 		27.2627 		4.5085
v -12.4746 		27.2627 		4.5084
v -12.5342 		27.2561 		4.5131
v -11.727 		33.153 		17.781
v -0.937 		3 		0.845
v -0.603 		3 		0.684
v -11.464 		33.169 		17.699
v -13.3878 		27.1692 		4.5466
v -0.341 		3 		0.518
v -10.627 		32.172 		15.447
v -10.707 		32.689 		15.468
v -0.152 		3 		0.347
v -0.038 		3 		0.174
v -12.273 		33.153 		17.781
v -10.627 		32.375 		16.237
v -0.746 		1.368 		0.684
v -10.627 		34.422 		16.788
v -10.707 		34.422 		17.066
v -10.836 		34.422 		17.321
v -10.6 		34.422 		16.5
v -10.627 		33.894 		16.753
v -10.6 		32.481 		15.977
v -10.836 		33.843 		17.283
v -0.487 		1.323 		0.518
v -10.627 		32.587 		15.718
v -10.707 		33.867 		17.029
v -13.9163 		27.018 		4.5587
v -13.7581 		27.0628 		4.557
v -13.9802 		27 		4.5593
v -14.336 		26.9052 		4.5423
v -0.302 		1.29 		0.347
v -14.4621 		26.8716 		4.5363
v -14.479 		26.879 		4.532
v -14.4726 		26.8687 		4.5357
v -14.5087 		26.8597 		4.532
v -0.189 		1.27 		0.174
v -10.6 		33.921 		16.467
v -15.0207 		26.7356 		4.4631
v -15.2284 		26.6892 		4.4213
v -15.2274 		26.6894 		4.4215
v -10.707 		33.32 		16.919
v -10.836 		33.272 		17.168
v -11.149 		31.017 		16.259
v -10.235 		2.528 		8.269
v -10.836 		31.199 		15.99
v -13.5008 		27.1355 		4.5544
v -10.235 		2.071 		8.842
v -13.4987 		27.1361 		4.5542
v -13.4546 		27.1493 		4.5512
v -11.01 		33.229 		17.386
v -10.61 		2.608 		8.34
v -15.3746 		26.624 		4.4012
v -15.4429 		26.5936 		4.3917
v -11.01 		31.081 		16.165
v -15.598 		26.5244 		4.3704
v -15.5967 		26.525 		4.3706
v -11 		2.635 		8.364
v -10.627 		32.864 		16.476
v -15.7918 		26.4422 		4.33
v -15.7934 		26.4415 		4.3296
v -16.262 		26.2494 		4.2086
v -16.2627 		26.2492 		4.2084
v -10.61 		2.143 		8.922
v -16.0207 		26.3483 		4.2709
v -11 		2.167 		8.95
v -16.384 		26.2022 		4.1681
v -11.222 		30.984 		16.309
v -10.707 		32.786 		16.738
v -10.627 		33.372 		16.649
v -11.39 		2.608 		8.34
v -11.39 		2.143 		8.923
v -12.39 		33.725 		18.524
v -10.235 		1.558 		9.354
v -12.536 		34.422 		17.865
v -12.778 		34.422 		17.729
v -12.536 		33.792 		17.823
v -12.99 		33.822 		17.505
v -12.99 		34.422 		17.545
v -10.337 		31.013 		16.265
v -12.778 		33.804 		17.688
v -10.0328 		27.3718 		3.9388
v -10.24 		27.3685 		4.021
v -13.577 		34.422 		17.784
v -13.577 		33.799 		17.742
v -9.586 		1.317 		9.015
v -13.663 		34.422 		17.673
v -10.41 		27.3658 		4.0884
v -10.4101 		27.3658 		4.0884
v -10.836 		30.767 		15.535
v -10.4233 		27.3659 		4.0925
v -9.337 		1.148 		8.778
v -9.423 		1.206 		8.86
v -13.663 		33.81 		17.632
v -13.414 		34.422 		17.993
v -10.627 		31.481 		15.574
v -15.892 		27.701 		3.83
v -9.889 		1.455 		9.209
v -9.889 		1.954 		8.711
v -13.111 		33.096 		18.079
v -13.111 		33.755 		18.211
v -12.765 		33.059 		18.269
v -12.39 		33.036 		18.386
v -10.707 		31.334 		15.791
v -12.765 		33.736 		18.405
v -17 		26.46 		9.312
v -10.222 		1.177 		8.819
v -17 		25.312 		6.54
v -16.564 		25.1524 		6.6061
v -16.711 		25.419 		5.917
v -10.222 		1.638 		8.359
v -12.778 		33.195 		17.565
v -12.536 		33.169 		17.699
v -16.477 		26.364 		4.096
v -10.836 		32.412 		14.996
v -10.707 		32.297 		15.212
v -9.423 		1.671 		8.395
v -9.337 		1.605 		8.321
v -16.903 		25.766 		4.788
v -9.586 		1.796 		8.535
v -18.446 		24.638 		4.788
v -16.6005 		26.1183 		4.096
v -13.663 		33.205 		17.511
v -13.577 		33.185 		17.619
v -13.414 		33.145 		17.823
v -13.414 		33.779 		17.95
v -10.627 		31.786 		15.123
v -13.104 		34.422 		17.399
v -10.01 		1.528 		8.235
v -10.01 		1.08 		8.683
v -13.164 		34.422 		17.321
v -13.293 		34.422 		17.066
v -13.104 		33.836 		17.36
v -13.164 		33.843 		17.283
v -10.707 		31.932 		14.906
v -13.293 		33.867 		17.029
v -13.961 		34.422 		16.912
v -13.848 		33.844 		17.27
v -20.067 		26.578 		1.147
v -13.848 		34.422 		17.308
v -11.01 		32.513 		14.806
v -13.373 		34.422 		16.788
v -13.4 		34.422 		16.5
v -11.222 		32.282 		14.388
v -13.373 		33.894 		16.753
v -13.4 		33.921 		16.467
v -11.222 		32.596 		14.651
v -11.149 		32.568 		14.704
v -14 		34.422 		16.5
v -14 		33.921 		16.467
v -13.961 		33.882 		16.876
v -9.896 		1.003 		8.575
v -20.529 		26.496 		1
v -20.925 		26.426 		0.845
v -11 		1.071 		9.927
v -10.61 		1.052 		9.894
v -21.254 		26.368 		0.684
v -10.61 		1.622 		9.443
v -12.99 		33.229 		17.386
v -13.164 		33.272 		17.168
v -13.293 		33.32 		16.919
v -13.104 		33.257 		17.244
v -21.513 		26.323 		0.518
v -11.149 		32.249 		14.438
v -11 		1.643 		9.473
v -13.293 		32.786 		16.738
v -10.836 		31.751 		14.374
v -13.848 		33.274 		17.155
v -10.836 		32.067 		14.707
v -11.01 		32.185 		14.532
v -11 		1.309 		9.004
v -10.464 		1.249 		8.92
v -10.727 		1.294 		8.983
v -12.273 		32.696 		14.464
v -12 		32.708 		14.44
v -11.727 		32.696 		14.464
v -11.464 		32.658 		14.535
v -21.698 		26.29 		0.347
v -11 		1.787 		8.525
v -10.464 		1.72 		8.45
v -10.707 		30.92 		15.354
v -10.627 		31.086 		15.158
v -10.6 		31.633 		15.348
v -20.5195 		25.2297 		0.877
v -20.6174 		25.2756 		0.845
v -10.727 		1.77 		8.506
v -10.6 		31.259 		14.954
v -21.532 		24.849 		0.845
v -10.627 		30.734 		14.693
v -10.707 		31.598 		14.554
v -10.627 		31.432 		14.75
v -9.423 		2.087 		7.875
v -9.586 		2.225 		7.999
v -9.889 		2.399 		8.154
v -10.222 		2.05 		7.843
v -9.586 		2.597 		7.412
v -21.811 		26.27 		0.174
v -9.889 		2.786 		7.545
v -10.235 		2.926 		7.643
v -10.6 		30.925 		14.513
v -13.293 		31.787 		16.17
v -13.293 		32.689 		15.468
v -20.7859 		25.3543 		0.7759
v -9.423 		2.447 		7.307
v -9.337 		2.368 		7.251
v -21.698 		25.138 		0.684
v -13.373 		31.912 		15.935
v -13.4 		32.481 		15.977
v -13.373 		32.375 		16.237
v -10.222 		2.408 		7.279
v -13.961 		31.857 		16.04
v -13.961 		32.33 		16.348
v -14 		32.481 		15.977
v -21.0103 		25.4587 		0.684
v -20.8651 		25.3913 		0.7434
v -10.01 		2.276 		7.187
v -13.4 		32.042 		15.691
v -13.373 		32.172 		15.447
v -14 		32.042 		15.691
v -13.373 		32.587 		15.718
v -21.32 		25.6029 		0.518
v -13.961 		32.633 		15.606
v -9.889 		3.109 		6.891
v -10.235 		3.258 		6.971
v -9.889 		3.365 		6.2
v -10.235 		3.521 		6.262
v -12.99 		31.081 		16.165
v -12.778 		30.984 		16.309
v -21.1654 		25.5308 		0.6009
v -21.1991 		25.5465 		0.5828
v -21.83 		25.365 		0.518
v -13.164 		31.199 		15.99
v -9.152 		2.386 		6.501
v -13.104 		31.158 		16.051
v -9.039 		2.083 		6.339
v -9.152 		2.106 		7.067
v -13.104 		30.721 		15.59
v -13.293 		31.334 		15.791
v -9.423 		2.749 		6.697
v -13.164 		30.767 		15.535
v -9.586 		2.909 		6.783
v -13.848 		31.678 		16.375
v -13.663 		31.013 		16.265
v -13.577 		30.955 		16.352
v -10.222 		2.707 		6.674
v -21.4091 		25.6447 		0.4494
v -21.4813 		25.6787 		0.3937
v -13.373 		31.481 		15.574
v -13.164 		32.412 		14.996
v -9.896 		2.171 		7.113
v -21.924 		25.529 		0.347
v -13.293 		31.932 		14.906
v -9.836 		2.116 		7.074
v -13.293 		32.297 		15.212
v -21.5419 		25.707 		0.347
v -12.296 		32.692 		14.47
v -12.536 		32.658 		14.535
v -12.778 		32.282 		14.388
v -9.337 		2.665 		6.651
v -12.778 		32.596 		14.651
v -12.99 		32.513 		14.806
v -21.6766 		25.769 		0.174
v -21.6487 		25.7562 		0.2096
v -21.5863 		25.7276 		0.2897
v -10.01 		2.567 		6.599
v -21.981 		25.627 		0.174
v -13.164 		31.751 		14.374
v -9.896 		2.455 		6.539
v -13.164 		32.067 		14.707
v -12.99 		32.185 		14.532
v -9.707 		2.201 		6.402
v -9.836 		2.396 		6.507
v -13.373 		31.786 		15.123
v -13.961 		32.228 		15.342
v -10.61 		3.012 		7.704
v -13.848 		32.406 		15.007
v -11 		2.215 		7.99
v -13.414 		32.715 		14.427
v -21.6898 		25.7751 		0.123
v -21.7131 		25.7863 		0.0313
v -10.727 		2.196 		7.973
v -10.464 		2.141 		7.924
v -13.848 		32.06 		14.717
v -13.663 		32.571 		14.698
v -11 		3.041 		7.724
v -13.663 		32.253 		14.432
v -10.727 		2.566 		7.391
v -10.464 		2.506 		7.348
v -16.447 		27.186 		3.83
v -13.293 		31.598 		14.554
v -13.293 		30.92 		15.354
v -16.792 		27.454 		3.536
v -11 		2.587 		7.405
v -17.287 		26.798 		3.536
v -17.108 		27.701 		3.214
v -13.4 		31.259 		14.954
v -13.373 		31.086 		15.158
v -13.4 		31.633 		15.348
v -17.644 		26.99 		3.214
v -11.39 		3.012 		7.704
v -11.273 		2.196 		7.973
v -17.393 		27.923 		2.868
v -13.373 		31.432 		14.75
v -17.966 		27.162 		2.868
v -10.152 		30.39 		15.017
v -11.273 		2.566 		7.391
v -10.038 		30.652 		14.77
v -10.152 		30.055 		14.46
v -18.25 		27.315 		2.5
v -10.61 		3.617 		6.299
v -11.235 		30.09 		16.333
v -10.889 		30.207 		16.195
v -18.494 		27.446 		2.113
v -11 		3.381 		7.037
v -10.61 		3.35 		7.02
v -10.586 		30.365 		16.01
v -10.784 		30.262 		16.131
v -16.897 		26.589 		3.83
v -11 		3.65 		6.312
v -17.228 		25.929 		3.83
v -17.0146 		25.967 		3.9271
v -11 		2.897 		6.777
v -11.149 		30.561 		15.778
v -11.222 		30.523 		15.823
v -17.651 		26.072 		3.536
v -10.464 		2.811 		6.73
v -10.727 		2.876 		6.765
v -18.039 		26.203 		3.214
v -11.01 		30.633 		15.693
v -18.388 		26.321 		2.868
v -11.39 		3.35 		7.02
v -10.337 		30.556 		15.784
v -11.39 		3.617 		6.299
v -10.889 		29.762 		15.607
v -18.697 		26.425 		2.5
v -10.784 		29.822 		15.551
v -18.97 		25.477 		2.5
v -10.586 		29.936 		15.443
v -11.273 		2.876 		6.765
v -18.962 		26.515 		2.113
v -19.248 		25.523 		2.113
v -9.152 		1.386 		8.077
v -11.464 		30.441 		15.919
v -9.039 		1.149 		7.811
v -9.039 		1.509 		7.361
v -9.152 		1.771 		7.595
v -12 		30.374 		15.999
v -11.727 		30.391 		15.979
v -12.273 		30.391 		15.979
v -18.697 		27.554 		1.71
v -9.337 		2.013 		7.81
v -19.544 		26.67 		1.286
v -11.727 		29.965 		15.416
v -12 		29.946 		15.434
v -10.01 		1.928 		7.735
v -12.273 		29.965 		15.416
v -9.627 		1.075 		7.729
v -11.464 		30.02 		15.364
v -9.707 		1.241 		7.914
v -9.896 		1.44 		8.137
v -9.836 		1.394 		8.085
v -12 		29.526 		15.829
v -18.7931 		27.6053 		1.4587
v -11.61 		29.553 		15.804
v -11.235 		29.633 		15.729
v -19.2983 		26.7132 		1.3402
v -19.2697 		26.7634 		1.3474
v -9.896 		1.831 		7.648
v -19.3401 		26.6423 		1.3274
v -10.707 		30.55 		14.865
v -9.707 		1.611 		7.451
v -9.627 		1.427 		7.288
v -19.0038 		27.2287 		1.414
v -10.836 		30.381 		15.025
v -9.836 		1.78 		7.602
v -11.01 		30.233 		15.164
v -19.181 		26.589 		1.71
v -11.149 		30.153 		15.239
v -11.222 		30.111 		15.279
v -19.478 		25.561 		1.71
v -10.337 		30.148 		15.244
v -19.4296 		26.385 		1.294
v -11.149 		29.799 		14.65
v -19.659 		25.59 		1.294
v -10.836 		30.045 		14.467
v -19.4505 		26.3214 		1.286
v -19.6388 		25.7638 		1.2004
v -11.222 		29.753 		14.684
v -19.6954 		25.5962 		1.1747
v -11.01 		29.885 		14.586
v -10.337 		29.793 		14.654
v -11.235 		29.235 		15.068
v -11.235 		28.903 		14.358
v -10.889 		29.375 		14.964
v -10.784 		29.44 		14.916
v -10.586 		29.564 		14.824
v -20.1423 		25.0539 		1
v -20.1374 		25.0517 		1.0013
v -20.1212 		25.0441 		1.0056
v -12 		29.12 		15.153
v -11.61 		29.149 		15.132
v -20.2206 		25.0904 		0.9745
v -11.727 		29.595 		14.801
v -12.273 		29.595 		14.801
v -18.281 		25.365 		3.214
v -18.647 		25.425 		2.868
v -11.464 		29.655 		14.757
v -12 		29.574 		14.816
v -11.61 		28.811 		14.41
v -19.88 		25.1318 		1.0862
v -12 		28.78 		14.428
v -19.8984 		24.963 		1.0585
v -12.765 		30.09 		16.333
v -12.536 		30.441 		15.919
v -13.111 		30.207 		16.195
v -12.778 		30.523 		15.823
v -12.99 		30.633 		15.693
v -19.751 		25.1633 		1.1272
v -19.7883 		24.9117 		1.0831
v -12.536 		30.02 		15.364
v -19.7302 		25.3185 		1.147
v -19.7486 		25.1796 		1.1301
v -12.765 		29.633 		15.729
v -12.39 		29.553 		15.804
v -18.64 		24.879 		3.623
v -17.1299 		25.8958 		3.8874
v -17.2595 		25.8199 		3.83
v -17.4467 		25.7157 		3.7306
v -17.6493 		25.603 		3.623
v -12.778 		30.111 		15.279
v -13.104 		30.33 		15.073
v -12.99 		30.233 		15.164
v -13.164 		30.381 		15.025
v -12.778 		29.753 		14.684
v -12.39 		29.149 		15.132
v -12.536 		29.655 		14.757
v -19.7881 		24.6965 		1.1483
v -19.802 		24.698 		1.147
v -19.7886 		24.6612 		1.1572
v -19.788 		24.7017 		1.147
v -17.8162 		25.5012 		3.536
v -18.0989 		25.3358 		3.3583
v -18.1 		25.3351 		3.3575
v -10.152 		30.846 		12.698
v -18.294 		25.2267 		3.214
v -18.2953 		25.226 		3.2128
v -10.152 		31.009 		13.162
v -18.376 		25.1835 		3.1414
v -18.432 		25.1541 		3.0919
v -18.685 		25.0211 		2.868
v -18.735 		24.997 		2.8145
v -18.7329 		24.998 		2.8167
v -18.8933 		24.8761 		2.6496
v -19.0369 		24.7663 		2.5
v -19.0907 		24.7287 		2.431
v -19.0954 		24.7247 		2.4251
v -19.2719 		24.576 		2.2022
v -21.33 		24.5 		1
v -19.5877 		23.849 		3.732
v -19.7318 		23.7348 		3.637
v -19.5922 		23.8071 		3.8296
v -19.578 		24.5 		1.71
v -19.761 		24.5 		1.294
v -19.7919 		24.5 		1.1952
v -19.7649 		24.3456 		1.2349
v -19.3425 		24.5165 		2.113
v -19.3354 		24.5224 		2.1219
v -19.3425 		24.5165 		2.113
v -19.3633 		24.5 		2.0797
v -19.3805 		24.4871 		2.048
v -19.3631 		24.5002 		2.0801
v -19.4066 		24.4675 		2
v -19.5638 		24.3495 		1.71
v -19.4802 		24.4122 		1.8642
v -19.5649 		24.3487 		1.7073
v -19.5905 		24.3319 		1.6458
v -19.6998 		24.2597 		1.382
v -19.7205 		24.246 		1.332
v -19.7206 		24.246 		1.3319
v -19.7212 		24.2456 		1.3304
v -19.7214 		24.2455 		1.3298
v -19.7231 		24.2444 		1.3259
v -19.7781 		24.1396 		1.623
v -17 		23.688 		10.46
v -16.727 		22.5 		9.899
v -17.729 		21.454 		9.899
v -17 		23.1611 		8.999
v -17 		23.1066 		9.056
v -17.163 		23.042 		8.999
v -18.248 		21.909 		8.999
v -17 		23.675 		8.3559
v -17 		24.6201 		7
v -17 		24.7413 		6.7764
v -16.8981 		24.8373 		6.7366
v -17 		23.9356 		8.03
v -17.555 		23.53 		8.03
v -18.716 		22.318 		8.03
v -17 		24.2553 		7.5491
v -17.902 		23.961 		7
v -19.129 		22.68 		7
v -19.1811 		22.0316 		7.6015
v -19.3182 		22.3982 		7
v -19.3183 		22.4001 		6.9973
v -19.3237 		22.5069 		6.849
v -19.3242 		22.5168 		6.8353
v -19.4849 		22.8135 		6.144
v -18.199 		24.331 		5.917
v -19.484 		22.991 		5.917
v -19.5377 		22.911 		5.917
v -19.538 		22.9122 		5.9142
v -19.5873 		23.0813 		5.5203
v -19.6293 		23.35 		4.8943
v -19.6365 		23.3957 		4.788
v -19.6365 		23.396 		4.7871
v -19.5439 		22.9321 		5.8678
v -19.6046 		23.6927 		4.096
v -19.5969 		23.7639 		3.9301
v -19.7531 		23.718 		3.623
v -20.0101 		23.4987 		3.4406
v -14.5352 		25.8773 		9.5533
v -15.218 		24.7194 		10.0329
v -15.3026 		24.576 		10.0922
v -15.8262 		23.688 		10.46
v -15.513 		24.2192 		10.24
v -15.8306 		23.5969 		10.24
v -15.8361 		23.4807 		9.9594
v -15.8406 		23.3863 		9.7316
v -15.8412 		23.3732 		9.6998
v -16.0861 		22.9681 		9.899
v -16.3417 		22.5453 		10.1069
v -15.8412 		23.3731 		9.6996
v -16.085 		22.9699 		9.898
v -16.384 		22.4754 		10.1413
v -15.8417 		23.3623 		9.6734
v -15.889 		23.2861 		9.717
v -16.5228 		22.2459 		10.2542
v -16.5228 		22.2459 		10.2542
v -16.813 		21.7362 		10.4113
v -17.2251 		21.0124 		10.6344
v -17.2532 		20.9598 		10.641
v -16.2566 		16.384 		14
v -15.6681 		17.5201 		14
v -18 		19 		14
v -16.384 		16.138 		14
v -18 		16 		14
v -16.4555 		16 		14
v -19.129 		20.596 		8.999
v -19.2478 		20.6677 		8.7813
v -19.2478 		20.6678 		8.7813
v -18.9054 		21.4456 		8.5472
v -18.8676 		21.5311 		8.5215
v -19.0125 		21.6915 		8.192
v -19.2735 		20.48 		8.8653
v -17.212 		19.441 		11.468
v -17.4092 		19 		11.468
v -17.902 		19.857 		10.725
v -18 		19 		11
v -18 		18.9112 		11
v -18 		18.4687 		11.168
v -17.9604 		19 		11
v -17.9893 		18.9352 		11
v -17.8897 		19 		11.06
v -18.446 		18.638 		10.725
v -18 		17.1472 		11.468
v -18 		18.0707 		11.2606
v -18 		17.1957 		11.4642
v -18.78 		17.339 		10.725
v -18 		17.1897 		11.4647
v -18.542 		20.243 		9.899
v -19.141 		18.902 		9.899
v -19.4651 		17.4651 		9.9477
v -19.466 		17.5191 		9.9317
v -19.4679 		17.629 		9.899
v -19.4679 		17.6301 		9.8987
v -19.3407 		19.4679 		9.3525
v -19.432 		19.0126 		9.4878
v -19.3382 		19.535 		9.3192
v -19.3145 		20.1811 		8.999
v -19.445 		18.5184 		9.6347
v -19.2782 		20.4454 		8.8808
v -19.0837 		21.7703 		8.03
v -19.1569 		21.9669 		7.7077
v -19.1682 		21.997 		7.6583
v -20.5318 		22.8974 		2.9404
v -16.7389 		16 		12.448
v -16.739 		16 		12.4479
v -16.9602 		15.6291 		12.288
v -17.25 		16 		12.124
v -17.1873 		15.2486 		12.124
v -18 		16 		11.5424
v -18.096 		16 		11.468
v -17.996 		14.805 		11.468
v -17.3927 		14.9158 		11.9431
v -17.7646 		14.336 		11.5514
v -18 		16.1072 		11.5355
v -18.892 		16 		10.725
v -17.8437 		14.2126 		11.468
v -15.3531 		17.5348 		15.6831
v -16.384 		18.9231 		14
v -15.6681 		17.5202 		14
v -16.4232 		19 		14
v -16.7512 		19 		12.288
v -16.8161 		19 		11.9489
v -16.8202 		19 		11.9278
v -16.8247 		19 		11.904
v -17.1382 		19.4645 		11.505
v -17.1673 		19.5077 		11.468
v -17.1674 		19.5078 		11.4679
v -17.0609 		19.35 		11.6034
v -16.8299 		19 		11.8771
v -16.8299 		19 		11.877
v -17.5286 		20.0139 		10.9307
v -17.66 		20.198 		10.7351
v -19.1688 		21.9987 		7.6554
v -20.531 		22.8984 		2.9412
v -19.4832 		24.576 		0
v -20.31 		23.713 		0
v -20.3099 		23.7131 		0
v -20.83 		23.634 		1.286
v -21.096 		24.094 		1.147
v -20.176 		23.596 		2.431
v -20.267 		23.676 		1.3296
v -20.2657 		23.6774 		1.3294
v -20.1567 		23.7932 		1.3166
v -20 		23.9597 		1.2981
v -19.8974 		24.0687 		1.286
v -19.8966 		24.0695 		1.2859
v -19.8006 		24.172 		1.2722
v -19.7873 		24.1862 		1.2702
v -19.7489 		24.2271 		1.2648
v -19.7484 		24.2277 		1.2647
v -19.7363 		24.2357 		1.294
v -19.7451 		24.2312 		1.2642
v -19.7363 		24.2356 		1.2939
v -19.7373 		24.2352 		1.2906
v -19.7428 		24.2323 		1.2718
v -19.744 		24.2317 		1.2679
v -20.2916 		23.6382 		1.3348
v -20.48 		23.3496 		1.3745
v -20.7061 		23.0048 		1.414
v -20.7731 		22.9033 		1.4222
v -20.7047 		23.007 		1.4138
v -20.5788 		23.1982 		1.3954
v -20.6403 		23.1048 		1.4044
v -17.5096 		20.48 		10.7013
v -17.4466 		20.5979 		10.6865
v -17.6104 		20.2915 		10.725
v -20.037 		23.4758 		3.4215
v -20.0373 		23.4755 		3.4213
v -17.2891 		20.8926 		10.6494
v -6.3371 		17.5963 		12.3435
v -6.1986 		17.4092 		12.288
v -6.4872 		17.9041 		12.3872
v -6.5223 		17.8467 		12.4179
v -6.3866 		18.0639 		12.288
v -5.9127 		17.0227 		12.173
v -5.837 		17.042 		12.124
v -5.9161 		17.0275 		12.1748
v -5.8836 		16.9815 		12.1567
v -5.825 		16.8985 		12.124
v -5.4932 		16.4113 		11.8982
v -5.4746 		16.384 		11.8855
v -5.2605 		16.1615 		11.9595
v -5.3511 		16.2372 		11.8838
v -5.3688 		16.2519 		11.8691
v -5.3834 		16.2641 		11.8569
v -5.4054 		16.2825 		11.8385
v -6.5186 		17.9564 		12.6909
v -6.5195 		17.9311 		12.628
v -6.5195 		17.9311 		12.6279
v -6.5195 		17.9299 		12.625
v -6.5206 		17.8986 		12.5471
v -6.5216 		17.8676 		12.4699
# 9776 vertices

g group_0_6383466

usemtl color_6383466
s 0

f 2745 	2319 	2320
f 2319 	2745 	2894
f 2319 	2894 	2323
f 2319 	2327 	2320
f 2320 	2327 	2328
f 2319 	2323 	2327
f 2327 	2323 	2326
f 2326 	2328 	2327
f 2338 	2323 	2339
f 2340 	2323 	2892
f 2339 	2323 	2340
f 2892 	2345 	2340
f 2349 	2323 	2338
f 2351 	2323 	2349
f 2358 	2357 	2351
f 2349 	2358 	2351
f 2351 	2326 	2323
f 2326 	2351 	2311
f 2326 	2311 	2466
f 2584 	2351 	2363
f 2364 	2363 	2351
f 2364 	2351 	2357
f 2368 	2585 	2584
f 2363 	2368 	2584
f 2351 	2559 	2311
f 2426 	2446 	2428
f 2372 	2446 	2426
f 2427 	2429 	2430
f 2427 	2430 	2428
f 2429 	2427 	2432
f 2435 	2432 	2427
f 2466 	2427 	2374
f 2466 	2433 	2434
f 2435 	2427 	2434
f 2466 	2434 	2427
f 9766 	2967 	2441
f 2436 	2439 	2440
f 2320 	2459 	2745
f 2370 	2371 	2446
f 2446 	2371 	2436
f 2427 	2428 	2446
f 2370 	2446 	2372
f 2436 	2371 	2373
f 2436 	2373 	2439
f 2441 	2745 	2452
f 2441 	2452 	2444
f 2452 	2745 	2454
f 2328 	2459 	2320
f 2452 	2454 	2374
f 2452 	2374 	2444
f 2454 	2459 	2374
f 2446 	2444 	2374
f 2374 	2427 	2446
f 2454 	2745 	2459
f 2374 	2459 	2326
f 2459 	2328 	2326
f 2466 	2374 	2326
f 6047 	6095 	2466
f 2311 	6077 	2466
f 3426 	3431 	2525
f 2524 	3432 	2525
f 7981 	2559 	7733
f 2562 	7733 	2559
f 2562 	7749 	7733
f 2562 	2563 	7749
f 2559 	2351 	2584
f 2587 	2584 	2586
f 2585 	2586 	2584
f 2589 	2587 	2586
f 2584 	2587 	2562
f 2563 	2562 	2587
f 2584 	2562 	2559
f 7420 	2587 	2595
f 2595 	2587 	2589
f 7419 	2563 	2587
f 7422 	2563 	7419
f 7422 	7424 	2563
f 7427 	7426 	2563
f 2675 	3432 	2524
f 2690 	163 	2684
f 2675 	2687 	3129
f 163 	3129 	2684
f 2686 	2684 	3129
f 2687 	2686 	3129
f 8109 	2568 	2691
f 2691 	2568 	2692
f 2636 	2692 	2568
f 2708 	7801 	2709
f 2707 	2711 	7596
f 2636 	7596 	2711
f 2707 	7596 	2708
f 2720 	2719 	2636
f 2717 	2636 	2719
f 2636 	2717 	2716
f 2636 	2716 	2713
f 2636 	2713 	2692
f 2731 	2636 	2732
f 2711 	2734 	2636
f 2732 	2636 	2733
f 2730 	2636 	2731
f 2733 	2636 	2734
f 2636 	2737 	2720
f 2730 	2737 	2636
f 2888 	2890 	2745
f 2745 	2238 	2888
f 5160 	2868 	2870
f 8110 	8112 	2868
f 2238 	2745 	2240
f 2891 	2745 	2890
f 2894 	2745 	2891
f 2891 	2890 	2892
f 2890 	2888 	8020
f 8020 	8025 	2890
f 2894 	2891 	2892
f 2323 	2894 	2892
f 2240 	2745 	2965
f 2965 	2745 	2963
f 2963 	2745 	2967
f 2745 	2441 	2967
f 9766 	2441 	9767
f 9767 	2441 	9768
f 9770 	9769 	2441
f 9769 	9768 	2441
f 2444 	9764 	2441
f 5914 	5913 	3026
f 3880 	5057 	3033
f 3023 	5905 	3026
f 3130 	3129 	163
f 3129 	3137 	2675
f 3127 	3033 	3128
f 3119 	3122 	3033
f 3122 	3124 	3033
f 3120 	3119 	3033
f 3040 	3120 	3033
f 3124 	3126 	3033
f 3126 	3128 	3033
f 3508 	2675 	3136
f 3507 	2675 	3508
f 3137 	3136 	2675
f 3117 	3116 	5913
f 3123 	3117 	5913
f 3153 	3123 	5913
f 3138 	3033 	3127
f 3138 	3139 	3033
f 3139 	3141 	3167
f 3140 	3142 	3167
f 3033 	3139 	3167
f 3140 	3167 	3141
f 3142 	3144 	3167
f 3144 	3145 	3167
f 3146 	3167 	3145
f 3146 	3212 	3167
f 3212 	3279 	3167
f 3300 	3293 	3292
f 3299 	3296 	3300
f 3302 	3296 	3299
f 3297 	3296 	3302
f 3336 	4600 	3335
f 3326 	3339 	3327
f 4600 	3954 	3325
f 3336 	2288 	4600
f 5905 	4600 	2286
f 2288 	2286 	4600
f 3296 	3295 	3300
f 3300 	3295 	3293
f 3280 	3167 	3277
f 3326 	3325 	3339
f 3281 	3167 	3280
f 3274 	3167 	3275
f 3279 	3275 	3167
f 3274 	3277 	3167
f 3291 	3167 	3290
f 3291 	3301 	3167
f 3283 	3286 	3167
f 3290 	3167 	3281
f 3283 	3167 	3284
f 3288 	3301 	3289
f 3284 	3301 	3288
f 3284 	3167 	3301
f 3300 	3289 	3301
f 3289 	3300 	3292
f 3352 	3167 	3353
f 3354 	3353 	3167
f 3286 	3354 	3167
f 2879 	3733 	3880
f 3733 	2879 	2878
f 3404 	3410 	2868
f 3445 	2868 	3410
f 5297 	3408 	3411
f 3408 	3635 	3411
f 3154 	3152 	5913
f 2596 	3153 	5913
f 3152 	2596 	5913
f 3410 	3404 	3411
f 5297 	3411 	3404
f 2868 	3439 	3440
f 3406 	2868 	3440
f 3439 	3441 	3440
f 3441 	3444 	3440
f 3440 	3444 	3406
f 3439 	3445 	3441
f 3439 	2868 	3445
f 3445 	3411 	3444
f 3441 	3445 	3444
f 3445 	3410 	3411
f 3408 	3595 	3635
f 3411 	3635 	3733
f 3411 	3733 	3444
f 3733 	2878 	3444
f 9724 	3691 	3686
f 3687 	3686 	3691
f 3686 	3690 	9724
f 3691 	3688 	3687
f 3702 	3793 	3703
f 3691 	3702 	3688
f 3707 	3709 	9724
f 3713 	9724 	3709
f 3712 	3691 	3713
f 3714 	3691 	3712
f 9724 	3713 	3691
f 3727 	3725 	3724
f 3723 	3724 	3725
f 3725 	3727 	3728
f 3728 	3727 	3729
f 3727 	3732 	8677
f 3724 	3731 	3732
f 3727 	3724 	3732
f 3732 	3731 	8682
f 8682 	8677 	3732
f 3719 	3793 	3720
f 3756 	3691 	3757
f 3720 	3691 	3756
f 3714 	3757 	3691
f 3791 	3793 	3792
f 3793 	3791 	3703
f 3793 	3702 	3691
f 3828 	3635 	3595
f 3793 	3862 	3859
f 3793 	3859 	3792
f 3750 	3828 	3595
f 3860 	3862 	3861
f 3862 	3860 	3859
f 3862 	5464 	3873
f 3873 	3861 	3862
f 3880 	3733 	3635
f 3828 	3880 	3635
f 3691 	3720 	3793
f 3719 	3894 	3793
f 3893 	3793 	3894
f 3900 	3750 	3901
f 5555 	3902 	5437
f 3897 	3750 	3898
f 3896 	3750 	3897
f 3898 	3750 	3899
f 3901 	3750 	3896
f 3899 	5437 	3902
f 3793 	3912 	3862
f 3910 	3862 	3912
f 3916 	3862 	3917
f 3929 	3750 	3900
f 3828 	3906 	3905
f 3828 	3923 	3907
f 3907 	3906 	3828
f 3750 	3913 	3828
f 3750 	3914 	3913
f 3913 	3919 	3828
f 3923 	3828 	3922
f 3339 	3325 	3954
f 3917 	3862 	3910
f 3893 	3964 	3793
f 3968 	3793 	3967
f 3914 	3750 	3908
f 3909 	3908 	3750
f 3919 	3921 	3828
f 3921 	3922 	3828
f 3963 	3965 	3793
f 3964 	3963 	3793
f 3966 	3793 	3965
f 3967 	3793 	3966
f 3912 	3793 	3970
f 3929 	3928 	3750
f 3968 	3970 	3793
f 3932 	3750 	3934
f 3930 	3934 	3750
f 3933 	3750 	3932
f 3928 	3930 	3750
f 3750 	3933 	3909
f 3916 	3986 	3862
f 3862 	3981 	3982
f 3985 	3862 	3982
f 3981 	3862 	3983
f 3990 	3862 	3986
f 3990 	3983 	3862
f 3997 	5120 	3996
f 4013 	4003 	5120
f 4007 	4006 	4013
f 4007 	4013 	4008
f 4008 	4013 	4011
f 4006 	4004 	4013
f 4001 	5120 	4003
f 4015 	4013 	4012
f 4004 	4003 	4013
f 4012 	4016 	4015
f 4011 	4013 	4018
f 4018 	4013 	4019
f 4015 	4020 	4022
f 4019 	4013 	4022
f 4015 	4022 	4013
f 4016 	4027 	4015
f 4015 	4027 	4031
f 4020 	4015 	4025
f 4031 	4033 	4015
f 5207 	4033 	4031
f 4025 	4015 	4033
f 5212 	5211 	4031
f 4027 	4050 	4031
f 4027 	4049 	4050
f 4046 	5392 	4047
f 4049 	4052 	4050
f 4049 	6759 	4052
f 3988 	3880 	3989
f 3988 	3991 	3880
f 4050 	4052 	4055
f 3992 	3880 	3991
f 4026 	4024 	3828
f 3828 	4028 	3880
f 3828 	4024 	4023
f 4028 	3828 	4023
f 4505 	4055 	4052
f 4034 	4035 	3880
f 4032 	4034 	3880
f 4032 	3880 	4030
f 4029 	4030 	3880
f 4028 	4029 	3880
f 4035 	4036 	3880
f 4036 	3989 	3880
f 3828 	3905 	4111
f 4111 	4113 	3828
f 4026 	3828 	4113
f 3992 	4117 	3880
f 4117 	4116 	3880
f 4116 	3402 	3880
f 3401 	3880 	3402
f 4359 	4347 	4360
f 9185 	4347 	4398
f 4359 	4394 	4347
f 4399 	4347 	4394
f 4394 	4396 	4399
f 4052 	4467 	4505
f 4602 	6833 	4603
f 4604 	6833 	4602
f 4607 	6833 	4604
f 4608 	6833 	4609
f 4603 	6833 	4608
f 4611 	4610 	6833
f 7000 	4621 	6833
f 4612 	6833 	4610
f 4427 	5905 	4636
f 4609 	6833 	4612
f 4427 	4600 	5905
f 4710 	4707 	5905
f 4634 	4629 	6833
f 4628 	6833 	4629
f 4634 	6833 	4607
f 4527 	4467 	4524
f 4525 	4524 	4467
f 6833 	4628 	4467
f 4628 	4601 	4467
f 4601 	4525 	4467
f 4636 	5905 	4638
f 4467 	4709 	4505
f 4791 	4713 	4467
f 4711 	4467 	4712
f 4716 	4715 	4467
f 4711 	4716 	4467
f 4712 	4467 	4713
f 4709 	4467 	4718
f 4715 	4718 	4467
f 4794 	4793 	4467
f 4527 	4796 	4467
f 4795 	4467 	4796
f 4791 	4467 	4790
f 4793 	4789 	4467
f 4789 	4790 	4467
f 4794 	4467 	4795
f 4862 	4709 	4861
f 4860 	4863 	4709
f 4859 	4860 	4709
f 4859 	4709 	4718
f 4863 	4861 	4709
f 4876 	5392 	4877
f 4878 	5392 	4876
f 4047 	5392 	4878
f 4890 	4709 	4891
f 4895 	4709 	4892
f 4890 	4892 	4709
f 4709 	4895 	4877
f 4862 	4893 	4709
f 4893 	4891 	4709
f 4943 	5392 	4944
f 5018 	9699 	5020
f 5019 	5071 	5018
f 5015 	9699 	5071
f 9699 	9670 	3520
f 5020 	9699 	5024
f 5028 	5030 	5026
f 5032 	5036 	5034
f 5026 	5127 	5036
f 5026 	5036 	5028
f 5034 	5127 	5037
f 3880 	3033 	2879
f 3401 	5058 	3880
f 5057 	3880 	5058
f 5060 	3033 	5057
f 3041 	3033 	5060
f 3040 	3033 	3041
f 5037 	5130 	5064
f 5100 	5026 	5015
f 9699 	5018 	5071
f 5068 	5071 	5019
f 5068 	5072 	5071
f 5071 	5100 	5015
f 5109 	5071 	5110
f 5072 	5110 	5071
f 5109 	5111 	5112
f 5109 	5112 	5071
f 5111 	5113 	5112
f 5071 	5112 	5100
f 5112 	5113 	5114
f 4000 	3996 	5120
f 5120 	3997 	5123
f 5120 	5123 	5121
f 5120 	4001 	4000
f 5124 	5126 	5121
f 5123 	5124 	5121
f 5126 	5129 	5121
f 4016 	4012 	5120
f 5130 	5131 	5121
f 5127 	5034 	5036
f 5130 	5121 	5129
f 5131 	5137 	5121
f 5131 	5037 	5127
f 5130 	5037 	5131
f 5150 	5121 	5136
f 5136 	5121 	5137
f 5127 	5137 	5131
f 5129 	5064 	5130
f 5127 	5149 	5136
f 5136 	5137 	5127
f 5120 	5121 	5150
f 5026 	5100 	5149
f 5149 	5127 	5026
f 5150 	5136 	5149
f 5150 	5199 	5120
f 5203 	5199 	5149
f 2870 	5161 	5160
f 5165 	5163 	5164
f 5166 	5164 	5163
f 5166 	5167 	5164
f 5168 	5187 	5160
f 5174 	5187 	5168
f 5168 	5160 	5161
f 5170 	5165 	5164
f 5170 	5164 	5172
f 5170 	5172 	5173
f 5177 	5187 	5174
f 5186 	5187 	5177
f 5195 	2868 	5160
f 5172 	5179 	5173
f 5164 	5180 	5183
f 5164 	5183 	5172
f 5188 	5160 	5187
f 5188 	5187 	5183
f 5172 	5183 	5187
f 5186 	5179 	5187
f 5172 	5187 	5179
f 2868 	5195 	3404
f 5218 	5180 	5212
f 5188 	5193 	5160
f 5195 	5160 	5193
f 5183 	5297 	5193
f 4016 	5120 	5217
f 4012 	4013 	5120
f 5183 	5193 	5188
f 5100 	5112 	5197
f 5112 	5358 	5197
f 5149 	5100 	5197
f 5199 	5214 	5120
f 5200 	5201 	5202
f 5150 	5149 	5199
f 5204 	5212 	5201
f 5200 	5202 	5206
f 5197 	5203 	5149
f 5164 	5167 	5202
f 5206 	5202 	5167
f 5210 	5120 	5209
f 5221 	5223 	5120
f 5202 	5201 	5212
f 5211 	5212 	5204
f 5213 	5210 	5209
f 5207 	4031 	5211
f 5214 	5222 	5120
f 5221 	5120 	5222
f 5180 	5164 	5202
f 5209 	5120 	5216
f 5202 	5212 	5180
f 5203 	5214 	5199
f 5209 	5216 	5213
f 5217 	5120 	5210
f 5217 	4027 	4016
f 5213 	4027 	5210
f 5210 	4027 	5217
f 5218 	5212 	5594
f 5180 	5218 	5220
f 5197 	5360 	5203
f 5216 	5120 	5223
f 5203 	5360 	5222
f 5223 	5221 	5364
f 5203 	5222 	5214
f 5216 	5223 	5364
f 5216 	5364 	5213
f 5213 	4049 	4027
f 5228 	5112 	5114
f 5229 	5228 	5116
f 5114 	5116 	5228
f 5231 	5228 	5232
f 5229 	5232 	5228
f 5231 	5233 	5228
f 5260 	5411 	5261
f 5274 	5271 	5414
f 5277 	5411 	5273
f 5180 	5220 	5183
f 5195 	5193 	5297
f 5183 	5220 	5297
f 3404 	5195 	5297
f 5594 	5299 	5218
f 5218 	5301 	5220
f 5218 	5299 	5301
f 5220 	3408 	5297
f 5220 	5301 	3408
f 5299 	5325 	5343
f 5299 	5343 	5301
f 3595 	3408 	5301
f 5345 	5344 	5342
f 5342 	5346 	5345
f 5349 	5417 	5277
f 5345 	5417 	5344
f 5112 	5228 	5358
f 5358 	5360 	5197
f 5221 	5360 	5364
f 5221 	5222 	5360
f 5228 	5233 	5367
f 5365 	5367 	5233
f 5358 	5228 	5367
f 5358 	5371 	5360
f 5367 	5371 	5358
f 5371 	6718 	5360
f 5367 	5375 	5371
f 5301 	5343 	3595
f 4709 	5392 	4505
f 4709 	4877 	5392
f 5392 	5325 	4505
f 5405 	5367 	5403
f 5403 	5367 	5365
f 5271 	5261 	5411
f 5260 	5273 	5411
f 5413 	5274 	5414
f 5411 	5414 	5271
f 5411 	5419 	5414
f 5367 	5405 	5414
f 5413 	5414 	5412
f 5412 	5414 	5405
f 5414 	5375 	5367
f 5411 	5277 	5417
f 5349 	5344 	5417
f 5417 	5419 	5411
f 5419 	5401 	5414
f 5414 	5401 	5375
f 5417 	5907 	5419
f 5354 	5353 	5428
f 5343 	5325 	5437
f 5353 	5427 	5428
f 5392 	5437 	5325
f 5444 	5457 	5427
f 5345 	5346 	5428
f 5354 	5428 	5346
f 5428 	5427 	5457
f 5454 	5457 	5455
f 5455 	5457 	5444
f 5457 	5454 	5464
f 5462 	5464 	5454
f 3874 	3873 	5464
f 3862 	3985 	5464
f 5462 	3875 	5464
f 3874 	5464 	3875
f 5437 	3750 	5343
f 5437 	3899 	3750
f 5493 	5457 	5494
f 5490 	5457 	5491
f 5343 	3750 	3595
f 5392 	5513 	5512
f 5503 	5437 	5504
f 5392 	5510 	5437
f 5503 	5506 	5437
f 5506 	5508 	5437
f 5504 	5437 	5505
f 5509 	5437 	5508
f 5505 	5437 	5510
f 5512 	5511 	5392
f 5510 	5392 	5511
f 5437 	5551 	5555
f 5464 	5491 	5457
f 5490 	5492 	5457
f 5492 	5494 	5457
f 5551 	5437 	5552
f 5579 	5580 	5464
f 5579 	5464 	5577
f 5571 	5565 	5437
f 5437 	5558 	5557
f 5437 	5557 	5567
f 5568 	5553 	5437
f 5567 	5568 	5437
f 5464 	5578 	5577
f 5558 	5437 	5565
f 5552 	5437 	5553
f 5580 	5491 	5464
f 5509 	5583 	5437
f 5583 	5571 	5437
f 5493 	5592 	5457
f 4031 	4050 	5594
f 4031 	5594 	5212
f 5594 	4050 	4055
f 5594 	4055 	5299
f 5325 	5299 	4055
f 5588 	5589 	5457
f 5325 	4055 	4505
f 5588 	5457 	5584
f 5591 	5585 	5457
f 5592 	5591 	5457
f 5457 	5585 	5584
f 3985 	3984 	5464
f 3984 	5578 	5464
f 5428 	5639 	5345
f 5345 	5639 	5417
f 4046 	4944 	5392
f 5598 	5599 	5392
f 5392 	5603 	5602
f 5597 	5392 	4943
f 5596 	5392 	5597
f 5598 	5392 	5596
f 5599 	5600 	5392
f 5603 	5392 	5600
f 5685 	5686 	5392
f 5686 	5691 	5392
f 5602 	5685 	5392
f 5687 	5691 	5686
f 5694 	5392 	5688
f 5693 	5392 	5694
f 5513 	5392 	5697
f 5693 	5697 	5392
f 5691 	5689 	5392
f 5690 	5691 	5687
f 5689 	5688 	5392
f 5690 	5702 	5691
f 5702 	5690 	5703
f 5703 	5690 	5701
f 5920 	5936 	3430
f 3430 	3425 	5920
f 5907 	5417 	5639
f 2523 	2525 	3431
f 5419 	5945 	5401
f 5945 	5419 	5907
f 5959 	5639 	5428
f 5457 	5959 	5428
f 3723 	3721 	3724
f 6039 	3721 	6041
f 6041 	6063 	6039
f 5639 	5959 	6043
f 6045 	6047 	6044
f 6046 	6039 	6063
f 6063 	6065 	6046
f 6043 	5907 	5639
f 2466 	6077 	6047
f 6068 	6069 	6070
f 6065 	6074 	6046
f 6047 	6072 	6044
f 6069 	6068 	6047
f 6072 	6047 	6068
f 6089 	6090 	6046
f 6075 	6082 	6046
f 6074 	6075 	6046
f 6089 	6046 	6085
f 6069 	6076 	6070
f 6047 	6079 	6069
f 6077 	6079 	6047
f 6083 	6046 	6082
f 6085 	6046 	6083
f 6082 	6076 	6083
f 6069 	6083 	6076
f 6083 	6069 	6085
f 6079 	6085 	6069
f 6077 	7997 	6079
f 6079 	6090 	6089
f 6079 	6089 	6085
f 6079 	7997 	6090
f 2433 	2466 	6095
f 6045 	6095 	6047
f 6046 	6090 	6039
f 6039 	6895 	3724
f 6062 	6061 	5907
f 6060 	5907 	6061
f 5945 	5907 	6060
f 6062 	5907 	6132
f 6132 	5907 	6133
f 6043 	6133 	5907
f 6185 	6184 	5945
f 5945 	6184 	7670
f 6190 	6189 	5945
f 6185 	5945 	6189
f 6060 	6190 	5945
f 5589 	5590 	5457
f 5457 	5590 	6241
f 5457 	6241 	5959
f 6241 	6240 	5959
f 6238 	5959 	6240
f 6238 	6250 	5959
f 6252 	6253 	5959
f 6249 	6252 	5959
f 6250 	6249 	5959
f 6254 	6257 	5959
f 6253 	6254 	5959
f 6265 	5959 	6257
f 6257 	6266 	6265
f 5959 	6265 	6043
f 6133 	6043 	6272
f 6274 	6272 	6043
f 6274 	6043 	6275
f 6283 	6282 	6043
f 6276 	6275 	6043
f 6276 	6043 	6282
f 6283 	6043 	6288
f 6043 	6291 	6288
f 6043 	6265 	6331
f 6331 	6308 	6043
f 6043 	6308 	6291
f 6265 	6335 	6331
f 6265 	6266 	6342
f 6342 	6343 	6265
f 6344 	6265 	6343
f 6265 	6355 	6354
f 6353 	6335 	6354
f 6356 	6357 	6335
f 6357 	6359 	6335
f 6361 	6363 	6335
f 6359 	6360 	6335
f 6373 	6335 	6363
f 6360 	6361 	6335
f 6364 	6373 	6363
f 6366 	6373 	6364
f 6366 	6367 	6373
f 6353 	6356 	6335
f 6374 	6373 	6367
f 6265 	6354 	6335
f 6367 	6371 	6374
f 6344 	6355 	6265
f 6894 	6895 	6039
f 6578 	6965 	6039
f 7038 	6930 	6039
f 5364 	4049 	5213
f 6718 	5364 	5360
f 5364 	6718 	6759
f 4049 	5364 	6759
f 6965 	7011 	6039
f 6577 	6968 	6039
f 5371 	5375 	6815
f 5371 	6815 	6718
f 6718 	6833 	6759
f 6718 	6815 	6833
f 6833 	4467 	6759
f 4467 	4052 	6759
f 5375 	6893 	6815
f 6894 	6039 	6930
f 5375 	5401 	6893
f 6894 	6929 	6895
f 6930 	6929 	6894
f 6968 	6577 	6967
f 7038 	6039 	6969
f 6969 	6039 	6968
f 6983 	6815 	6893
f 7023 	7022 	6893
f 6815 	6983 	6833
f 6983 	6999 	6833
f 6999 	6998 	6833
f 6968 	7008 	6969
f 6997 	6833 	6998
f 7003 	7000 	6833
f 7008 	6968 	6967
f 6577 	6039 	7011
f 6967 	6577 	7011
f 7005 	6833 	6997
f 7003 	6833 	7006
f 4611 	6833 	4621
f 7006 	6833 	7005
f 7146 	7015 	6983
f 6999 	6983 	7015
f 7151 	7148 	5401
f 7018 	6893 	7019
f 7019 	6893 	7020
f 7011 	6965 	8009
f 7011 	8009 	6967
f 7038 	6969 	7060
f 7008 	7060 	6969
f 7129 	7128 	6893
f 7129 	6893 	7130
f 7131 	7130 	6893
f 7018 	7133 	6893
f 7131 	6893 	7133
f 6983 	6893 	7022
f 6983 	7022 	7024
f 7023 	6893 	7025
f 7029 	6893 	7030
f 7025 	6893 	7028
f 7028 	6893 	7029
f 7034 	7033 	6893
f 7128 	7034 	6893
f 7033 	7030 	6893
f 7146 	6983 	7024
f 6930 	7038 	7060
f 6930 	7060 	6929
f 7162 	8009 	7163
f 7182 	8009 	7185
f 7181 	8009 	7182
f 7162 	7185 	8009
f 8009 	7186 	7188
f 7191 	7190 	7189
f 7186 	8009 	7194
f 7329 	2345 	2892
f 7198 	7200 	8009
f 7200 	7202 	8009
f 8009 	7202 	7204
f 7198 	8009 	7199
f 7188 	7199 	8009
f 7332 	7331 	2568
f 2636 	2568 	7331
f 7194 	8009 	7189
f 8009 	7181 	7191
f 7189 	8009 	7191
f 7172 	7174 	7008
f 7008 	7173 	7172
f 7174 	7175 	7008
f 7175 	7176 	7008
f 7177 	7008 	7179
f 7176 	7179 	7008
f 8009 	7204 	7008
f 7203 	7205 	7008
f 7288 	7008 	7205
f 7203 	7008 	7204
f 7281 	7008 	7278
f 7279 	7278 	7008
f 7281 	7282 	7008
f 7282 	7283 	7008
f 7283 	7284 	7008
f 7284 	7285 	7008
f 7173 	7008 	7285
f 7008 	7288 	7279
f 2587 	7420 	7419
f 2568 	2563 	7426
f 7427 	2563 	7424
f 7426 	7429 	2568
f 7429 	7332 	2568
f 7177 	7365 	7008
f 7370 	7008 	7365
f 7371 	7008 	7370
f 7371 	7372 	7008
f 7369 	7008 	7367
f 7372 	7368 	7008
f 7367 	7008 	7368
f 7369 	7374 	7008
f 7374 	7375 	7008
f 7375 	7378 	7008
f 7524 	7008 	7378
f 7008 	7524 	7060
f 7575 	7574 	7524
f 7378 	7563 	7524
f 7575 	7524 	7576
f 7563 	7576 	7524
f 7582 	7524 	7583
f 7574 	7583 	7524
f 7582 	7581 	7524
f 7584 	4347 	7581
f 7596 	2636 	7595
f 7331 	7595 	2636
f 7602 	7801 	7603
f 7602 	7599 	7801
f 2709 	7801 	7599
f 7801 	7786 	7603
f 7152 	5401 	7155
f 7151 	5401 	7152
f 5945 	7156 	5401
f 7155 	5401 	7156
f 7801 	2708 	7596
f 5945 	7639 	7156
f 6893 	5401 	7020
f 7148 	7020 	5401
f 7647 	7645 	7788
f 7645 	7646 	7788
f 7646 	7648 	7788
f 7648 	7649 	7788
f 7788 	7649 	7651
f 7643 	7641 	7788
f 7641 	7630 	7788
f 7603 	7788 	7630
f 7650 	7654 	7651
f 7639 	5945 	7658
f 7662 	7660 	5945
f 7658 	5945 	7659
f 7644 	7643 	7788
f 7657 	7644 	7788
f 7659 	5945 	7660
f 7788 	7651 	7654
f 7657 	7788 	7654
f 7655 	7654 	7650
f 7653 	7656 	7650
f 7656 	7655 	7650
f 7670 	7669 	5945
f 7669 	7662 	5945
f 7749 	8009 	7733
f 2563 	2568 	7780
f 7780 	7749 	2563
f 7785 	7784 	7788
f 7785 	7788 	7786
f 7788 	7784 	7794
f 7788 	7603 	7786
f 2568 	7800 	7780
f 7798 	7780 	7799
f 7800 	7799 	7780
f 7809 	7810 	7885
f 7886 	7885 	7811
f 7807 	7809 	7888
f 7884 	7888 	7809
f 7810 	7812 	7885
f 7812 	7811 	7885
f 7884 	7809 	7885
f 7808 	7807 	7889
f 7814 	7808 	7889
f 7888 	7889 	7807
f 7929 	7937 	7926
f 7911 	7910 	7780
f 7909 	7780 	7910
f 7798 	7912 	7780
f 7911 	7780 	7912
f 7934 	7932 	7937
f 7932 	7933 	7937
f 7933 	7925 	7937
f 7925 	7926 	7937
f 7909 	7908 	7780
f 7826 	7825 	7780
f 7826 	7780 	7828
f 7907 	7906 	7780
f 7828 	7780 	7906
f 7907 	7780 	7908
f 2311 	2559 	7981
f 7811 	7935 	7886
f 7937 	7886 	7935
f 7934 	7937 	7935
f 7981 	6077 	2311
f 6578 	6039 	8004
f 7998 	6039 	6090
f 7997 	6077 	7981
f 7981 	8001 	7997
f 7788 	7923 	7922
f 8004 	6039 	7998
f 7917 	7916 	7931
f 7998 	6090 	7997
f 7931 	7919 	7794
f 7919 	7920 	7788
f 7923 	7788 	7920
f 8001 	7981 	7733
f 8001 	6578 	8004
f 8001 	8004 	7997
f 7928 	7931 	7929
f 7917 	7931 	7928
f 8001 	6965 	6578
f 7788 	7794 	7919
f 7916 	7919 	7931
f 7997 	8004 	7998
f 7931 	7937 	7929
f 8008 	7788 	7922
f 7733 	8009 	8001
f 7788 	8008 	7647
f 7008 	6967 	8009
f 8009 	6965 	8001
f 8018 	2238 	8017
f 8012 	8017 	2238
f 8013 	8029 	8012
f 2238 	8013 	8012
f 2888 	2238 	8018
f 8022 	8021 	8017
f 8018 	8017 	8021
f 8017 	8095 	8022
f 8020 	2888 	8021
f 8018 	8021 	2888
f 2892 	2890 	8025
f 2892 	8025 	8026
f 2892 	8026 	7329
f 8029 	8030 	8012
f 8031 	8012 	8030
f 8033 	8034 	8012
f 8033 	8012 	8031
f 8069 	8012 	8068
f 8034 	8068 	8012
f 8009 	7749 	8011
f 8011 	7164 	8009
f 7163 	8009 	7164
f 7780 	8048 	7749
f 8048 	8045 	7749
f 8011 	7749 	8045
f 7825 	8055 	7780
f 8048 	7780 	8055
f 8071 	8012 	8069
f 8095 	8017 	8012
f 8071 	8094 	8012
f 8074 	8077 	8085
f 8079 	8082 	8080
f 8084 	8075 	8074
f 8084 	8074 	8085
f 8084 	8085 	8086
f 8083 	8085 	8077
f 8082 	8083 	8077
f 8080 	8082 	8077
f 8084 	8092 	8075
f 8095 	8012 	8094
f 8094 	8082 	8095
f 8082 	8079 	8095
f 8023 	8095 	8079
f 8023 	8022 	8095
f 8084 	8099 	8092
f 2568 	8091 	8090
f 7800 	2568 	8093
f 8102 	8159 	8104
f 2568 	8090 	8093
f 8110 	8114 	8112
f 8110 	8143 	8119
f 8091 	2568 	8107
f 8114 	8110 	8119
f 8121 	8119 	8143
f 8123 	8122 	8143
f 8127 	8123 	8143
f 8122 	8121 	8143
f 8128 	8127 	8143
f 8135 	8143 	8134
f 8137 	8145 	8138
f 8140 	8084 	8086
f 8139 	8147 	8140
f 8142 	8110 	8158
f 8154 	2868 	8153
f 8131 	8128 	8143
f 8132 	8131 	8143
f 8133 	8132 	8143
f 8110 	8142 	8143
f 8144 	8141 	8143
f 8141 	8133 	8143
f 8142 	8145 	8143
f 8134 	8143 	8145
f 8144 	8143 	8135
f 8158 	8159 	8142
f 8134 	8145 	8137
f 8138 	8147 	8139
f 8138 	8145 	8147
f 8084 	8147 	8099
f 8140 	8147 	8084
f 8148 	8099 	8147
f 8153 	2868 	8152
f 3406 	8191 	2868
f 8153 	8152 	8155
f 8155 	8154 	8153
f 8158 	8154 	8159
f 8155 	8159 	8154
f 8107 	2568 	8109
f 8145 	8142 	8159
f 6039 	3724 	3721
f 3731 	3724 	6895
f 8682 	3731 	6929
f 6895 	6929 	3731
f 8145 	8159 	8102
f 8145 	8102 	8101
f 8145 	8101 	8161
f 8145 	8161 	8160
f 8145 	8160 	8147
f 8147 	8189 	8148
f 8147 	8160 	8189
f 8152 	2868 	8191
f 8191 	3406 	8224
f 8152 	8191 	8224
f 8152 	8224 	8155
f 8159 	8155 	8226
f 8196 	8104 	8159
f 8226 	8229 	8159
f 8159 	8197 	8196
f 2868 	8158 	8110
f 8154 	8158 	2868
f 2870 	2868 	8112
f 3444 	8201 	8200
f 8204 	3444 	2878
f 8203 	3444 	8204
f 8201 	3444 	8203
f 8205 	8204 	2878
f 2878 	8211 	8207
f 8207 	8205 	2878
f 8214 	8211 	2878
f 8216 	8214 	2878
f 8217 	8216 	2879
f 2878 	2879 	8216
f 8221 	8220 	8468
f 2879 	8468 	8220
f 8217 	2879 	8220
f 8155 	8224 	8226
f 8692 	6929 	7060
f 8197 	8159 	8229
f 7060 	4347 	8692
f 8224 	3406 	3444
f 8239 	8224 	3444
f 8200 	8239 	3444
f 8224 	8239 	8242
f 8242 	8241 	8224
f 8241 	8240 	8224
f 8226 	8224 	8240
f 8226 	8240 	8243
f 8226 	8243 	8229
f 7524 	4347 	7060
f 8244 	4347 	7584
f 7524 	7581 	4347
f 8244 	8245 	4347
f 8245 	8246 	4347
f 8246 	8247 	4347
f 8247 	8249 	4347
f 8248 	4347 	8249
f 4361 	4347 	8248
f 4361 	4360 	4347
f 8293 	8295 	8282
f 8298 	8304 	8299
f 8303 	8282 	8295
f 8300 	8296 	8282
f 8282 	8278 	8300
f 8506 	8302 	8278
f 8304 	8303 	8295
f 8299 	8304 	8295
f 8300 	8278 	8302
f 8296 	8293 	8282
f 8318 	8317 	8506
f 8317 	8316 	8506
f 8316 	8320 	8506
f 8506 	8320 	8302
f 8383 	8385 	8381
f 8380 	8381 	8385
f 8376 	8380 	8385
f 8304 	8298 	8376
f 8385 	8304 	8376
f 8387 	8386 	8383
f 8385 	8383 	8386
f 8440 	8389 	8383
f 8389 	8387 	8383
f 8442 	8441 	8383
f 8441 	8440 	8383
f 8445 	8442 	8383
f 8383 	8382 	8448
f 8448 	8445 	8383
f 8468 	2879 	3033
f 3033 	3167 	8468
f 8222 	8221 	8468
f 8468 	8479 	8222
f 8506 	8484 	8468
f 8504 	8506 	8505
f 8504 	8503 	8506
f 8503 	8484 	8506
f 8479 	8468 	8484
f 8468 	3167 	8506
f 8278 	8505 	8506
f 3167 	8586 	8506
f 8577 	8576 	8506
f 8577 	8506 	8587
f 8575 	8506 	8576
f 8585 	8506 	8586
f 8587 	8506 	8585
f 3167 	8593 	8586
f 8593 	3167 	8594
f 3352 	8594 	3167
f 8634 	8635 	8636
f 8612 	8506 	8575
f 8318 	8506 	8612
f 8635 	8658 	8636
f 8659 	8635 	8634
f 8635 	9209 	8658
f 8660 	8926 	8659
f 8666 	8677 	8669
f 3727 	8677 	3729
f 8663 	8664 	8677
f 8664 	3729 	8677
f 8663 	8677 	8666
f 8669 	8681 	8667
f 8668 	8667 	8681
f 8677 	8681 	8669
f 8682 	8683 	8677
f 8682 	8736 	8683
f 8677 	8683 	8681
f 8692 	8682 	6929
f 8692 	8736 	8682
f 8761 	8692 	4347
f 8692 	8761 	8736
f 4347 	8781 	8761
f 8779 	8785 	8761
f 8783 	8781 	4347
f 8785 	8778 	8761
f 8775 	8777 	8761
f 8776 	8761 	8777
f 8778 	8775 	8761
f 8779 	8761 	8780
f 8781 	8780 	8761
f 9186 	9191 	4347
f 8783 	4347 	8794
f 8761 	8776 	8800
f 8804 	8761 	8801
f 8801 	8761 	8800
f 8802 	8803 	8761
f 8761 	8804 	8802
f 8816 	8819 	8660
f 8662 	8816 	8660
f 8668 	8681 	8673
f 8813 	8673 	8681
f 8673 	8813 	8675
f 8818 	8819 	8816
f 8819 	8926 	8660
f 8818 	8676 	8819
f 8813 	8819 	8676
f 8813 	8676 	8675
f 8681 	8915 	8813
f 8683 	8915 	8681
f 8635 	8659 	8926
f 8635 	8928 	9209
f 8926 	8928 	8635
f 8813 	8942 	8926
f 8813 	8926 	8819
f 8926 	8942 	8928
f 8942 	8813 	8915
f 8949 	9028 	9209
f 8942 	8949 	8928
f 9022 	8942 	8915
f 8942 	9213 	8949
f 9022 	9213 	8942
f 8683 	8736 	9002
f 8683 	9002 	8915
f 9002 	9022 	8915
f 8736 	9049 	9002
f 9028 	8949 	9213
f 9049 	8736 	8761
f 9049 	9075 	9002
f 9075 	9022 	9002
f 8803 	9106 	8761
f 9106 	9105 	8761
f 9105 	9107 	8761
f 9095 	9049 	9094
f 9100 	9049 	9095
f 9094 	9049 	9097
f 9102 	9049 	9100
f 9097 	8761 	9107
f 9112 	9049 	9102
f 8761 	9097 	9049
f 9142 	9144 	9075
f 9132 	9131 	9049
f 9133 	9134 	9049
f 9075 	9049 	9134
f 9131 	9133 	9049
f 9136 	9075 	9134
f 9075 	9136 	9138
f 9139 	9075 	9138
f 9139 	9142 	9075
f 9143 	9075 	9144
f 9152 	9049 	9153
f 9150 	9049 	9152
f 9132 	9049 	9150
f 9112 	9153 	9049
f 9156 	9075 	9143
f 9157 	9075 	9156
f 9157 	9160 	9075
f 9160 	9159 	9075
f 9159 	9163 	9075
f 9163 	9164 	9075
f 9075 	9164 	9168
f 9165 	9222 	9168
f 9166 	9222 	9165
f 9170 	9222 	9166
f 9186 	4347 	9185
f 4399 	4398 	4347
f 9192 	4347 	9191
f 9194 	4347 	9192
f 8794 	4347 	9194
f 9211 	9596 	9209
f 8949 	9209 	8928
f 9211 	9209 	9028
f 9597 	9211 	9212
f 9211 	9028 	9212
f 9028 	9213 	9212
f 9213 	9597 	9212
f 9022 	9222 	9213
f 9022 	9075 	9222
f 9222 	9224 	9213
f 9075 	9168 	9222
f 9225 	9222 	9170
f 9424 	9222 	9225
f 9222 	9528 	9224
f 9529 	9530 	9222
f 9424 	9529 	9222
f 9530 	9531 	9222
f 9528 	9222 	9532
f 9531 	9532 	9222
f 9528 	9555 	9554
f 9545 	9546 	9528
f 9532 	9544 	9528
f 9544 	9545 	9528
f 9548 	9549 	9528
f 9546 	9548 	9528
f 9551 	9528 	9549
f 9553 	9528 	9552
f 9551 	9552 	9528
f 9555 	9528 	9553
f 9558 	9724 	9557
f 9556 	9557 	9528
f 9554 	9556 	9528
f 9528 	9562 	9224
f 9528 	9563 	9562
f 9564 	9224 	9562
f 9620 	9224 	9564
f 9528 	9557 	9724
f 9528 	9724 	9621
f 9576 	9578 	9586
f 9577 	9576 	9586
f 9579 	9580 	9586
f 9578 	9579 	9586
f 9581 	9582 	9586
f 9583 	9584 	9586
f 9585 	9735 	9586
f 9560 	9570 	9724
f 9570 	9569 	9724
f 9571 	9574 	9724
f 9572 	9573 	9724
f 9569 	9571 	9724
f 9574 	9572 	9724
f 9586 	9724 	9577
f 9575 	9577 	9724
f 9591 	9587 	9590
f 9209 	9587 	9627
f 9627 	9625 	9209
f 9209 	9590 	9587
f 9626 	9627 	9587
f 9591 	9630 	9587
f 9594 	9590 	9209
f 9588 	9589 	9641
f 9588 	9593 	9589
f 9590 	9592 	9591
f 9632 	9635 	9592
f 9632 	9592 	9588
f 9592 	9593 	9588
f 9592 	9590 	9599
f 9599 	9600 	9592
f 9600 	9593 	9592
f 9594 	9599 	9590
f 9596 	9595 	9209
f 9595 	9601 	9209
f 9596 	9211 	9597
f 9594 	9209 	9598
f 9601 	9598 	9209
f 9594 	9598 	9599
f 9598 	9601 	9602
f 9598 	9602 	9599
f 9595 	9602 	9601
f 9602 	9603 	9599
f 9599 	9603 	9600
f 9603 	9605 	9604
f 9604 	9717 	9600
f 9603 	9604 	9600
f 9606 	9605 	9603
f 9602 	9596 	9610
f 9597 	9610 	9596
f 9595 	9596 	9602
f 9607 	9603 	9608
f 9608 	9603 	9609
f 9603 	9607 	9606
f 9610 	9597 	9213
f 9603 	9602 	9611
f 9602 	9610 	9611
f 9603 	9611 	9609
f 9612 	9609 	9611
f 9612 	9611 	9613
f 9618 	9613 	9611
f 9213 	9224 	9610
f 9616 	9615 	9224
f 9610 	9224 	9615
f 9617 	9616 	9224
f 9615 	9614 	9610
f 9614 	9611 	9610
f 9614 	9618 	9611
f 9620 	9619 	9224
f 9617 	9224 	9619
f 9528 	9621 	9563
f 9622 	9621 	9724
f 8658 	9209 	9623
f 9624 	9623 	9209
f 9624 	9209 	9625
f 9587 	9628 	9626
f 9628 	9587 	9629
f 9629 	9587 	9630
f 9588 	9633 	9632
f 9631 	9591 	9634
f 9631 	9630 	9591
f 9633 	9588 	9636
f 9634 	9591 	9637
f 9637 	9591 	9638
f 9592 	9638 	9591
f 9638 	9592 	9635
f 9588 	9639 	9640
f 9636 	9588 	9640
f 9588 	9641 	9639
f 9589 	9642 	9641
f 9642 	9589 	9643
f 9645 	9703 	9646
f 9648 	9649 	9647
f 9644 	9646 	9647
f 9593 	9653 	9650
f 9650 	9652 	9651
f 9652 	9650 	9653
f 9593 	9600 	9654
f 9593 	9654 	9653
f 9651 	9656 	9650
f 9660 	9661 	9646
f 9708 	9658 	9707
f 9705 	9706 	9646
f 9658 	9665 	9646
f 9665 	9663 	9646
f 9657 	9658 	9712
f 9711 	9715 	9657
f 9662 	9646 	9661
f 9660 	9663 	9664
f 9660 	9664 	9661
f 9660 	9646 	9663
f 9664 	9663 	9666
f 9659 	9666 	9663
f 9659 	9663 	9665
f 9659 	9665 	9657
f 9666 	9662 	9661
f 9666 	9661 	9664
f 9657 	9665 	9658
f 9673 	9676 	9666
f 9668 	9669 	9646
f 9668 	9646 	9662
f 9669 	9671 	9648
f 9671 	9667 	9648
f 9648 	9646 	9669
f 9668 	9670 	9669
f 9666 	9670 	9668
f 9666 	9668 	9662
f 9670 	9671 	9669
f 3527 	3521 	9670
f 9675 	9666 	9676
f 9675 	9670 	9666
f 9674 	3528 	9670
f 9666 	9659 	9673
f 9672 	9673 	9659
f 9673 	9682 	9677
f 9673 	9677 	9676
f 9674 	9670 	9675
f 3527 	9670 	3528
f 9673 	9672 	9678
f 9678 	9679 	9673
f 9680 	9678 	9672
f 9650 	9681 	9672
f 9680 	9672 	9681
f 9679 	9682 	9673
f 9650 	9656 	9683
f 9683 	9681 	9650
f 9687 	9724 	3690
f 9648 	9688 	9649
f 9688 	9648 	9689
f 9689 	9648 	9691
f 9693 	9691 	9648
f 9692 	9690 	9691
f 9689 	9691 	9690
f 9694 	9695 	9693
f 9691 	9693 	9695
f 9691 	9695 	9696
f 9691 	9696 	9692
f 9695 	9700 	9697
f 9695 	9697 	9696
f 9693 	9648 	9698
f 9693 	9698 	9694
f 9667 	9698 	9648
f 9698 	9667 	9694
f 5015 	9695 	9694
f 5015 	9694 	9699
f 9671 	9670 	9699
f 9694 	9667 	9699
f 9671 	9699 	9667
f 3520 	5024 	9699
f 3521 	3520 	9670
f 5015 	5026 	9695
f 9700 	9695 	5030
f 5026 	5030 	9695
f 9702 	9646 	9703
f 9644 	9645 	9646
f 9648 	9647 	9646
f 9704 	9646 	9702
f 9750 	9672 	9659
f 9593 	9650 	9589
f 9646 	9704 	9705
f 9658 	9646 	9706
f 9707 	9658 	9706
f 9709 	9710 	9657
f 9710 	9711 	9657
f 9712 	9709 	9657
f 9708 	9713 	9658
f 9658 	9713 	9714
f 9714 	9712 	9658
f 9659 	9657 	9715
f 9750 	9659 	9716
f 9715 	9716 	9659
f 9655 	9654 	9600
f 9718 	9724 	9687
f 4640 	5905 	4707
f 4728 	5905 	9719
f 9721 	5905 	9720
f 9719 	5905 	9721
f 9558 	9559 	9724
f 9559 	9560 	9724
f 9586 	9731 	9730
f 9730 	9729 	9586
f 9729 	9728 	9586
f 9727 	9586 	9728
f 9580 	9581 	9586
f 9582 	9583 	9586
f 9584 	9585 	9586
f 9732 	9586 	9735
f 9737 	9732 	9735
f 9733 	9732 	9739
f 9740 	9734 	9739
f 9733 	9739 	9734
f 9738 	9732 	9737
f 9731 	9586 	9732
f 9739 	9732 	9738
f 9740 	9736 	9734
f 9586 	9727 	9724
f 9725 	9724 	9726
f 9726 	9724 	9727
f 9573 	9575 	9724
f 9742 	9724 	9741
f 9725 	9741 	9724
f 9742 	9746 	9724
f 9744 	9724 	9743
f 9743 	9724 	9745
f 9747 	9724 	9746
f 9745 	9724 	9747
f 4728 	4710 	5905
f 9720 	5905 	3023
f 5905 	5914 	3026
f 9748 	9749 	9672
f 9672 	9753 	9589
f 9672 	9589 	9650
f 9750 	9748 	9672
f 9684 	9655 	9600
f 9717 	9686 	9600
f 9685 	9600 	9686
f 9600 	9685 	9684
f 9751 	9724 	9752
f 9724 	9751 	9622
f 9718 	9752 	9724
f 9744 	3708 	9724
f 3708 	3707 	9724
f 9749 	9753 	9672
f 9753 	9643 	9589
f 4640 	4638 	5905
f 3116 	3026 	5913
f 5776 	5921 	3154
f 3426 	2525 	3432
f 5913 	5776 	3154
f 3425 	3424 	5920
f 2527 	2523 	3431
f 5936 	2527 	3430
f 3431 	3430 	2527
f 3507 	3432 	2675
f 3325 	3335 	4600
f 3424 	3154 	5920
f 9757 	9754 	9756
f 9759 	9760 	9761
f 9762 	9760 	9759
f 9762 	9763 	9760
f 9754 	9755 	2436
f 9760 	2436 	9755
f 9760 	9755 	9761
f 2436 	9756 	9754
f 9756 	2436 	9758
f 2440 	9758 	2436
f 9765 	2441 	9764
f 9763 	9764 	2444
f 9760 	9763 	2444
f 9760 	2446 	2436
f 2444 	2446 	9760
f 9770 	2441 	9765
f 5921 	5920 	3154
# 1606 faces

g group_0_11593967

usemtl color_11593967
s 0

f 1526 	509 	511
f 1526 	2526 	509
f 509 	2526 	510
f 2971 	2969 	2968
f 2241 	2968 	2969
f 2971 	9771 	2969
f 2371 	2370 	2969
f 2370 	2372 	2969
f 2426 	2428 	2969
f 2372 	2426 	2969
f 2969 	2428 	2430
f 2440 	2439 	2969
f 2439 	2373 	2969
f 2373 	2371 	2969
f 2429 	2432 	2969
f 2241 	2969 	511
f 2430 	2429 	2969
f 2432 	2435 	2969
f 2435 	2434 	2969
f 511 	2969 	2433
f 2434 	2433 	2969
f 3721 	3723 	1526
f 3723 	3725 	3729
f 3729 	8664 	3723
f 3728 	3729 	3725
f 510 	3743 	509
f 510 	9701 	3837
f 510 	3837 	3838
f 3838 	3743 	510
f 9705 	9704 	510
f 3743 	3842 	2241
f 3838 	3842 	3743
f 3842 	2968 	2241
f 6044 	6072 	511
f 6063 	511 	6076
f 6041 	511 	6063
f 511 	6072 	6068
f 6070 	511 	6068
f 6065 	6063 	6076
f 6074 	6065 	6076
f 6070 	6076 	511
f 6075 	6074 	6076
f 6076 	6082 	6075
f 2433 	6095 	511
f 6045 	511 	6095
f 6044 	511 	6045
f 511 	6041 	1526
f 3721 	1526 	6041
f 2241 	509 	3743
f 2241 	511 	509
f 2526 	1526 	3723
f 8658 	2526 	8636
f 3723 	8666 	2526
f 8667 	2526 	8669
f 8634 	8675 	8659
f 8660 	8659 	8676
f 8666 	3723 	8663
f 8668 	8673 	2526
f 8636 	2526 	8673
f 8668 	2526 	8667
f 8669 	2526 	8666
f 8634 	8636 	8673
f 8675 	8634 	8673
f 8676 	8659 	8675
f 8664 	8663 	3723
f 8662 	8660 	8816
f 8660 	8676 	8816
f 8818 	8816 	8676
f 9748 	510 	9749
f 8658 	9623 	2526
f 9625 	9627 	2526
f 9623 	9624 	2526
f 9625 	2526 	9624
f 2526 	9627 	9626
f 9632 	9633 	9628
f 9630 	9638 	9629
f 9631 	9638 	9630
f 9628 	9629 	9635
f 9636 	2526 	9633
f 9632 	9628 	9635
f 9634 	9638 	9631
f 9634 	9637 	9638
f 9635 	9629 	9638
f 9626 	9633 	2526
f 9639 	2526 	9640
f 9640 	2526 	9636
f 9626 	9628 	9633
f 9641 	2526 	9639
f 9642 	2526 	9641
f 9643 	2526 	9642
f 9704 	9702 	510
f 9701 	510 	9702
f 9703 	9701 	9702
f 510 	9712 	9705
f 9709 	510 	9710
f 9712 	510 	9709
f 9713 	9708 	9712
f 9707 	9712 	9708
f 9707 	9706 	9712
f 9706 	9705 	9712
f 9710 	510 	9711
f 9712 	9714 	9713
f 9711 	510 	9715
f 510 	9716 	9715
f 2526 	9749 	510
f 9750 	510 	9748
f 510 	9750 	9716
f 9749 	2526 	9753
f 9753 	2526 	9643
f 9772 	2969 	9771
f 2969 	9772 	9773
f 9773 	9774 	2969
f 9775 	2969 	9774
f 9776 	9756 	9775
f 9757 	9756 	9776
f 2969 	9775 	9756
f 9756 	9758 	2969
f 2440 	2969 	9758
# 118 faces

g group_0_13165757

usemtl color_13165757
s 0

f 111 	163 	112
f 141 	122 	163
f 112 	163 	122
f 148 	149 	2690
f 147 	148 	2690
f 149 	150 	2690
f 150 	152 	2690
f 152 	155 	2690
f 155 	156 	2690
f 156 	158 	2690
f 158 	159 	2690
f 159 	160 	2690
f 160 	161 	2690
f 163 	2690 	161
f 146 	147 	2690
f 273 	274 	267
f 267 	274 	269
f 273 	267 	266
f 269 	274 	279
f 279 	3321 	280
f 6503 	6500 	267
f 267 	269 	6503
f 467 	296 	293
f 353 	699 	296
f 472 	256 	396
f 280 	285 	279
f 279 	285 	269
f 280 	402 	285
f 282 	402 	280
f 290 	285 	402
f 402 	293 	290
f 404 	419 	469
f 421 	470 	419
f 282 	467 	402
f 404 	467 	282
f 293 	402 	467
f 467 	404 	469
f 467 	469 	296
f 469 	419 	470
f 469 	470 	353
f 470 	396 	353
f 470 	472 	396
f 469 	353 	296
f 494 	472 	421
f 421 	472 	470
f 472 	494 	258
f 258 	256 	472
f 478 	282 	280
f 478 	280 	477
f 404 	282 	478
f 483 	404 	478
f 419 	404 	485
f 404 	483 	485
f 494 	421 	490
f 494 	490 	259
f 419 	485 	421
f 487 	421 	485
f 487 	490 	421
f 259 	260 	494
f 260 	258 	494
f 4780 	565 	546
f 568 	610 	570
f 568 	585 	610
f 662 	643 	640
f 708 	709 	646
f 664 	643 	662
f 7762 	668 	664
f 664 	9109 	643
f 664 	668 	9109
f 675 	646 	672
f 585 	678 	610
f 585 	677 	678
f 678 	558 	610
f 675 	650 	646
f 680 	650 	675
f 677 	679 	682
f 677 	682 	678
f 678 	564 	558
f 678 	682 	564
f 680 	640 	650
f 680 	662 	640
f 679 	687 	682
f 705 	704 	672
f 679 	685 	687
f 682 	687 	565
f 546 	565 	687
f 682 	565 	564
f 685 	550 	549
f 685 	549 	687
f 549 	546 	687
f 689 	696 	585
f 588 	688 	695
f 585 	568 	689
f 677 	585 	696
f 696 	698 	677
f 589 	588 	695
f 677 	698 	679
f 698 	699 	679
f 699 	700 	685
f 685 	700 	550
f 699 	685 	679
f 550 	700 	551
f 705 	688 	704
f 716 	705 	672
f 672 	646 	770
f 293 	296 	698
f 646 	709 	770
f 293 	698 	696
f 708 	646 	711
f 698 	296 	699
f 353 	700 	699
f 396 	700 	353
f 396 	256 	551
f 551 	700 	396
f 688 	709 	695
f 711 	695 	708
f 708 	695 	709
f 716 	672 	770
f 705 	716 	688
f 716 	770 	688
f 709 	688 	770
f 775 	777 	650
f 646 	650 	777
f 646 	777 	711
f 711 	777 	695
f 777 	775 	695
f 650 	783 	775
f 792 	793 	795
f 793 	796 	798
f 793 	798 	795
f 796 	808 	798
f 808 	796 	807
f 804 	816 	818
f 804 	818 	807
f 807 	818 	820
f 820 	808 	807
f 820 	587 	808
f 820 	589 	587
f 816 	822 	818
f 816 	827 	822
f 818 	588 	820
f 818 	822 	588
f 588 	589 	820
f 785 	829 	834
f 785 	834 	786
f 836 	790 	786
f 786 	834 	836
f 790 	836 	792
f 1523 	840 	829
f 829 	840 	843
f 829 	843 	834
f 834 	845 	836
f 834 	843 	845
f 836 	845 	793
f 853 	845 	843
f 836 	793 	792
f 840 	850 	843
f 840 	847 	850
f 843 	850 	853
f 845 	796 	793
f 845 	853 	796
f 847 	863 	850
f 847 	861 	863
f 804 	853 	850
f 853 	807 	796
f 853 	804 	807
f 850 	863 	804
f 804 	863 	816
f 863 	871 	816
f 871 	863 	861
f 861 	868 	871
f 868 	875 	880
f 868 	880 	871
f 871 	880 	827
f 827 	816 	871
f 955 	672 	704
f 923 	946 	947
f 949 	952 	955
f 923 	951 	946
f 952 	672 	955
f 946 	827 	947
f 951 	827 	946
f 955 	973 	949
f 975 	955 	1001
f 972 	986 	949
f 986 	951 	923
f 972 	949 	973
f 827 	970 	822
f 955 	975 	973
f 923 	949 	986
f 973 	827 	972
f 973 	975 	827
f 970 	827 	975
f 951 	986 	827
f 986 	972 	827
f 688 	822 	970
f 1003 	1004 	955
f 588 	822 	688
f 1001 	970 	975
f 1004 	1001 	955
f 1003 	955 	704
f 1004 	1003 	970
f 688 	970 	1003
f 704 	688 	1003
f 1004 	970 	1001
f 1014 	1075 	1045
f 1048 	1076 	1014
f 2398 	2397 	875
f 1075 	1014 	1076
f 1076 	1048 	1078
f 1077 	1078 	1048
f 1077 	1048 	1080
f 1048 	7821 	923
f 7821 	949 	923
f 1048 	1114 	1080
f 1045 	1075 	875
f 1076 	875 	1075
f 875 	1076 	1078
f 875 	1078 	880
f 1078 	1077 	880
f 1080 	880 	1077
f 1114 	1048 	923
f 880 	947 	827
f 947 	1114 	923
f 1080 	1114 	880
f 1114 	947 	880
f 1339 	1415 	1523
f 1415 	1642 	1523
f 1339 	1523 	1340
f 1340 	829 	785
f 1340 	1523 	829
f 1558 	1415 	1559
f 1559 	1415 	1557
f 1561 	1557 	1415
f 1565 	1564 	1973
f 1564 	1567 	1973
f 1973 	1567 	1415
f 1594 	1581 	1580
f 1580 	1585 	1594
f 1581 	1594 	1582
f 1583 	1594 	1584
f 1583 	1587 	1594
f 1582 	1594 	1587
f 1594 	1585 	1591
f 1567 	1561 	1415
f 2787 	1634 	2784
f 1973 	1610 	1565
f 2787 	2792 	1634
f 1558 	1635 	1415
f 1642 	1415 	1635
f 1636 	1642 	1635
f 1639 	1642 	1638
f 1636 	1638 	1642
f 1639 	1651 	1642
f 1642 	1651 	1656
f 1656 	1679 	1642
f 1653 	1652 	1634
f 1653 	1634 	1659
f 1523 	1642 	840
f 1646 	1644 	1659
f 1659 	1647 	1646
f 1643 	1659 	1644
f 1653 	1659 	1654
f 1658 	1657 	1659
f 1658 	1659 	1643
f 1654 	1659 	1657
f 1661 	2103 	1662
f 1662 	1674 	1663
f 1664 	1663 	1665
f 1674 	1672 	1669
f 1674 	1669 	1668
f 1665 	1663 	1674
f 1668 	1665 	1674
f 1676 	1594 	1677
f 1677 	1594 	1681
f 1591 	1681 	1594
f 1659 	1684 	1683
f 1683 	1685 	1659
f 1685 	1686 	1659
f 1686 	1647 	1659
f 1678 	1680 	1642
f 1682 	1642 	1680
f 1679 	1678 	1642
f 1680 	1690 	1682
f 1674 	1691 	1672
f 1642 	1682 	847
f 1642 	847 	840
f 1690 	1693 	1682
f 1674 	1696 	1691
f 1701 	1696 	1726
f 1674 	1726 	1696
f 861 	847 	1682
f 1682 	1695 	1730
f 1729 	1730 	1695
f 1682 	1693 	1695
f 1726 	1733 	1732
f 1726 	1732 	1702
f 1702 	1701 	1726
f 1730 	1729 	1734
f 861 	1682 	1730
f 1730 	868 	861
f 1746 	1745 	1743
f 1745 	1748 	1743
f 1726 	1743 	1748
f 1751 	1746 	1743
f 1734 	1750 	1730
f 1726 	1748 	1733
f 1730 	1750 	868
f 1756 	868 	1750
f 868 	1756 	1758
f 1760 	1751 	1743
f 1782 	1785 	5599
f 1783 	1782 	5599
f 868 	1758 	1787
f 1634 	1786 	1790
f 1957 	1988 	1786
f 1786 	1817 	1790
f 1634 	1790 	1659
f 1743 	1789 	1760
f 1793 	1792 	1608
f 1743 	1608 	1789
f 1792 	1789 	1608
f 1794 	1659 	1796
f 1659 	1794 	1684
f 1787 	1797 	868
f 875 	868 	1797
f 1805 	875 	1803
f 1803 	875 	1797
f 1790 	1802 	1801
f 1659 	1790 	1796
f 1806 	1796 	1790
f 1809 	1806 	1790
f 1801 	1809 	1790
f 2379 	2404 	2383
f 2110 	2041 	1790
f 1971 	1819 	1790
f 1847 	2275 	1817
f 1988 	1847 	1817
f 1988 	2049 	1847
f 2281 	2280 	2049
f 2049 	1895 	1894
f 2060 	1910 	1895
f 1910 	2060 	1911
f 1910 	1911 	1743
f 1954 	1956 	1786
f 1957 	1786 	1956
f 2932 	1955 	1786
f 2930 	2932 	1786
f 1812 	1966 	5626
f 1812 	5626 	1813
f 5626 	5701 	1813
f 1819 	1802 	1790
f 1963 	1979 	1964
f 1965 	1964 	1979
f 1963 	1977 	1979
f 1978 	1979 	1977
f 5643 	5626 	1981
f 1979 	1978 	1982
f 1984 	1983 	1790
f 1971 	1790 	1983
f 1979 	1988 	1965
f 1965 	1988 	1986
f 1987 	1986 	1988
f 1957 	1987 	1988
f 1817 	1786 	1988
f 1992 	1979 	1982
f 1992 	1991 	1979
f 1991 	2000 	1979
f 1993 	5643 	1981
f 1979 	1998 	2049
f 1817 	2109 	1790
f 1984 	1790 	1995
f 2110 	1790 	2109
f 1995 	1790 	2014
f 2008 	5609 	2010
f 2010 	5609 	2011
f 2014 	1790 	2041
f 5609 	1997 	1973
f 1996 	1973 	1997
f 1998 	1979 	1999
f 1999 	1979 	2000
f 2044 	2049 	1998
f 2044 	2053 	2049
f 1988 	1979 	2049
f 2060 	2049 	2058
f 2053 	2058 	2049
f 2062 	2064 	2060
f 2061 	2062 	2060
f 2058 	2061 	2060
f 8614 	2060 	2064
f 2060 	1895 	2049
f 2073 	2060 	8624
f 2060 	8614 	8621
f 1911 	2060 	2077
f 2073 	2077 	2060
f 1911 	2077 	1608
f 1610 	1973 	1996
f 1911 	1608 	1743
f 1608 	2077 	2191
f 2093 	2153 	2095
f 2098 	2041 	2110
f 2083 	2082 	2103
f 2081 	2103 	2082
f 2084 	2103 	2085
f 2081 	2085 	2103
f 2103 	2084 	2087
f 2087 	2090 	2103
f 2103 	2090 	2092
f 1817 	2257 	2109
f 2098 	2110 	2108
f 2106 	2109 	2092
f 2107 	2109 	2106
f 2107 	2108 	2110
f 2107 	2110 	2109
f 2103 	2092 	2109
f 2153 	2093 	2147
f 2097 	2147 	2096
f 2094 	2096 	2147
f 2191 	2192 	2142
f 2192 	2193 	2148
f 1608 	2191 	2142
f 2142 	2192 	2148
f 2153 	2147 	2148
f 2147 	2329 	1608
f 2142 	2148 	1608
f 2148 	2147 	1608
f 2094 	2147 	2093
f 2156 	2157 	2175
f 2153 	2172 	2157
f 2175 	2174 	2155
f 2153 	2159 	2100
f 2100 	2101 	2153
f 2101 	2095 	2153
f 2153 	2157 	2159
f 2172 	2153 	2171
f 2155 	2156 	2175
f 2175 	2157 	2172
f 8739 	8741 	2174
f 2158 	2155 	2174
f 2174 	2178 	8739
f 8742 	2174 	8638
f 8628 	2174 	2073
f 2171 	2073 	2172
f 2175 	2073 	2174
f 2172 	2073 	2175
f 8743 	2178 	8742
f 8748 	8738 	2178
f 2153 	2148 	2193
f 2193 	2171 	2153
f 2171 	2193 	2073
f 2073 	2193 	2192
f 2073 	2192 	2077
f 2191 	2077 	2192
f 2114 	2103 	2116
f 1661 	2116 	2103
f 1674 	1662 	2103
f 2114 	2083 	2103
f 2223 	2208 	2218
f 2229 	2228 	2218
f 2593 	2230 	2218
f 2227 	2218 	2228
f 2218 	2230 	2229
f 2235 	2234 	2218
f 2227 	2235 	2218
f 1594 	2218 	1589
f 1589 	1584 	1594
f 2234 	1589 	2218
f 2223 	2218 	1594
f 2244 	2602 	2243
f 2243 	2246 	2208
f 2244 	2243 	2208
f 2246 	2218 	2208
f 1817 	2264 	2257
f 2257 	2103 	2109
f 2264 	2103 	2257
f 1726 	1674 	2103
f 2275 	2264 	1817
f 1847 	2282 	2275
f 2103 	2264 	1726
f 2275 	1726 	2264
f 1847 	2049 	2280
f 2282 	1847 	2280
f 2275 	2282 	1726
f 1743 	1726 	2281
f 2281 	1726 	2280
f 2280 	1726 	2282
f 2281 	2049 	1894
f 2281 	1894 	1743
f 1895 	1743 	1894
f 1895 	1910 	1743
f 2299 	2332 	2298
f 2099 	2301 	2329
f 2333 	2329 	2300
f 2301 	2300 	2329
f 6845 	2307 	2305
f 2305 	2307 	3346
f 2308 	7835 	2309
f 2318 	7835 	2310
f 8665 	9011 	2321
f 1014 	2397 	2294
f 7818 	1014 	7816
f 2294 	7816 	1014
f 2147 	2097 	2329
f 2300 	2298 	2332
f 2331 	2332 	2299
f 2333 	2300 	2332
f 2097 	2099 	2329
f 2335 	2331 	2334
f 2299 	2302 	2331
f 2334 	2331 	2302
f 2375 	7835 	2294
f 2377 	2378 	2375
f 2375 	2404 	2377
f 2380 	2377 	2379
f 2391 	2392 	2375
f 2393 	7835 	2392
f 2391 	2375 	2378
f 2309 	7835 	2393
f 2329 	2333 	1608
f 2332 	1608 	2333
f 1608 	2332 	1793
f 2332 	2331 	1793
f 1810 	1793 	2331
f 2337 	1810 	2331
f 2341 	2337 	2331
f 2342 	2341 	2331
f 2342 	2331 	2343
f 2343 	2331 	2335
f 2379 	2383 	2382
f 2379 	2382 	2384
f 2379 	2384 	2385
f 2379 	2385 	2386
f 2386 	2387 	2379
f 2388 	2379 	2387
f 2388 	2380 	2379
f 2405 	2404 	2294
f 2398 	2294 	2397
f 1045 	2397 	1014
f 1811 	2398 	1805
f 875 	1805 	2398
f 2397 	1045 	875
f 2375 	2294 	2404
f 2294 	2398 	2405
f 2379 	2377 	2404
f 1811 	1814 	2404
f 2404 	2405 	1811
f 1811 	2405 	2398
f 1814 	2383 	2404
f 2277 	2246 	2243
f 2417 	2418 	5936
f 2277 	2390 	2246
f 2532 	2534 	2471
f 2532 	2542 	2534
f 2542 	7716 	2534
f 2369 	2541 	2390
f 2542 	2291 	2549
f 2546 	2544 	3117
f 2291 	2293 	2549
f 2390 	2541 	2554
f 7621 	7716 	2549
f 2390 	2554 	2246
f 2218 	2246 	2554
f 2541 	2769 	2566
f 2575 	2541 	2566
f 2574 	2541 	2575
f 2574 	2582 	2541
f 2541 	2582 	2583
f 2576 	2554 	2577
f 2580 	2578 	2541
f 2577 	2554 	2578
f 2554 	2541 	2578
f 2418 	2422 	2527
f 2583 	2580 	2541
f 2527 	5936 	2418
f 2554 	2592 	2591
f 2554 	2591 	2594
f 2543 	3117 	2544
f 2576 	2592 	2554
f 2218 	2554 	2593
f 2594 	2593 	2554
f 2598 	2600 	3450
f 2603 	2471 	8061
f 2599 	2609 	2603
f 2599 	2607 	2609
f 2609 	2532 	2603
f 2603 	2532 	2471
f 2607 	2613 	2616
f 3268 	2706 	2611
f 2607 	2616 	2609
f 2609 	2620 	2532
f 2616 	2620 	2609
f 2620 	2542 	2532
f 2613 	7431 	2616
f 2613 	7430 	7431
f 2616 	7433 	2620
f 2620 	2291 	2542
f 2693 	2618 	3282
f 2625 	2628 	2613
f 2625 	2613 	2607
f 2600 	2598 	2277
f 2598 	2647 	2277
f 2600 	2277 	2243
f 2600 	2243 	2602
f 2602 	2244 	2239
f 2643 	2649 	2369
f 2643 	2369 	2647
f 2647 	2390 	2277
f 2647 	2369 	2390
f 2746 	2764 	2649
f 2649 	2764 	2769
f 2528 	2560 	2675
f 2684 	2686 	9082
f 2687 	2675 	2560
f 2666 	2668 	2664
f 2669 	2666 	2626
f 2626 	2657 	2669
f 2669 	2668 	2666
f 2523 	2527 	2581
f 2524 	2581 	2675
f 2525 	2581 	2524
f 2673 	2669 	2657
f 2523 	2581 	2525
f 2657 	2658 	2673
f 2581 	2528 	2675
f 2669 	2812 	2668
f 2628 	2711 	7456
f 2709 	7456 	2708
f 2685 	2625 	2607
f 2685 	2607 	2599
f 2812 	2669 	2673
f 2684 	145 	2690
f 2615 	2618 	2723
f 2698 	2724 	2415
f 2700 	2610 	2702
f 2702 	2610 	2611
f 2710 	2702 	2611
f 7599 	7456 	2709
f 2611 	2706 	2710
f 2707 	7456 	2711
f 3109 	2536 	2706
f 2536 	2535 	2706
f 2706 	2535 	2710
f 2535 	2543 	2710
f 2713 	2685 	2692
f 2732 	2733 	2628
f 2729 	2714 	2704
f 2628 	2625 	2732
f 2685 	2716 	2717
f 2717 	2719 	2685
f 2719 	2720 	2685
f 2716 	2685 	2713
f 2694 	6136 	2718
f 2720 	2737 	2625
f 2625 	2685 	2720
f 2721 	2658 	2612
f 2612 	2615 	2721
f 2694 	2718 	2695
f 2722 	2695 	2718
f 2615 	2723 	2721
f 2698 	2695 	2724
f 2722 	2724 	2695
f 2723 	2761 	2721
f 2725 	2723 	2618
f 2417 	2415 	2724
f 2618 	2693 	2725
f 2725 	2762 	2723
f 2727 	2703 	2712
f 2731 	2625 	2730
f 2727 	2704 	2703
f 2727 	2729 	2704
f 2733 	2734 	2628
f 2732 	2625 	2731
f 2693 	2696 	2736
f 2729 	2741 	2714
f 2734 	2711 	2628
f 2736 	2725 	2693
f 2737 	2730 	2625
f 2725 	2765 	2762
f 2715 	2714 	2741
f 2736 	2765 	2725
f 2739 	2736 	2696
f 2696 	2700 	2739
f 2936 	2741 	2729
f 2700 	2702 	2742
f 2738 	2744 	2741
f 2715 	2741 	2744
f 2744 	2718 	2715
f 2718 	2744 	2751
f 2722 	2718 	2751
f 2742 	2739 	2700
f 2754 	2742 	2702
f 2751 	2753 	2722
f 2702 	2710 	2754
f 2753 	2724 	2722
f 2710 	2543 	2754
f 2724 	2753 	2757
f 2757 	2417 	2724
f 2757 	2418 	2417
f 2744 	2738 	2760
f 2723 	2762 	2761
f 2746 	2755 	2764
f 2760 	2763 	2751
f 2753 	2751 	2763
f 2760 	2751 	2744
f 2763 	2766 	2753
f 2649 	2769 	2369
f 2739 	2770 	2736
f 2765 	2736 	2770
f 2770 	2875 	2765
f 2769 	2541 	2369
f 2742 	2773 	2739
f 2742 	2774 	2773
f 2755 	2771 	2764
f 2770 	2739 	2773
f 2774 	2742 	2754
f 2764 	2771 	2772
f 2764 	2772 	2769
f 2567 	2566 	2769
f 2569 	2567 	2769
f 2569 	2769 	2572
f 2772 	2572 	2769
f 2784 	1634 	2785
f 2785 	1634 	2786
f 2794 	1634 	2792
f 2543 	2544 	2754
f 2774 	2754 	2544
f 2546 	2774 	2544
f 2766 	2768 	2757
f 2786 	1634 	2815
f 1652 	2815 	1634
f 1634 	2884 	1786
f 2658 	2721 	2818
f 2818 	2673 	2658
f 8760 	8766 	2771
f 2812 	2673 	2814
f 2818 	2814 	2673
f 2721 	2761 	2818
f 2761 	2858 	2818
f 2858 	2814 	2818
f 2861 	2858 	2761
f 2761 	2762 	2861
f 2766 	2757 	2753
f 2762 	2765 	2864
f 2864 	2861 	2762
f 2768 	2422 	2418
f 2768 	2418 	2757
f 2771 	2867 	2772
f 2765 	2875 	2864
f 2875 	2877 	3034
f 2874 	2873 	2772
f 2869 	2772 	2871
f 2869 	2876 	2772
f 2877 	2875 	2770
f 2872 	2772 	2873
f 2871 	2772 	2872
f 2877 	2770 	2773
f 2772 	2876 	2782
f 2572 	2772 	2782
f 2773 	2774 	2880
f 2877 	2773 	2880
f 2880 	2546 	2604
f 2867 	2881 	2772
f 2774 	2546 	2880
f 2874 	2772 	2881
f 2794 	2884 	1634
f 2889 	2885 	2664
f 2664 	2668 	2889
f 2889 	2893 	2885
f 2885 	2893 	2887
f 2668 	2812 	2916
f 2916 	2889 	2668
f 2916 	2920 	2889
f 2893 	2889 	2920
f 2893 	2920 	2933
f 2923 	2867 	8771
f 2922 	2867 	2923
f 3056 	2920 	2916
f 2893 	2927 	2887
f 2881 	2867 	2921
f 2922 	2921 	2867
f 2930 	1786 	2929
f 2929 	1786 	2884
f 1955 	1954 	1786
f 2933 	2927 	2893
f 2928 	2931 	2727
f 2928 	2727 	2712
f 2924 	8771 	2926
f 2938 	2933 	2920
f 2931 	2729 	2727
f 2934 	8771 	2937
f 2931 	2936 	2729
f 2938 	2947 	2933
f 2936 	2738 	2741
f 2948 	2938 	2941
f 2938 	2948 	2947
f 3086 	2952 	2941
f 2941 	2952 	2948
f 2966 	2964 	2957
f 2954 	4306 	2958
f 2966 	2957 	2980
f 2959 	2980 	2957
f 3104 	2981 	2959
f 2955 	2964 	2952
f 5633 	2952 	2964
f 2955 	2957 	2964
f 2980 	2959 	2981
f 3104 	2608 	2981
f 2601 	2981 	2608
f 2812 	2814 	2982
f 3011 	2738 	2936
f 2916 	2812 	2982
f 3029 	2936 	2931
f 2945 	2984 	3150
f 3029 	3008 	2936
f 3011 	3012 	2738
f 3007 	2982 	2814
f 2858 	3007 	2814
f 3028 	3031 	2931
f 3029 	2931 	3031
f 3009 	2936 	3008
f 2936 	3009 	3011
f 3013 	2738 	3012
f 3027 	3327 	3016
f 3012 	3011 	3000
f 2535 	2536 	3026
f 3011 	3009 	3000
f 2858 	2861 	3025
f 3008 	3000 	3009
f 2858 	3025 	3007
f 3004 	3326 	3024
f 3027 	3024 	3326
f 3030 	3025 	2861
f 3008 	3029 	3000
f 2861 	2864 	3030
f 2995 	3016 	3327
f 3032 	3030 	2864
f 2864 	2875 	3032
f 3031 	3000 	3029
f 3031 	3028 	3000
f 2875 	3034 	3032
f 3034 	3070 	3032
f 3036 	3034 	2877
f 2880 	3036 	2877
f 2604 	3036 	2880
f 3277 	3274 	2945
f 3146 	3145 	2944
f 3041 	4292 	3040
f 3126 	3124 	2950
f 2950 	2954 	3126
f 3140 	3141 	2958
f 3145 	3144 	2944
f 2997 	3054 	8697
f 3054 	2997 	3052
f 3882 	8700 	3054
f 3339 	2999 	3327
f 3326 	3327 	3027
f 2995 	3327 	2999
f 2916 	2982 	3056
f 2938 	2920 	3056
f 2982 	3007 	3060
f 3060 	3056 	2982
f 2941 	2938 	3056
f 3007 	3062 	3060
f 3121 	3115 	2999
f 3057 	2928 	2712
f 3274 	3275 	2945
f 3007 	3025 	3062
f 3025 	3030 	3067
f 3025 	3067 	3062
f 3030 	3068 	3067
f 3032 	3068 	3030
f 3032 	3070 	3068
f 3034 	3036 	3073
f 3070 	3034 	3073
f 2605 	3073 	3036
f 3036 	2604 	2605
f 2605 	2606 	3073
f 3060 	2941 	3056
f 3062 	3086 	3060
f 3091 	3092 	2928
f 2941 	3060 	3086
f 3086 	3062 	3088
f 3067 	3088 	3062
f 3091 	2928 	3084
f 2931 	2928 	3092
f 3092 	3028 	2931
f 3028 	3092 	3000
f 3000 	3091 	3084
f 3070 	3073 	3103
f 3092 	3091 	3000
f 3051 	3052 	2999
f 3088 	2955 	3086
f 2955 	3088 	2957
f 3086 	2955 	2952
f 3068 	3098 	3067
f 3105 	3106 	2999
f 3067 	3098 	3088
f 3277 	2945 	3280
f 2957 	3088 	3098
f 2954 	2958 	3141
f 3098 	2959 	2957
f 3144 	3142 	2958
f 3141 	3139 	2954
f 3140 	2958 	3142
f 3098 	3068 	3101
f 2958 	2944 	3144
f 3106 	3051 	2999
f 2944 	3212 	3146
f 3070 	3101 	3068
f 2959 	3098 	3101
f 3070 	3103 	3101
f 3101 	3104 	2959
f 3117 	2543 	3116
f 3023 	3026 	2536
f 3103 	3104 	3101
f 3073 	2606 	3103
f 3103 	2608 	3104
f 3105 	2999 	3107
f 2606 	2608 	3103
f 3116 	2535 	3026
f 3156 	3084 	2928
f 3000 	3084 	2984
f 2535 	3116 	2543
f 2999 	3114 	3111
f 2999 	3111 	3107
f 3117 	3123 	2546
f 3123 	3153 	2546
f 3114 	2999 	3115
f 3153 	2596 	2546
f 3132 	3131 	2999
f 3131 	3121 	2999
f 3120 	4292 	3119
f 3040 	4292 	3120
f 2950 	3122 	3119
f 3122 	2950 	3124
f 3127 	3128 	2954
f 3126 	2954 	3128
f 3129 	3130 	163
f 161 	141 	163
f 2999 	3133 	3132
f 5003 	5006 	3129
f 3133 	3954 	3134
f 3129 	163 	5003
f 5004 	5003 	163
f 2954 	3138 	3127
f 3139 	3138 	2954
f 3279 	3212 	2944
f 2605 	3152 	2606
f 2605 	2596 	3152
f 3154 	2606 	3152
f 3156 	2928 	3155
f 2605 	2604 	2596
f 2604 	2546 	2596
f 2984 	3156 	3150
f 3155 	3150 	3156
f 2984 	3084 	3156
f 3155 	2928 	3294
f 3150 	3155 	3301
f 3294 	3301 	3155
f 3150 	3301 	3291
f 2944 	2945 	3275
f 3275 	3279 	2944
f 3280 	2945 	3150
f 3352 	3353 	3057
f 2999 	3954 	3133
f 3284 	3288 	2928
f 3292 	3293 	2928
f 3134 	3954 	3227
f 3227 	3954 	3252
f 3252 	3954 	3266
f 3266 	3954 	3270
f 3270 	3954 	3271
f 3271 	3954 	3278
f 3276 	3278 	4600
f 3272 	3276 	4600
f 3255 	2706 	3268
f 2706 	3255 	3109
f 3283 	3284 	2928
f 3282 	3579 	3285
f 3283 	2928 	3286
f 3265 	3287 	3285
f 2696 	2693 	3285
f 3285 	3287 	2696
f 3289 	3292 	2928
f 2994 	3325 	2993
f 3267 	2610 	3287
f 3267 	3287 	3265
f 3150 	3290 	3281
f 3150 	3281 	3280
f 2993 	3325 	3006
f 3287 	2700 	2696
f 3291 	3290 	3150
f 2610 	2700 	3287
f 2610 	3267 	2611
f 3268 	2611 	3267
f 3293 	3295 	2928
f 3288 	3289 	2928
f 3294 	2928 	3295
f 3006 	3326 	3004
f 3297 	3294 	3296
f 3295 	3296 	3294
f 3300 	3294 	3299
f 3300 	3301 	3294
f 3302 	3299 	3294
f 3302 	3294 	3297
f 2618 	3304 	3282
f 3304 	2618 	2615
f 2693 	3282 	3285
f 2658 	2657 	3298
f 2612 	2658 	3298
f 274 	3676 	279
f 477 	280 	3321
f 3326 	3006 	3325
f 2994 	5856 	3325
f 5856 	5862 	3325
f 3348 	2993 	3340
f 2293 	2305 	3343
f 2305 	3346 	3343
f 3507 	3508 	3342
f 3346 	2307 	3347
f 3348 	3340 	3347
f 3057 	3353 	3354
f 3354 	3286 	2928
f 2928 	3057 	3354
f 3136 	3137 	3358
f 2608 	3424 	2601
f 3154 	3424 	2606
f 2994 	3348 	6841
f 2993 	3348 	2994
f 2601 	3425 	3160
f 3385 	3412 	3381
f 3385 	3414 	3412
f 3414 	3385 	3389
f 3430 	3431 	3323
f 3414 	2999 	3399
f 2997 	3399 	2999
f 2608 	2606 	3424
f 3425 	2601 	3424
f 3394 	3405 	3395
f 3409 	3395 	3405
f 3409 	3412 	3395
f 3397 	3395 	3412
f 3397 	3412 	3399
f 3414 	3399 	3412
f 2999 	3414 	3389
f 3389 	2995 	2999
f 4570 	4565 	3419
f 3403 	4537 	3419
f 3429 	3409 	3405
f 3381 	3412 	3409
f 3160 	3425 	3323
f 3429 	4062 	3381
f 3381 	3409 	3429
f 3430 	3323 	3425
f 3323 	3426 	3434
f 3426 	3432 	3434
f 3345 	3341 	3508
f 3442 	3419 	3417
f 3448 	3419 	3442
f 3358 	3356 	3136
f 3344 	3508 	3449
f 3437 	3507 	3342
f 3455 	3403 	3448
f 3455 	3405 	3403
f 3448 	3403 	3419
f 2598 	3450 	3492
f 3450 	2600 	3453
f 3453 	2602 	2597
f 3455 	3429 	3405
f 3453 	2600 	2602
f 3459 	3466 	3473
f 3484 	3465 	3464
f 3465 	3485 	3468
f 4929 	3450 	4938
f 4938 	3450 	3453
f 3463 	3826 	3481
f 3463 	3481 	3464
f 3481 	3484 	3464
f 3826 	3558 	3481
f 3481 	3558 	3559
f 3481 	3559 	3484
f 3426 	3323 	3431
f 3137 	3129 	5006
f 3435 	3434 	3507
f 3432 	3507 	3434
f 3438 	3507 	3437
f 3485 	3465 	3484
f 3468 	3489 	3469
f 3468 	3485 	3489
f 3469 	3489 	3492
f 3469 	3492 	4929
f 3450 	4929 	3492
f 3565 	3489 	3485
f 3356 	3449 	3136
f 3344 	3345 	3508
f 3438 	3435 	3507
f 3459 	3473 	3461
f 3341 	3342 	3508
f 3461 	3473 	3509
f 3136 	3449 	3508
f 3586 	3519 	3466
f 3473 	3466 	3522
f 3466 	3519 	3522
f 3473 	3522 	3524
f 3473 	3524 	3509
f 3621 	3529 	3459
f 3621 	3459 	3623
f 3489 	3537 	3492
f 3466 	3459 	3529
f 3537 	2598 	3492
f 2643 	3565 	3540
f 3540 	2649 	2643
f 3565 	2643 	3537
f 3537 	2643 	2647
f 3537 	2647 	2598
f 2649 	3540 	2746
f 3557 	3685 	3556
f 3484 	3563 	3485
f 3484 	3559 	3563
f 3485 	3563 	3565
f 3539 	3573 	3574
f 3542 	3539 	3574
f 3560 	3569 	3557
f 3557 	3569 	3685
f 3580 	3573 	3572
f 3529 	3542 	3574
f 3282 	3568 	3579
f 3576 	4192 	4190
f 3578 	4192 	3576
f 3580 	3572 	3577
f 3573 	3580 	3583
f 3537 	3489 	3565
f 3558 	3852 	3869
f 3558 	3584 	3559
f 3573 	3583 	3574
f 3558 	3869 	3584
f 3574 	3586 	3529
f 3559 	3584 	3587
f 3574 	3583 	3586
f 3587 	3563 	3559
f 3529 	3586 	3466
f 3563 	3540 	3565
f 3563 	3587 	3540
f 3577 	786 	3580
f 3577 	785 	786
f 3580 	790 	3583
f 3586 	3583 	3515
f 3583 	790 	3515
f 3586 	3515 	3519
f 3584 	3596 	3587
f 3461 	3509 	3613
f 3265 	3285 	3581
f 3584 	3594 	3596
f 2746 	3587 	3596
f 2755 	2746 	3596
f 2746 	3540 	3587
f 3899 	3902 	3572
f 3594 	3605 	3596
f 3573 	3739 	3572
f 3594 	3603 	3605
f 3596 	3605 	2755
f 3605 	3603 	3608
f 3603 	3606 	3608
f 8760 	3605 	3608
f 3606 	3610 	3612
f 3623 	3459 	3461
f 3606 	3612 	3608
f 3613 	3509 	3607
f 3509 	3524 	3609
f 3610 	3624 	3612
f 3609 	3607 	3509
f 3908 	3542 	3621
f 3624 	3610 	3622
f 3622 	3633 	3624
f 3542 	3529 	3621
f 3304 	3568 	3282
f 3581 	3285 	3579
f 4375 	3629 	3622
f 3633 	3622 	3629
f 3933 	3932 	3542
f 3933 	3542 	3909
f 3629 	3636 	3661
f 3607 	3609 	3361
f 3630 	2615 	2612
f 3304 	2615 	3630
f 3630 	3566 	3304
f 3568 	3304 	3566
f 3623 	3919 	3621
f 3623 	3921 	3919
f 3566 	3650 	3649
f 3539 	3739 	3573
f 3653 	4028 	3613
f 3630 	3650 	3566
f 3650 	3630 	2612
f 3298 	3650 	2612
f 3633 	3629 	3661
f 3590 	3662 	3585
f 3585 	3662 	3588
f 4161 	3665 	3590
f 3590 	3666 	3662
f 3709 	3707 	3649
f 3665 	3666 	3590
f 3650 	3714 	3649
f 3665 	3674 	3666
f 3674 	3682 	3666
f 3670 	3664 	4474
f 3673 	3665 	3467
f 3673 	3467 	3556
f 3673 	3674 	3665
f 3697 	3650 	3298
f 3556 	3685 	3673
f 3673 	3689 	3674
f 3685 	3689 	3673
f 3674 	3576 	3682
f 3689 	3576 	3674
f 3682 	3576 	4190
f 3709 	3649 	3713
f 3712 	3713 	3649
f 3697 	3757 	3650
f 3649 	3714 	3712
f 3685 	3569 	3696
f 3696 	3689 	3685
f 3714 	3650 	3757
f 3696 	3578 	3689
f 3696 	3863 	3578
f 3689 	3578 	3576
f 3321 	279 	3676
f 3720 	3756 	3697
f 3708 	3649 	3707
f 9745 	3566 	9743
f 3560 	3715 	3569
f 3711 	3715 	3560
f 3716 	3718 	3711
f 3711 	3718 	3715
f 3613 	3607 	3653
f 3653 	3607 	3722
f 3607 	3361 	3722
f 4026 	4113 	3613
f 273 	3746 	274
f 3722 	4035 	3653
f 3321 	3676 	3809
f 3722 	3361 	3362
f 3751 	3716 	4171
f 3718 	3716 	3755
f 3930 	3539 	3934
f 3542 	3934 	3539
f 4516 	4593 	3740
f 3897 	3898 	3739
f 3739 	3539 	3901
f 3757 	3697 	3756
f 3751 	3755 	3716
f 3744 	3347 	3340
f 3744 	3340 	3758
f 3744 	3758 	3751
f 3758 	3760 	3751
f 3751 	3760 	3755
f 3760 	4057 	3755
f 3006 	3758 	3340
f 3340 	2993 	3006
f 3004 	3760 	3758
f 3006 	3004 	3758
f 3749 	3676 	3748
f 3765 	3676 	3749
f 3676 	274 	3748
f 3719 	3720 	3766
f 3894 	3719 	3766
f 3298 	3766 	3697
f 3766 	2657 	2626
f 3740 	3765 	3726
f 3748 	3726 	3749
f 3298 	2657 	3766
f 3957 	3389 	3385
f 3783 	3696 	3569
f 3569 	3715 	3783
f 3917 	3910 	2666
f 3726 	3746 	3747
f 3748 	3746 	3726
f 3749 	3726 	3765
f 3812 	3811 	3740
f 3809 	3740 	4639
f 4593 	4639 	3740
f 3765 	3811 	3676
f 3812 	3809 	3676
f 3811 	3812 	3676
f 3765 	3740 	3811
f 3740 	3809 	3812
f 3813 	5013 	5011
f 3817 	5013 	3813
f 3827 	3800 	3802
f 3780 	3781 	3802
f 3822 	3922 	3623
f 3802 	3781 	3827
f 3817 	3799 	5017
f 3822 	3623 	3461
f 3816 	3815 	3829
f 3822 	3461 	3613
f 3928 	3539 	3930
f 6656 	3818 	3825
f 3824 	3799 	3800
f 3542 	3908 	3909
f 3800 	3827 	3824
f 3816 	3830 	3818
f 3816 	3829 	3830
f 3907 	3822 	3906
f 3850 	3818 	3830
f 3825 	3852 	3826
f 3826 	3852 	3558
f 3822 	3923 	3922
f 3921 	3623 	3922
f 3923 	3822 	3907
f 3901 	3539 	3900
f 3981 	3983 	2664
f 3455 	4102 	3429
f 3815 	6538 	3836
f 3835 	3836 	6538
f 3836 	3829 	3815
f 4062 	3429 	4060
f 3839 	3841 	3835
f 3835 	3841 	3836
f 4067 	3381 	4062
f 3871 	3829 	3836
f 3836 	3841 	3871
f 3841 	3888 	3877
f 3850 	3825 	3818
f 3825 	3850 	3852
f 3850 	3855 	3852
f 3850 	3854 	3855
f 3850 	3830 	3854
f 3964 	3893 	3766
f 3965 	3766 	2626
f 3783 	3863 	3696
f 2666 	3970 	2626
f 3986 	3916 	2666
f 2666 	3916 	3917
f 2885 	3982 	2664
f 3981 	2664 	3982
f 3852 	3855 	3869
f 4067 	4068 	3381
f 3854 	3942 	3855
f 3869 	3944 	3594
f 3869 	3594 	3584
f 3829 	3871 	3872
f 4117 	3992 	3362
f 2664 	3990 	2666
f 4026 	3613 	4024
f 4061 	3429 	4102
f 3943 	3863 	3783
f 3829 	3872 	3830
f 3872 	3854 	3830
f 8719 	3884 	3780
f 4034 	3653 	4035
f 3943 	4451 	3863
f 3871 	3841 	3877
f 3877 	3878 	3871
f 3883 	8719 	3879
f 3884 	8719 	3883
f 3871 	3878 	3872
f 3872 	3881 	3854
f 3872 	3878 	3881
f 3781 	3780 	4418
f 3881 	3942 	3854
f 3977 	3878 	3877
f 3991 	3988 	3722
f 3935 	3977 	3877
f 4023 	4024 	3613
f 3885 	3715 	3718
f 4023 	3613 	4028
f 4030 	4029 	3653
f 4028 	3653 	4029
f 3839 	3888 	3841
f 3887 	3888 	3839
f 4032 	3653 	4034
f 3389 	3960 	2995
f 3989 	4036 	3722
f 3889 	3938 	3890
f 4116 	4117 	3362
f 3401 	3402 	3362
f 3894 	3766 	3893
f 3697 	3766 	3720
f 3897 	3739 	3896
f 3739 	3898 	3899
f 3739 	3901 	3896
f 3963 	3766 	3965
f 2626 	3967 	3966
f 3906 	3822 	3905
f 2626 	3968 	3967
f 3910 	3912 	2666
f 3914 	3908 	3621
f 3913 	3914 	3621
f 3919 	3913 	3621
f 3986 	2666 	3990
f 3890 	3927 	3887
f 3783 	3715 	3885
f 3900 	3539 	3929
f 3539 	3928 	3929
f 3934 	3542 	3932
f 3887 	3927 	3888
f 3877 	3888 	3935
f 3927 	3935 	3888
f 3936 	3938 	3889
f 3890 	3940 	3927
f 3938 	3940 	3890
f 3941 	3935 	3927
f 3389 	3957 	3960
f 3940 	3941 	3927
f 3960 	3016 	2995
f 3855 	3944 	3869
f 4042 	4043 	3455
f 3273 	3272 	4600
f 3891 	3273 	4600
f 3339 	3954 	2999
f 4600 	3278 	3954
f 3885 	3943 	3783
f 3946 	3891 	4600
f 4060 	3429 	4061
f 5011 	3958 	3813
f 3766 	3963 	3964
f 3965 	2626 	3966
f 3968 	2626 	3970
f 3970 	2666 	3912
f 3718 	3973 	3885
f 3855 	3942 	3944
f 3977 	3978 	3878
f 3718 	3755 	3973
f 4068 	4083 	3381
f 3982 	2885 	3985
f 3957 	4064 	4088
f 3722 	3988 	3989
f 2664 	3983 	3990
f 3722 	3992 	3991
f 3878 	3978 	3881
f 3881 	3978 	3993
f 4005 	3978 	3977
f 3993 	3942 	3881
f 3942 	3994 	3944
f 3885 	3973 	3995
f 3942 	3993 	3994
f 3944 	3994 	3603
f 3606 	3603 	3994
f 3944 	3603 	3594
f 3941 	4002 	3935
f 4002 	3977 	3935
f 3977 	4002 	4005
f 3978 	4005 	4014
f 3978 	4014 	3993
f 4017 	3994 	3993
f 3993 	4014 	4017
f 4064 	3385 	3381
f 3653 	4032 	4030
f 3957 	3385 	4064
f 4035 	3722 	4036
f 3994 	4017 	3606
f 3885 	3995 	3943
f 4043 	4101 	3455
f 4042 	3455 	4479
f 4102 	3455 	4101
f 4039 	4044 	3936
f 4047 	4041 	4046
f 3936 	4044 	3938
f 4043 	4042 	3943
f 3995 	4043 	3943
f 3938 	4048 	3940
f 4044 	4048 	3938
f 4118 	4120 	3957
f 3940 	4081 	3941
f 3957 	4127 	3960
f 3973 	3755 	4057
f 4130 	3016 	3960
f 4053 	4048 	4044
f 4044 	4217 	4053
f 4048 	4053 	4089
f 4053 	4092 	4089
f 4059 	2239 	4069
f 4087 	4088 	4064
f 4092 	4053 	4250
f 4071 	4005 	4002
f 4005 	4072 	4014
f 4071 	4072 	4005
f 4014 	4072 	4073
f 4014 	4073 	4017
f 4017 	3610 	3606
f 4017 	4073 	3610
f 4071 	4076 	4072
f 4091 	4076 	4071
f 3995 	4060 	4061
f 4375 	4073 	4072
f 3622 	3610 	4073
f 4073 	4375 	3622
f 4068 	4067 	3973
f 4060 	3995 	3973
f 4062 	4060 	3973
f 3940 	4048 	4081
f 4062 	3973 	4067
f 3941 	4081 	4082
f 4086 	4064 	4083
f 4002 	3941 	4082
f 4086 	4087 	4064
f 4002 	4082 	4071
f 4064 	3381 	4083
f 4082 	4090 	4091
f 4118 	3957 	4088
f 4048 	4089 	4081
f 4090 	4082 	4081
f 4089 	4090 	4081
f 4071 	4082 	4091
f 4089 	4092 	4093
f 4087 	3973 	4088
f 4089 	4093 	4090
f 4090 	4096 	4091
f 4083 	3973 	4086
f 4068 	3973 	4083
f 4090 	4093 	4096
f 4057 	4088 	3973
f 4435 	4091 	4096
f 4086 	3973 	4087
f 4091 	4435 	4076
f 4250 	4105 	4092
f 4101 	3995 	4102
f 4061 	4102 	3995
f 4101 	4043 	3995
f 4092 	4106 	4093
f 4092 	4105 	4106
f 4093 	4106 	4480
f 4093 	4480 	4096
f 4105 	4108 	4106
f 4105 	4258 	4108
f 3905 	3822 	4111
f 3822 	3613 	4111
f 3760 	3004 	3024
f 4111 	3613 	4113
f 3722 	3362 	3992
f 4116 	3362 	3402
f 3024 	4057 	3760
f 3960 	4129 	4130
f 4132 	3027 	3016
f 4088 	4057 	4118
f 790 	3580 	786
f 4057 	4120 	4118
f 4120 	4127 	3957
f 4129 	3960 	4127
f 4965 	4128 	4504
f 4132 	3016 	4130
f 4535 	4536 	4131
f 4506 	8979 	3958
f 4120 	4057 	4127
f 4130 	4129 	4057
f 4127 	4057 	4129
f 4550 	4549 	4133
f 4057 	3024 	4130
f 4132 	4130 	3024
f 4133 	4151 	4136
f 3027 	4132 	3024
f 3467 	7600 	7606
f 4141 	4142 	4209
f 4149 	4133 	4131
f 4133 	4149 	4151
f 3467 	7606 	3556
f 4151 	4154 	4136
f 4143 	3556 	7606
f 4143 	4146 	3557
f 4143 	3557 	3556
f 4149 	4131 	4147
f 4146 	3560 	3557
f 4146 	4150 	3560
f 4150 	4166 	3711
f 4150 	3711 	3560
f 2528 	4136 	4154
f 2560 	4154 	9117
f 4156 	3585 	6121
f 2560 	2528 	4154
f 4138 	6121 	3585
f 9110 	4149 	4147
f 3585 	3588 	4138
f 4138 	3588 	3462
f 3467 	4161 	7600
f 4154 	4151 	9116
f 4156 	3590 	3585
f 2560 	9117 	9080
f 3590 	4156 	4161
f 4161 	3467 	3665
f 4685 	2760 	2738
f 3343 	3346 	4171
f 4171 	4166 	3343
f 3716 	3711 	4166
f 4166 	4171 	3716
f 3744 	4171 	3346
f 3744 	3346 	3347
f 4171 	3744 	3751
f 4181 	4183 	4173
f 4173 	4183 	4176
f 4567 	4568 	2766
f 3682 	4190 	4184
f 4184 	4191 	4187
f 4106 	4108 	4483
f 4190 	4191 	4184
f 4108 	4486 	4489
f 4190 	4193 	4191
f 4192 	4193 	4190
f 4192 	4329 	4193
f 2528 	2581 	4136
f 4196 	4180 	3462
f 3462 	3588 	4196
f 4196 	4197 	4180
f 4180 	4197 	4181
f 4181 	4199 	4183
f 4197 	4199 	4181
f 4236 	4215 	4202
f 4135 	4202 	4141
f 4721 	2768 	2766
f 4752 	4136 	2581
f 4215 	4142 	4141
f 4212 	4217 	4039
f 4220 	4212 	7309
f 4039 	4217 	4044
f 4212 	4221 	4217
f 4220 	4221 	4212
f 3588 	4201 	4196
f 4250 	4053 	4217
f 3588 	3662 	4201
f 4201 	4225 	4196
f 3662 	4232 	4201
f 4229 	4231 	4220
f 4220 	4231 	4221
f 4196 	4225 	4197
f 4197 	4228 	4199
f 4225 	4228 	4197
f 3662 	3666 	4232
f 4201 	4234 	4225
f 4253 	4221 	4231
f 4236 	4202 	4237
f 4141 	4202 	4215
f 4229 	4239 	4231
f 4750 	2422 	2768
f 4235 	4239 	4229
f 4232 	4234 	4201
f 4234 	4246 	4225
f 4243 	4245 	4235
f 4245 	4239 	4235
f 4225 	4246 	4228
f 4245 	4268 	4239
f 3682 	4232 	3666
f 4612 	4244 	4241
f 4328 	4245 	4243
f 4184 	4234 	4232
f 4221 	4250 	4217
f 4184 	4232 	3682
f 4234 	4184 	4187
f 4234 	4187 	4246
f 4221 	4253 	4250
f 4250 	4253 	4105
f 4239 	4256 	4231
f 4458 	4461 	4551
f 4231 	4256 	4253
f 4253 	4256 	4258
f 3442 	4471 	3448
f 4256 	4270 	4258
f 4253 	4258 	4105
f 4257 	4066 	4259
f 4750 	4752 	2422
f 4279 	4277 	4075
f 4075 	4077 	4279
f 4252 	4059 	4255
f 4255 	4059 	4063
f 4063 	4257 	4255
f 4256 	4239 	4268
f 4063 	4066 	4257
f 4268 	4270 	4256
f 4258 	4270 	4486
f 4269 	4274 	4273
f 4272 	4269 	4273
f 4258 	4486 	4108
f 4264 	4276 	4282
f 4288 	4280 	4269
f 4264 	4282 	4267
f 4267 	2945 	2944
f 4267 	4282 	2945
f 4275 	4263 	4277
f 4275 	4261 	4263
f 4276 	4407 	4282
f 4276 	4406 	4407
f 4263 	4075 	4277
f 2984 	2945 	4282
f 4274 	4269 	4280
f 4077 	4281 	4279
f 4290 	3361 	3609
f 3361 	4292 	3362
f 4290 	4292 	3361
f 5057 	5058 	4292
f 4292 	5058 	3362
f 3362 	5058 	3401
f 4293 	4299 	4290
f 4290 	4299 	4292
f 2950 	3119 	4292
f 4292 	4299 	2950
f 4303 	4306 	4293
f 4294 	4285 	4238
f 4238 	4241 	4294
f 4293 	4306 	4299
f 4294 	4241 	4297
f 4299 	2954 	2950
f 4297 	4244 	4300
f 2954 	4299 	4306
f 4241 	4244 	4297
f 4306 	4303 	4311
f 4310 	4311 	4303
f 4311 	2958 	4306
f 4472 	4473 	3448
f 4479 	3455 	3448
f 3863 	4315 	3578
f 4461 	4465 	4551
f 4310 	4391 	4264
f 4310 	4267 	4311
f 4310 	4264 	4267
f 4311 	4267 	2944
f 2944 	2958 	4311
f 4277 	4342 	4275
f 4279 	4342 	4277
f 3448 	4471 	4472
f 4279 	4281 	4342
f 4315 	4192 	3578
f 4348 	4352 	4268
f 4268 	4352 	4270
f 3442 	3417 	4323
f 4326 	4328 	4243
f 4322 	4293 	4290
f 4326 	4336 	4328
f 4335 	4336 	4326
f 4327 	4293 	4322
f 4314 	4252 	4317
f 4317 	4252 	4255
f 4317 	4255 	4318
f 4337 	4341 	4335
f 4318 	4257 	4319
f 4318 	4255 	4257
f 4295 	4309 	4340
f 4319 	4257 	4259
f 4335 	4341 	4336
f 4319 	4259 	4320
f 4320 	4261 	4275
f 4259 	4261 	4320
f 4337 	4344 	4341
f 4343 	4344 	4337
f 4317 	4342 	4314
f 4340 	4308 	4269
f 4309 	4308 	4340
f 4318 	4342 	4317
f 4319 	4342 	4318
f 4319 	4320 	4342
f 4269 	4272 	4340
f 4346 	4340 	4272
f 4343 	7469 	3342
f 4320 	4275 	4342
f 7469 	3437 	3342
f 4345 	4340 	4346
f 3342 	3341 	4343
f 4343 	3341 	4344
f 4344 	3341 	3345
f 4348 	4268 	4245
f 4245 	4328 	4348
f 4336 	4355 	4328
f 4328 	4355 	4348
f 4348 	4356 	4352
f 4355 	4356 	4348
f 4363 	4365 	4394
f 4360 	8235 	4359
f 4352 	4356 	4732
f 4701 	4352 	4732
f 4336 	4364 	4355
f 4336 	4341 	4364
f 4364 	4366 	4355
f 4355 	4366 	4356
f 4344 	4368 	4341
f 4341 	4368 	4364
f 4368 	4370 	4364
f 3345 	4368 	4344
f 4364 	4370 	4366
f 4366 	4370 	4889
f 4363 	4381 	4365
f 4370 	4368 	3344
f 4368 	3345 	3344
f 4072 	4076 	4375
f 4363 	5986 	4376
f 4376 	4381 	4363
f 4324 	4382 	4327
f 4324 	4379 	4382
f 4382 	4303 	4327
f 4327 	4303 	4293
f 4365 	4381 	4369
f 4378 	4369 	4376
f 4376 	4369 	4381
f 5986 	4387 	4378
f 4387 	5986 	4295
f 4379 	4391 	4382
f 4378 	4387 	4369
f 4310 	4303 	4382
f 4340 	4369 	4387
f 4387 	4295 	4340
f 4332 	4389 	4379
f 4391 	4379 	4389
f 4391 	4310 	4382
f 4359 	4363 	4394
f 4365 	4396 	4394
f 4389 	4397 	4391
f 4365 	4399 	4396
f 4389 	4393 	4397
f 4264 	4391 	4397
f 4397 	4276 	4264
f 4393 	4321 	4397
f 4393 	4402 	4321
f 4276 	4397 	4321
f 4281 	4284 	4342
f 4284 	4285 	4342
f 4285 	4294 	4342
f 4294 	4297 	4342
f 4407 	2984 	4282
f 3000 	2984 	4407
f 4297 	4300 	4342
f 4300 	4301 	4342
f 4301 	4302 	4342
f 4302 	6499 	4342
f 6499 	6501 	4342
f 6501 	6502 	4342
f 6502 	6504 	4342
f 6504 	6527 	4342
f 6527 	6520 	4342
f 4406 	4411 	4413
f 4413 	4407 	4406
f 4342 	3465 	3468
f 3468 	3469 	4342
f 3469 	4929 	4342
f 3886 	3780 	3884
f 4342 	4929 	4938
f 4938 	4313 	4342
f 2738 	4684 	4685
f 4313 	4314 	4342
f 4407 	4413 	3000
f 4414 	3781 	4418
f 4420 	4415 	4419
f 4419 	4414 	4418
f 4430 	4415 	4420
f 4416 	4536 	4511
f 4433 	4415 	4430
f 4342 	6522 	6523
f 4342 	6523 	6525
f 4437 	4415 	4433
f 4436 	4375 	4076
f 4436 	4076 	4435
f 4375 	4436 	3629
f 4434 	3951 	4636
f 4423 	4434 	4636
f 4427 	4636 	3949
f 3951 	3949 	4636
f 3636 	3629 	4436
f 4435 	4096 	4447
f 4436 	4435 	4448
f 3442 	4323 	4482
f 4192 	4315 	4329
f 4471 	3442 	4470
f 4435 	4447 	4448
f 4436 	4448 	3636
f 4479 	3448 	4473
f 3863 	4451 	4315
f 4693 	2763 	2760
f 4454 	4413 	4411
f 4463 	4464 	4323
f 4133 	4705 	4550
f 4131 	4133 	4549
f 4485 	3442 	4482
f 4315 	4461 	4329
f 4411 	4428 	4454
f 4459 	4329 	4458
f 4458 	4329 	4461
f 2760 	4685 	4686
f 4464 	4482 	4323
f 4323 	4465 	4463
f 4451 	4464 	4315
f 4454 	3013 	4413
f 3012 	4413 	3013
f 4463 	4315 	4464
f 4465 	4315 	4463
f 4465 	4461 	4315
f 4501 	4063 	4059
f 4692 	2760 	4686
f 4447 	4452 	4474
f 4281 	4077 	4623
f 4452 	4478 	4474
f 4471 	4470 	4451
f 4447 	4474 	4448
f 4448 	3664 	3636
f 4473 	4472 	3943
f 4448 	4474 	3664
f 4471 	4451 	4472
f 4794 	4795 	4075
f 4451 	3943 	4472
f 4478 	4452 	4477
f 4603 	4238 	4602
f 3670 	4474 	4478
f 4238 	4608 	4241
f 4612 	4241 	4609
f 4478 	3726 	3670
f 4106 	4483 	4480
f 4042 	4479 	3943
f 4285 	4284 	4625
f 4479 	4473 	3943
f 4096 	4480 	4447
f 4447 	4480 	4452
f 4285 	4625 	4238
f 4480 	4483 	4452
f 4625 	4604 	4238
f 4484 	4470 	3442
f 4484 	3442 	4485
f 4470 	4484 	4451
f 4485 	4451 	4484
f 4451 	4482 	4464
f 4483 	4108 	4489
f 4482 	4451 	4485
f 4483 	4489 	4477
f 4486 	4702 	4489
f 4483 	4477 	4452
f 4059 	4069 	4501
f 4069 	4495 	4501
f 4173 	4494 	4492
f 4499 	4173 	4492
f 4063 	4694 	4066
f 4173 	4176 	4494
f 4496 	4494 	4176
f 4694 	4860 	4066
f 4498 	6114 	3462
f 3462 	4180 	4498
f 4498 	4180 	4499
f 4499 	4181 	4173
f 4180 	4181 	4499
f 477 	4613 	478
f 4638 	4405 	4437
f 4685 	4684 	4454
f 4691 	4259 	4066
f 4413 	3012 	3000
f 4691 	4261 	4259
f 4416 	4511 	4510
f 3403 	3405 	4537
f 4063 	4501 	4694
f 4066 	4859 	4718
f 4261 	4790 	4789
f 4263 	4261 	4789
f 4791 	4790 	4261
f 4516 	4477 	4500
f 2997 	8697 	3399
f 4890 	4891 	4495
f 3321 	4641 	477
f 4795 	4796 	4075
f 4500 	4593 	4516
f 4500 	4579 	4593
f 4477 	4516 	4478
f 4623 	4524 	4525
f 4077 	4524 	4623
f 3726 	4478 	4516
f 4416 	4131 	4536
f 4518 	8935 	4533
f 4537 	4520 	4518
f 4510 	4511 	4428
f 4511 	4536 	4428
f 4537 	3394 	4520
f 4520 	3394 	4521
f 4535 	4428 	4536
f 3394 	3395 	4521
f 4535 	4131 	4545
f 4545 	4131 	4549
f 3397 	8731 	3395
f 4570 	3419 	4537
f 3394 	4537 	3405
f 4323 	3417 	4551
f 4565 	4560 	3417
f 3417 	3419 	4565
f 4556 	4727 	4558
f 4730 	4551 	4558
f 4560 	4558 	4551
f 4560 	4563 	4558
f 2766 	2763 	4697
f 4695 	4697 	2763
f 4551 	3417 	4560
f 4530 	4563 	4560
f 4560 	4565 	4530
f 2766 	4566 	4567
f 4568 	4721 	2766
f 4533 	4565 	4570
f 4752 	4750 	4136
f 4565 	4533 	4530
f 4518 	4533 	4570
f 4537 	4518 	4570
f 4532 	487 	485
f 4563 	4530 	4576
f 4576 	4595 	4573
f 4666 	4662 	483
f 4530 	4533 	4581
f 4533 	8935 	4581
f 4581 	4576 	4530
f 4662 	4599 	483
f 4586 	4592 	4587
f 4590 	4592 	4586
f 485 	4599 	4532
f 4655 	477 	4654
f 4615 	4616 	478
f 4592 	4590 	4596
f 4595 	4590 	4573
f 4615 	478 	4613
f 485 	483 	4599
f 4414 	4419 	4415
f 4415 	4437 	4405
f 4516 	3740 	3726
f 4641 	3321 	4639
f 4654 	477 	4641
f 4600 	4427 	3946
f 3949 	3946 	4427
f 4437 	4423 	4636
f 4532 	4599 	4665
f 4527 	4524 	4077
f 4662 	4663 	4599
f 4603 	4608 	4238
f 4609 	4241 	4608
f 4611 	4244 	4610
f 4610 	4244 	4612
f 4613 	477 	4614
f 4616 	4627 	478
f 478 	4660 	483
f 4613 	4614 	4593
f 4623 	4284 	4281
f 4613 	4593 	4615
f 4579 	4616 	4593
f 4625 	4284 	4623
f 4615 	4593 	4616
f 4634 	4607 	4625
f 4628 	4623 	4601
f 4629 	4623 	4628
f 4525 	4601 	4623
f 4664 	4665 	4599
f 4634 	4625 	4629
f 4623 	4629 	4625
f 4640 	4405 	4638
f 4658 	4532 	4665
f 4604 	4602 	4238
f 4636 	4638 	4437
f 4604 	4625 	4607
f 4606 	4627 	4579
f 4627 	4616 	4579
f 4725 	2768 	4721
f 4535 	4545 	4428
f 4549 	4645 	4545
f 4428 	4545 	4645
f 4550 	4645 	4549
f 4567 	4428 	4645
f 4568 	4567 	4645
f 4649 	9721 	2939
f 4707 	4408 	4640
f 4405 	4640 	4408
f 4409 	4707 	4410
f 3321 	3809 	4639
f 4655 	4614 	477
f 4728 	4649 	4710
f 4655 	4654 	4593
f 4614 	4655 	4593
f 4408 	4707 	4409
f 4654 	4641 	4593
f 4639 	4593 	4641
f 4749 	4777 	4606
f 4660 	478 	4627
f 4666 	483 	4660
f 4599 	4663 	4664
f 4658 	4665 	4606
f 4663 	4606 	4664
f 4664 	4606 	4665
f 4663 	4662 	4606
f 4606 	4660 	4627
f 4662 	4666 	4606
f 4750 	4723 	4136
f 4750 	2768 	4723
f 4595 	4596 	4590
f 8946 	4596 	4595
f 4567 	4566 	4428
f 4676 	4678 	4673
f 4673 	4678 	4675
f 4454 	4428 	4566
f 4556 	4682 	4676
f 4556 	4558 	4682
f 4678 	4676 	4683
f 4682 	4683 	4676
f 3013 	4684 	2738
f 4683 	4586 	4678
f 4558 	4563 	4682
f 4683 	4682 	4573
f 4563 	4573 	4682
f 2760 	4692 	4693
f 4683 	4590 	4586
f 4573 	4590 	4683
f 4576 	4573 	4563
f 3013 	4454 	4684
f 4686 	4685 	4454
f 4519 	4877 	4495
f 4135 	4141 	4690
f 4646 	4710 	4649
f 4695 	2763 	4693
f 4691 	4066 	4716
f 4697 	4566 	2766
f 4696 	4698 	4688
f 4716 	4711 	4691
f 4693 	4692 	4454
f 4454 	4692 	4686
f 4688 	4698 	4690
f 4690 	4137 	4135
f 4566 	4697 	4454
f 4678 	4699 	4675
f 4678 	4586 	4699
f 4693 	4454 	4695
f 4646 	4410 	4710
f 4695 	4454 	4697
f 4699 	4696 	4675
f 4696 	4700 	4698
f 4660 	4606 	4666
f 4701 	4486 	4270
f 4699 	4700 	4696
f 4270 	4352 	4701
f 4702 	4486 	4701
f 4737 	490 	487
f 4586 	4587 	4699
f 4699 	4587 	4700
f 4794 	4075 	4263
f 4587 	4128 	4700
f 4710 	4410 	4707
f 4587 	4592 	4504
f 4791 	4261 	4691
f 4717 	4705 	4133
f 4711 	4712 	4691
f 4713 	4691 	4712
f 4724 	4717 	4723
f 4133 	4136 	4717
f 4136 	4723 	4717
f 4715 	4066 	4718
f 4716 	4066 	4715
f 4859 	4066 	4860
f 4694 	4501 	4861
f 4504 	4128 	4587
f 4592 	4596 	4506
f 4592 	4506 	4504
f 4698 	4137 	4690
f 4698 	4700 	4139
f 4139 	4137 	4698
f 4723 	2768 	4724
f 4725 	4724 	2768
f 4700 	4128 	4139
f 4551 	4465 	4323
f 9719 	4649 	4728
f 4556 	4734 	4727
f 4500 	4489 	4702
f 4730 	4558 	4727
f 4702 	4579 	4500
f 4489 	4500 	4477
f 4742 	5230 	4731
f 4701 	4732 	4735
f 259 	490 	4738
f 4734 	4676 	4673
f 4701 	4735 	4702
f 4673 	4675 	4731
f 5053 	4727 	4734
f 4532 	4777 	4737
f 4734 	4556 	4676
f 4532 	4737 	487
f 5284 	5252 	5291
f 490 	4737 	4738
f 4141 	4209 	4210
f 4739 	4141 	4210
f 4690 	4141 	4739
f 259 	4738 	3319
f 4731 	4675 	4742
f 4738 	4832 	3319
f 4742 	4696 	4688
f 4579 	4702 	4735
f 4739 	5252 	4688
f 4749 	4735 	4732
f 5106 	4753 	4751
f 4753 	4781 	4751
f 2581 	2422 	4752
f 4645 	4550 	4705
f 4749 	4732 	4747
f 4775 	4777 	4532
f 4737 	4777 	4786
f 4819 	4738 	4817
f 4762 	4729 	4773
f 4735 	4749 	4606
f 4532 	4658 	4775
f 4705 	4717 	4645
f 4787 	4785 	4764
f 4762 	4773 	4771
f 4776 	4904 	4773
f 4606 	4579 	4735
f 4747 	4774 	4749
f 4751 	4776 	4729
f 4751 	4781 	4776
f 4773 	4729 	4776
f 4408 	4781 	4753
f 4753 	4405 	4408
f 4568 	4645 	4721
f 4764 	4768 	4787
f 4737 	4816 	4817
f 4694 	4863 	4860
f 4861 	4863 	4694
f 4263 	4789 	4793
f 4786 	4777 	4749
f 4263 	4793 	4794
f 4077 	4075 	4796
f 4796 	4527 	4077
f 4791 	4691 	4713
f 4775 	4606 	4777
f 4658 	4606 	4775
f 4816 	4737 	4801
f 4786 	4801 	4737
f 4688 	4690 	4739
f 4742 	4675 	4696
f 4721 	4645 	4725
f 4876 	4877 	4519
f 4724 	4725 	4717
f 4645 	4717 	4725
f 4041 	4047 	4519
f 4519 	4878 	4876
f 4737 	4817 	4738
f 3319 	4834 	3358
f 4774 	4801 	4749
f 4895 	4495 	4877
f 4786 	4749 	4801
f 4878 	4519 	4047
f 4819 	4820 	4738
f 4834 	3319 	4832
f 4821 	7936 	4818
f 4852 	4853 	4815
f 4835 	4821 	4853
f 4842 	4831 	4829
f 4829 	4840 	4842
f 4820 	4819 	4774
f 4801 	4774 	4816
f 4816 	4774 	4817
f 4817 	4774 	4819
f 4820 	4832 	4738
f 4842 	4779 	4831
f 4778 	4831 	4779
f 4818 	4853 	4821
f 4837 	4828 	4835
f 4821 	4835 	4828
f 4828 	4837 	4829
f 4840 	4829 	4837
f 3358 	4834 	3356
f 643 	4850 	4845
f 4848 	4852 	4851
f 4848 	4900 	4852
f 4851 	4852 	7968
f 4815 	7968 	4852
f 4818 	4815 	4853
f 4861 	4501 	4862
f 4501 	4495 	4891
f 4895 	4892 	4495
f 4891 	4893 	4501
f 4402 	4854 	4874
f 4855 	4857 	4881
f 4857 	4884 	4885
f 4402 	4874 	4321
f 4888 	4885 	4884
f 4857 	4885 	4881
f 4881 	4885 	4844
f 4885 	4846 	4844
f 4774 	3356 	4834
f 4820 	4774 	4832
f 4832 	4774 	4834
f 4885 	4888 	4846
f 4888 	4912 	4848
f 4888 	4848 	4851
f 4732 	4356 	4747
f 4356 	4366 	4747
f 4889 	4747 	4366
f 4889 	4774 	4747
f 4890 	4495 	4892
f 3449 	4889 	4370
f 4370 	3344 	3449
f 4889 	3449 	3356
f 4889 	3356 	4774
f 4862 	4501 	4893
f 4768 	4788 	4787
f 4771 	4788 	4768
f 4888 	4851 	4846
f 4848 	4912 	4913
f 4773 	4899 	4771
f 4848 	4913 	4900
f 4899 	4788 	4771
f 4899 	4956 	4788
f 4931 	4902 	4900
f 4904 	4899 	4773
f 4900 	4902 	4853
f 4900 	4853 	4852
f 4902 	4903 	4835
f 4907 	4903 	4934
f 4903 	4907 	4837
f 4903 	4837 	4835
f 4835 	4853 	4902
f 4776 	4906 	4904
f 4781 	4906 	4776
f 4906 	4960 	4904
f 4907 	4908 	4840
f 4907 	4840 	4837
f 4408 	4409 	4781
f 4906 	4781 	4409
f 4908 	558 	564
f 4910 	4908 	564
f 564 	565 	4910
f 4908 	4842 	4840
f 4908 	4910 	4842
f 4321 	4406 	4276
f 4910 	565 	4780
f 4910 	4779 	4842
f 4910 	4780 	4779
f 4888 	4884 	4912
f 2244 	2208 	4915
f 4321 	4874 	4406
f 4966 	4868 	4989
f 2223 	4915 	2208
f 4519 	4915 	2223
f 4041 	4519 	2223
f 4519 	4495 	4915
f 2223 	1594 	4041
f 2239 	2244 	4069
f 4989 	4868 	4986
f 4069 	2244 	4915
f 4495 	4069 	4915
f 4313 	3453 	4314
f 2597 	4314 	3453
f 4252 	4314 	2597
f 2239 	4252 	2602
f 2597 	2602 	4252
f 4147 	4416 	4850
f 4059 	4252 	2239
f 6656 	4342 	6525
f 4342 	6656 	4923
f 4342 	4923 	3463
f 4969 	4987 	4845
f 4868 	4845 	4988
f 4342 	3463 	3464
f 4988 	4986 	4868
f 3464 	3465 	4342
f 4928 	4874 	4854
f 5007 	4913 	4912
f 4147 	4131 	4416
f 4931 	4900 	4913
f 4931 	4932 	4902
f 4932 	4903 	4902
f 570 	610 	4934
f 4923 	3826 	3463
f 266 	262 	8908
f 4923 	3825 	3826
f 3748 	274 	3746
f 3453 	4313 	4938
f 8903 	262 	8906
f 262 	8903 	8908
f 4944 	4041 	4943
f 4041 	4944 	4046
f 273 	266 	8908
f 5600 	5599 	1785
f 4785 	4947 	4766
f 4947 	4909 	4766
f 4952 	546 	4955
f 4785 	4949 	4947
f 4954 	4780 	4953
f 4787 	4949 	4785
f 8974 	4780 	8964
f 4787 	4788 	4950
f 4953 	4780 	4952
f 8964 	4780 	4954
f 4949 	4787 	4950
f 4955 	546 	4957
f 4957 	546 	4959
f 4950 	4788 	4956
f 4958 	4956 	4899
f 4904 	4958 	4899
f 4960 	4958 	4904
f 4928 	4854 	4918
f 4410 	4960 	4906
f 4906 	4409 	4410
f 4874 	4928 	4411
f 4510 	5039 	4416
f 4928 	4428 	4411
f 3817 	5017 	5013
f 4874 	4411 	4406
f 4967 	4965 	4504
f 4504 	4506 	4967
f 4967 	4968 	4965
f 4967 	4975 	4968
f 3958 	4975 	4967
f 4971 	546 	4973
f 4965 	4968 	5010
f 4973 	546 	4972
f 4967 	4506 	3958
f 4968 	5052 	5049
f 4972 	549 	4974
f 4974 	549 	4976
f 5052 	4968 	4975
f 4976 	549 	4978
f 4978 	549 	4979
f 4983 	549 	5001
f 4979 	549 	4980
f 4981 	549 	4983
f 4988 	4845 	4987
f 4969 	4845 	4985
f 570 	4934 	4932
f 4986 	4988 	4918
f 4987 	4918 	4988
f 4991 	4992 	4990
f 4966 	4989 	4918
f 4903 	4932 	4934
f 4986 	4918 	4989
f 610 	558 	4934
f 4907 	4934 	558
f 4908 	4907 	558
f 4969 	4985 	4928
f 4128 	4994 	4139
f 4994 	4982 	4139
f 4928 	4918 	4987
f 4969 	4928 	4987
f 4855 	6426 	4857
f 4982 	4994 	4998
f 4965 	4994 	4128
f 4997 	4857 	6426
f 4965 	5010 	4994
f 4980 	549 	4981
f 4997 	5000 	4884
f 4998 	4991 	4982
f 4997 	4884 	4857
f 4998 	4994 	5010
f 5006 	3358 	3137
f 5001 	549 	5006
f 5000 	4912 	4884
f 256 	258 	5006
f 4912 	5000 	5007
f 5007 	5008 	4913
f 4193 	5014 	4191
f 5047 	4998 	5010
f 5029 	4985 	4845
f 4968 	5049 	5010
f 4329 	5059 	4193
f 4191 	5014 	5012
f 260 	5006 	258
f 5014 	5016 	5012
f 256 	5006 	551
f 259 	3319 	5006
f 4959 	546 	4971
f 5017 	5040 	5013
f 3319 	3358 	5006
f 259 	5006 	260
f 3824 	5043 	5017
f 5008 	5009 	4931
f 5009 	4932 	4931
f 5008 	4931 	4913
f 5017 	3799 	3824
f 4932 	5009 	570
f 5025 	4855 	8125
f 5011 	4975 	3958
f 5011 	5031 	4975
f 5039 	5035 	4850
f 5029 	4850 	5035
f 4845 	4850 	5029
f 4850 	4416 	5039
f 4985 	5029 	4928
f 5029 	5035 	4928
f 4428 	4928 	5035
f 5013 	5038 	5011
f 5013 	5040 	5038
f 5011 	5038 	5031
f 5039 	4510 	4428
f 5035 	5039 	4428
f 5017 	5043 	5040
f 798 	808 	5041
f 5103 	5097 	5040
f 4389 	4332 	5041
f 808 	587 	5041
f 5041 	4393 	4389
f 5043 	5106 	5040
f 5103 	5040 	5106
f 5041 	587 	4393
f 587 	589 	4402
f 5045 	5043 	3824
f 3824 	3827 	5045
f 587 	4402 	4393
f 5107 	5106 	5045
f 5043 	5045 	5106
f 3827 	4414 	5045
f 3781 	4414 	3827
f 5107 	5045 	4415
f 4193 	5059 	5014
f 4414 	4415 	5045
f 4845 	4868 	640
f 4991 	4998 	5046
f 640 	643 	4845
f 5046 	4992 	4991
f 9109 	4850 	643
f 5159 	5156 	5046
f 4551 	4459 	4458
f 5046 	4998 	5047
f 650 	640 	4868
f 4459 	4551 	5051
f 5159 	5046 	5048
f 5047 	5048 	5046
f 783 	650 	4966
f 5010 	5049 	5047
f 4402 	589 	4854
f 5048 	5047 	5050
f 5049 	5050 	5047
f 589 	695 	4854
f 775 	4918 	695
f 4459 	5051 	4329
f 4329 	5105 	5099
f 4329 	5099 	5059
f 5049 	5052 	5050
f 5115 	5050 	5052
f 5084 	5087 	4734
f 775 	783 	4918
f 4918 	4854 	695
f 5176 	5178 	5053
f 4727 	5053 	5178
f 4868 	4966 	650
f 783 	4966 	4918
f 4730 	5051 	4551
f 3041 	5060 	4292
f 5057 	4292 	5060
f 5104 	5051 	4730
f 4727 	5099 	4730
f 5122 	5176 	5053
f 5014 	5084 	5016
f 5053 	5087 	5088
f 5053 	4734 	5087
f 3515 	5090 	3519
f 3515 	792 	5090
f 4975 	5031 	5052
f 3519 	5093 	3522
f 3519 	5090 	5093
f 3522 	5094 	3524
f 5059 	5088 	5014
f 5038 	5097 	5031
f 3522 	5093 	5094
f 4322 	3524 	5094
f 5087 	5014 	5088
f 5096 	5115 	5031
f 5087 	5084 	5014
f 5096 	5031 	5097
f 4727 	5098 	5099
f 5105 	4730 	5099
f 5102 	5098 	4727
f 5038 	5040 	5097
f 5104 	4730 	5105
f 5106 	4751 	5103
f 5090 	5108 	5093
f 4753 	5106 	5107
f 5105 	4329 	5104
f 5051 	5104 	4329
f 4324 	5094 	5093
f 5093 	5108 	4324
f 5094 	4324 	4327
f 4405 	4753 	5107
f 5094 	4327 	4322
f 5108 	4332 	4379
f 4405 	5107 	4415
f 5102 	5059 	5098
f 5098 	5059 	5099
f 5052 	5031 	5115
f 5053 	5088 	5122
f 5115 	5096 	5296
f 4762 	5296 	5096
f 4762 	5096 	5097
f 4729 	4762 	5097
f 5103 	4729 	5097
f 5103 	4751 	4729
f 5108 	4379 	4324
f 5132 	5145 	5141
f 5142 	5145 	5132
f 5142 	5147 	5145
f 5142 	4990 	5147
f 5145 	5147 	5146
f 5153 	5146 	5147
f 4990 	4992 	5147
f 4992 	5156 	5147
f 8392 	5146 	5153
f 5153 	5147 	5156
f 5090 	792 	795
f 5108 	5090 	795
f 795 	4332 	5108
f 795 	798 	4332
f 5156 	5157 	5153
f 5041 	4332 	798
f 3515 	790 	792
f 3524 	4322 	3609
f 3609 	4322 	4290
f 4992 	5046 	5156
f 5156 	5162 	5157
f 5159 	5162 	5156
f 5048 	5181 	5159
f 5102 	4727 	5178
f 5185 	5181 	5048
f 5159 	5181 	5162
f 5178 	5059 	5102
f 5122 	5059 	5176
f 5059 	5122 	5088
f 5059 	5178 	5176
f 5239 	5236 	5238
f 5227 	5236 	4731
f 5227 	4731 	5230
f 5084 	4734 	5239
f 5236 	5239 	4734
f 4734 	4673 	5236
f 5236 	4673 	4731
f 5238 	5016 	5239
f 5239 	5016 	5084
f 5238 	5236 	5880
f 5227 	5880 	5236
f 5973 	5972 	5230
f 5048 	5050 	5185
f 5971 	5884 	5230
f 5230 	5252 	5253
f 5973 	5230 	5255
f 5253 	5255 	5230
f 5253 	5252 	5256
f 4739 	5291 	5252
f 5230 	4742 	5252
f 4742 	4688 	5252
f 5252 	5282 	5256
f 5252 	5284 	5282
f 5290 	4739 	5289
f 5291 	4739 	5290
f 4739 	4210 	5293
f 4739 	5293 	5289
f 5050 	5115 	5295
f 5115 	5296 	5295
f 5295 	5185 	5050
f 4768 	5295 	5296
f 4762 	4771 	5296
f 5296 	4771 	4768
f 5185 	5295 	4764
f 4764 	8397 	5185
f 4768 	4764 	5295
f 5305 	4135 	4137
f 5305 	4991 	4990
f 4982 	5305 	4137
f 4982 	4137 	4139
f 4982 	4991 	5305
f 5320 	5356 	4202
f 4202 	4135 	5320
f 5320 	5142 	5356
f 4135 	5305 	5320
f 5320 	5305 	4990
f 5320 	4990 	5142
f 4242 	4237 	4202
f 5373 	4202 	5356
f 5510 	5511 	5338
f 5379 	5374 	5356
f 5380 	5379 	5132
f 5356 	5142 	5132
f 5361 	5362 	4202
f 4202 	5362 	4242
f 5361 	4202 	5373
f 5373 	5356 	5374
f 8002 	5385 	5132
f 5380 	5132 	5381
f 5356 	5132 	5379
f 3739 	3899 	3572
f 8002 	5132 	5141
f 5555 	5551 	3572
f 5335 	5382 	5446
f 5381 	5132 	5385
f 5382 	5335 	3577
f 5382 	3577 	3572
f 5332 	5429 	1339
f 5446 	5558 	5332
f 5332 	5335 	5446
f 5555 	3572 	3902
f 4176 	5422 	5421
f 4176 	4183 	5422
f 5422 	5424 	5421
f 5509 	5508 	5332
f 5583 	5509 	5332
f 5504 	5505 	5338
f 5429 	5504 	5338
f 5511 	5512 	5338
f 1339 	5429 	5338
f 5503 	5504 	5429
f 5508 	5506 	5429
f 5583 	5332 	5571
f 5505 	5510 	5338
f 5513 	5338 	5512
f 5591 	5592 	2927
f 5493 	5494 	2927
f 5568 	5567 	5382
f 5585 	5591 	2927
f 5565 	5332 	5558
f 4199 	5461 	4183
f 4183 	5461 	5422
f 4228 	5468 	4199
f 4199 	5468 	5461
f 4191 	5012 	4187
f 5012 	5453 	4187
f 5458 	5453 	5012
f 2887 	5579 	2885
f 5490 	5491 	2887
f 5580 	2887 	5491
f 5012 	5016 	5458
f 5586 	5584 	2927
f 5422 	5463 	5424
f 5461 	5463 	5422
f 5463 	5541 	5424
f 5463 	5559 	5541
f 5424 	5541 	5426
f 5541 	5544 	5426
f 5470 	5463 	5461
f 5468 	5470 	5461
f 5470 	5559 	5463
f 2885 	5578 	3984
f 5473 	5468 	4228
f 5577 	2885 	5579
f 5429 	5332 	5508
f 5382 	5551 	5552
f 5552 	5553 	5382
f 5382 	3572 	5551
f 5557 	5558 	5446
f 5571 	5332 	5565
f 5567 	5557 	5446
f 4228 	4246 	5473
f 5473 	5483 	5468
f 5468 	5483 	5470
f 5453 	5473 	4246
f 4187 	5453 	4246
f 5453 	5488 	5473
f 5453 	5458 	5488
f 5473 	5488 	5483
f 2887 	5492 	5490
f 5493 	2927 	5592
f 5494 	5492 	2927
f 2887 	2927 	5492
f 5421 	4496 	4176
f 5497 	5521 	5498
f 5503 	5429 	5506
f 5421 	5497 	4496
f 5521 	5497 	5421
f 5421 	5424 	5521
f 5521 	5522 	5498
f 5521 	5426 	5522
f 5424 	5426 	5521
f 5985 	5522 	5426
f 5544 	5985 	5426
f 5541 	5561 	5544
f 5559 	5561 	5541
f 5568 	5382 	5553
f 5446 	5382 	5567
f 5578 	2885 	5577
f 5579 	2887 	5580
f 5585 	2927 	5584
f 5586 	5588 	5584
f 5586 	5589 	5588
f 5332 	1340 	5335
f 1340 	5332 	1339
f 785 	5335 	1340
f 5335 	785 	3577
f 5598 	5596 	1594
f 5596 	5597 	1594
f 5597 	4041 	1594
f 5597 	4943 	4041
f 1594 	5599 	5598
f 1594 	1676 	5599
f 1676 	1783 	5599
f 5603 	1785 	5602
f 5600 	1785 	5603
f 1785 	1813 	5685
f 5559 	5470 	5606
f 5470 	5483 	5606
f 5606 	5608 	5559
f 5606 	5649 	5608
f 3984 	3985 	2885
f 5609 	5693 	5694
f 5559 	5608 	5561
f 5561 	5608 	5614
f 5586 	2927 	5616
f 5634 	5606 	5483
f 5616 	2927 	2933
f 2933 	2947 	5616
f 5612 	2947 	5618
f 2948 	5618 	2947
f 2948 	5633 	5618
f 5338 	1415 	1339
f 2966 	5721 	2964
f 5689 	5691 	5609
f 5338 	1973 	1415
f 3160 	5630 	2981
f 2952 	5633 	2948
f 5488 	5634 	5483
f 2980 	5628 	2966
f 2980 	2981 	5630
f 5630 	5628 	2980
f 1966 	1962 	5626
f 3160 	2981 	2601
f 5686 	5685 	1813
f 5609 	1973 	5693
f 5697 	5693 	1973
f 5616 	2947 	6248
f 1961 	1981 	5626
f 5338 	5513 	1973
f 1962 	1961 	5626
f 5609 	5626 	5643
f 2013 	5643 	1993
f 5609 	2004 	2003
f 5898 	5899 	5630
f 5634 	5649 	5606
f 5649 	5756 	5608
f 5726 	5608 	5730
f 5655 	5488 	5458
f 5634 	5488 	5655
f 5655 	5660 	5634
f 5660 	5649 	5634
f 5660 	5737 	5649
f 5655 	5458 	5669
f 5458 	5016 	5669
f 5746 	5738 	5660
f 5614 	5608 	5726
f 5726 	5727 	5614
f 5618 	5633 	5677
f 5682 	5633 	2964
f 5730 	5608 	5731
f 5756 	5731 	5608
f 5733 	5751 	5649
f 5682 	5677 	5633
f 5646 	2005 	5609
f 2004 	5609 	2005
f 5646 	5609 	2006
f 2006 	5609 	2007
f 2008 	2007 	5609
f 5643 	2012 	5609
f 2011 	5609 	2012
f 2013 	2012 	5643
f 2003 	2001 	5609
f 1997 	5609 	2001
f 5602 	1785 	5685
f 5682 	2964 	5721
f 5686 	1813 	5687
f 5688 	5689 	5609
f 5687 	1813 	5690
f 5626 	5609 	5691
f 5694 	5688 	5609
f 5697 	1973 	5513
f 5690 	1813 	5701
f 5691 	5702 	5626
f 5702 	5703 	5626
f 5701 	5626 	5703
f 5721 	5886 	5682
f 5737 	5660 	5738
f 4269 	4308 	5675
f 5721 	2966 	5628
f 5675 	5614 	5727
f 5734 	5649 	5736
f 5737 	5736 	5649
f 5649 	5734 	5733
f 5757 	5785 	5649
f 5751 	5757 	5649
f 5655 	5741 	5740
f 5740 	5739 	5655
f 5660 	5655 	5739
f 5888 	5886 	5721
f 5669 	5743 	5655
f 5741 	5655 	5743
f 5630 	5899 	5628
f 5739 	5746 	5660
f 5669 	5925 	5743
f 5628 	5894 	5721
f 5675 	5727 	4269
f 5731 	4269 	5730
f 5726 	4269 	5727
f 5726 	5730 	4269
f 5785 	5792 	5649
f 5756 	5649 	5787
f 5885 	5682 	5886
f 5755 	5754 	5756
f 5731 	5756 	5754
f 5754 	4291 	5731
f 5682 	5885 	5872
f 5888 	5721 	5887
f 5776 	5913 	5770
f 5772 	5921 	5771
f 5756 	5787 	5755
f 5787 	5761 	5755
f 5787 	5649 	5792
f 5787 	5792 	5790
f 5787 	5790 	5761
f 5848 	5914 	5844
f 3335 	3325 	5862
f 5844 	5905 	5845
f 5896 	5628 	5899
f 3160 	3323 	5630
f 5731 	4289 	4269
f 4288 	4269 	4289
f 4289 	5731 	4291
f 5926 	5874 	5884
f 5230 	5884 	5227
f 5868 	5869 	5884
f 5971 	5868 	5884
f 5867 	5682 	5872
f 5875 	5227 	5874
f 5880 	5227 	5875
f 5872 	5775 	5867
f 5016 	5875 	5669
f 5238 	5880 	5016
f 5880 	5875 	5016
f 5884 	5927 	5925
f 5927 	5884 	5890
f 5889 	5890 	5884
f 5630 	5900 	5898
f 5889 	5884 	5869
f 5872 	5885 	5775
f 5885 	5886 	5775
f 5887 	7411 	5888
f 5775 	5886 	7411
f 5887 	5721 	5894
f 5628 	5896 	5894
f 5630 	3323 	5900
f 5845 	2288 	5862
f 5764 	5913 	5837
f 5898 	5900 	3434
f 3434 	5899 	5898
f 3336 	3335 	5862
f 3336 	5862 	2288
f 5784 	5914 	5848
f 5837 	5913 	5784
f 5887 	5894 	7411
f 5894 	5896 	7411
f 2286 	5845 	5905
f 2288 	5845 	2286
f 6071 	5612 	5618
f 5677 	6071 	5618
f 5905 	5844 	5914
f 5914 	5784 	5913
f 6308 	5747 	5724
f 5770 	5771 	5776
f 5921 	5772 	5920
f 5783 	5920 	5772
f 5776 	5771 	5921
f 6062 	6132 	7292
f 5764 	5770 	5913
f 5874 	5669 	5875
f 5926 	5884 	5925
f 5227 	5884 	5874
f 5927 	5928 	5925
f 5963 	5925 	5928
f 2422 	2581 	2527
f 5936 	5920 	2415
f 2415 	2417 	5936
f 5783 	2415 	5920
f 5682 	5867 	5677
f 5938 	5677 	5867
f 5764 	6229 	5947
f 5938 	5867 	5775
f 6061 	6062 	7292
f 6189 	6190 	7197
f 5764 	5947 	5770
f 6275 	6276 	5679
f 5949 	6018 	5951
f 5941 	5949 	5951
f 6373 	5775 	5747
f 5669 	5874 	5926
f 5925 	5669 	5926
f 5750 	5743 	5925
f 5929 	5750 	5925
f 5929 	5925 	5930
f 5965 	5964 	5925
f 5964 	5930 	5925
f 5590 	5616 	6241
f 5590 	5589 	5616
f 5612 	6248 	2947
f 5968 	5967 	5925
f 5963 	5969 	5925
f 6257 	6254 	5612
f 5965 	5925 	5967
f 5968 	5925 	5969
f 5971 	5230 	5972
f 5949 	5941 	6277
f 5944 	5941 	5951
f 5977 	5944 	5951
f 5977 	5978 	5947
f 5977 	5947 	5944
f 5978 	5770 	5947
f 5978 	5771 	5770
f 5985 	5986 	8219
f 5986 	5985 	5544
f 5544 	5561 	5988
f 5949 	6277 	5997
f 5977 	6002 	5978
f 6002 	6006 	5978
f 6006 	5772 	5771
f 6006 	5771 	5978
f 6009 	6099 	6011
f 6011 	5994 	6009
f 6014 	5997 	6011
f 6014 	5949 	5997
f 6018 	5949 	6014
f 6011 	5997 	5994
f 6021 	5951 	6018
f 6002 	5977 	6021
f 6021 	5977 	5951
f 5988 	5986 	5544
f 5988 	4295 	5986
f 5988 	5561 	5614
f 5988 	4309 	4295
f 4309 	5988 	4308
f 5614 	5675 	5988
f 4308 	5988 	5675
f 5616 	6248 	6238
f 6248 	5612 	6254
f 6354 	6355 	6071
f 5677 	6123 	6071
f 6049 	6014 	6011
f 6051 	6014 	6049
f 6052 	6018 	6051
f 6018 	6052 	6021
f 6051 	6018 	6014
f 6136 	6138 	6052
f 6138 	6021 	6052
f 6061 	7292 	6060
f 6132 	6133 	7292
f 6274 	5679 	6272
f 6071 	6353 	6354
f 6071 	6110 	6370
f 6110 	6071 	6123
f 6057 	6096 	6058
f 6058 	6096 	5983
f 6096 	6009 	5983
f 6096 	6099 	6009
f 6099 	6158 	6049
f 6049 	6011 	6099
f 6288 	6291 	5724
f 6274 	6275 	5679
f 5724 	5679 	6282
f 6291 	6308 	5724
f 6105 	6113 	6106
f 6105 	6109 	6113
f 5775 	6373 	6110
f 6106 	6114 	6268
f 6113 	6114 	6106
f 6109 	6121 	6113
f 6117 	6121 	6109
f 6110 	6123 	5775
f 6113 	6121 	4138
f 6113 	4138 	6114
f 5677 	5938 	6123
f 4138 	3462 	6114
f 6123 	5938 	5775
f 6127 	6178 	6131
f 6178 	6127 	6126
f 6272 	7292 	6133
f 6178 	6181 	6131
f 6131 	6057 	6058
f 6049 	6159 	6051
f 6159 	6162 	6051
f 6136 	6162 	2715
f 6051 	6162 	6052
f 2715 	2718 	6136
f 2694 	6138 	6136
f 6139 	6138 	2694
f 6276 	6282 	5679
f 6150 	6143 	6176
f 6143 	6152 	6146
f 6150 	6152 	6143
f 6139 	2694 	2695
f 6139 	6002 	6138
f 6006 	6002 	6139
f 6138 	6002 	6021
f 2695 	2698 	6154
f 6154 	6139 	2695
f 6154 	6006 	6139
f 2698 	2415 	5783
f 5783 	6154 	2698
f 6154 	5772 	6006
f 6154 	5783 	5772
f 6156 	6096 	6057
f 6156 	6186 	6158
f 6156 	6099 	6096
f 6156 	6158 	6099
f 6158 	2703 	6159
f 2704 	6159 	2703
f 6159 	6049 	6158
f 2704 	2714 	6159
f 6162 	6159 	2714
f 2714 	2715 	6162
f 6105 	6147 	6146
f 6105 	6146 	6152
f 6105 	6106 	6147
f 6168 	6171 	6150
f 6150 	6171 	6152
f 6152 	6171 	6109
f 6152 	6109 	6105
f 6171 	6168 	6116
f 6141 	6116 	6168
f 6171 	6117 	6109
f 6116 	6117 	6171
f 6335 	6373 	5747
f 6162 	6136 	6052
f 6177 	6181 	6178
f 7197 	6184 	6185
f 3057 	2712 	6180
f 6181 	6177 	6180
f 6190 	6060 	7292
f 6057 	6131 	6181
f 6180 	6186 	6181
f 6180 	2712 	6186
f 6181 	6186 	6057
f 6156 	6057 	6186
f 7292 	7197 	6190
f 2712 	2703 	6186
f 2703 	6158 	6186
f 6200 	6640 	6199
f 6207 	6644 	6200
f 6200 	6644 	6640
f 6214 	6207 	6227
f 6176 	6218 	6150
f 6222 	6227 	6219
f 6218 	6168 	6150
f 6222 	6229 	6230
f 6228 	6168 	6218
f 6222 	6230 	6227
f 6227 	6230 	6214
f 6124 	6141 	6228
f 6141 	6168 	6228
f 5784 	6214 	6230
f 6229 	5837 	6230
f 6229 	5764 	5837
f 5784 	6230 	5837
f 6240 	5616 	6238
f 6241 	5616 	6240
f 5586 	5616 	5589
f 6236 	4492 	6264
f 6234 	6287 	4494
f 4494 	4496 	6234
f 6234 	4496 	6235
f 6248 	6249 	6250
f 5497 	6235 	4496
f 6250 	6238 	6248
f 6248 	6252 	6249
f 6253 	6252 	6248
f 6251 	6194 	6245
f 4498 	4499 	6236
f 6199 	6194 	6251
f 6248 	6254 	6253
f 6236 	4499 	4492
f 6343 	6342 	5612
f 6256 	6199 	6251
f 6355 	6344 	6071
f 6259 	6256 	6217
f 6217 	6219 	6259
f 6259 	6200 	6256
f 6207 	6200 	6259
f 6106 	6268 	6260
f 6256 	6200 	6199
f 6260 	6268 	6263
f 6259 	6219 	6227
f 6255 	6264 	6258
f 6207 	6259 	6227
f 6263 	6264 	6255
f 6257 	5612 	6266
f 6260 	6147 	6106
f 6263 	6236 	6264
f 6268 	6236 	6263
f 6336 	6271 	6267
f 6267 	6251 	6245
f 6267 	6271 	6251
f 6114 	4498 	6268
f 6268 	4498 	6236
f 6256 	6271 	6217
f 6271 	6256 	6251
f 6357 	6356 	6071
f 6370 	6367 	6071
f 6357 	6071 	6359
f 5724 	6282 	6283
f 6281 	6304 	6273
f 5724 	6283 	6288
f 6258 	6287 	6278
f 6264 	6287 	6258
f 6234 	6278 	6287
f 6278 	6234 	6280
f 6281 	6280 	6235
f 6234 	6235 	6280
f 6235 	6294 	6281
f 6294 	6304 	6281
f 4492 	6287 	6264
f 4492 	4494 	6287
f 6235 	5497 	6294
f 5497 	5498 	6294
f 5498 	5522 	6301
f 5612 	6071 	6344
f 6353 	6071 	6356
f 6359 	6071 	6360
f 6361 	6071 	6363
f 6304 	6315 	6306
f 6277 	6219 	6217
f 6219 	6277 	5941
f 5941 	5944 	6222
f 6229 	6222 	5944
f 6222 	6219 	5941
f 6229 	5944 	5947
f 5747 	6308 	6331
f 6442 	6329 	6323
f 6329 	6332 	6323
f 6323 	6332 	6325
f 6325 	6242 	6239
f 6331 	6335 	5747
f 6325 	6332 	6242
f 6336 	6329 	6447
f 6332 	6329 	6267
f 6336 	6267 	6329
f 6267 	6245 	6332
f 6332 	6245 	6242
f 6304 	6294 	6315
f 6266 	5612 	6342
f 6340 	6271 	6336
f 6344 	6343 	5612
f 5498 	6301 	6315
f 6340 	6217 	6271
f 6294 	5498 	6315
f 6315 	6350 	6306
f 6350 	6309 	6306
f 6277 	6217 	6340
f 6360 	6071 	6361
f 6350 	6315 	6301
f 6365 	6350 	6301
f 6301 	8208 	6365
f 6363 	6071 	6364
f 6364 	6071 	6366
f 6366 	6071 	6367
f 6367 	6370 	6371
f 6110 	6373 	6374
f 6371 	6370 	6374
f 6110 	6374 	6370
f 6375 	6372 	6382
f 6381 	6382 	6372
f 6382 	6383 	6375
f 6375 	6383 	6377
f 6383 	6255 	6377
f 6380 	6146 	6381
f 6146 	6380 	6143
f 6146 	6147 	6381
f 6381 	6147 	6382
f 6382 	6260 	6383
f 6147 	6260 	6382
f 6260 	6263 	6383
f 6383 	6263 	6255
f 6393 	6395 	6391
f 6377 	6255 	6394
f 6391 	6395 	6392
f 6465 	6398 	6393
f 6393 	6399 	6395
f 6398 	6399 	6393
f 6358 	6395 	6399
f 6397 	6400 	6735
f 6400 	6280 	6403
f 6323 	6325 	6398
f 6398 	6325 	6399
f 6325 	6239 	6399
f 6239 	6358 	6399
f 6426 	4901 	6425
f 6425 	6427 	4997
f 4997 	6427 	5000
f 6425 	4997 	6426
f 6430 	6427 	6443
f 5000 	6427 	6430
f 6431 	6432 	6499
f 6430 	6453 	5007
f 6430 	5007 	5000
f 6431 	6435 	6432
f 6434 	6440 	6443
f 6443 	6438 	6434
f 6391 	6392 	6437
f 6391 	6437 	6495
f 6435 	6439 	6432
f 6340 	5997 	6277
f 6438 	6427 	6425
f 6427 	6438 	6443
f 5983 	6009 	6447
f 262 	6498 	6440
f 6440 	6448 	6443
f 6448 	6440 	6498
f 6430 	6443 	6448
f 6009 	5994 	6447
f 6447 	6442 	5983
f 6498 	6463 	6448
f 6448 	6453 	6430
f 6447 	6329 	6442
f 6448 	6463 	6453
f 5994 	6336 	6447
f 6453 	5008 	5007
f 6340 	6336 	5994
f 5997 	6340 	5994
f 6453 	6463 	6455
f 5008 	6453 	6455
f 6455 	5009 	5008
f 6455 	6460 	5009
f 6460 	6455 	6494
f 6441 	6461 	6435
f 6456 	6465 	6459
f 6439 	6435 	6461
f 6459 	6391 	6495
f 6460 	568 	570
f 570 	5009 	6460
f 6465 	6456 	6464
f 6459 	6393 	6391
f 6465 	6393 	6459
f 6468 	6465 	6464
f 6467 	6468 	6464
f 6397 	6394 	6258
f 6468 	6398 	6465
f 6255 	6258 	6394
f 6258 	6278 	6397
f 6058 	5983 	6467
f 6397 	6278 	6400
f 6467 	6442 	6468
f 5983 	6442 	6467
f 6398 	6468 	6323
f 6442 	6323 	6468
f 6400 	6278 	6280
f 6281 	6403 	6280
f 6403 	6281 	6273
f 6474 	6473 	6475
f 6474 	6476 	6473
f 6476 	8253 	6473
f 6477 	6475 	6473
f 6477 	6473 	6478
f 6627 	6375 	6377
f 6477 	6478 	6481
f 6273 	6304 	6486
f 6304 	6306 	6486
f 6306 	6791 	6486
f 6473 	6485 	6478
f 6473 	6484 	6485
f 6478 	6485 	6495
f 6455 	6463 	6494
f 6228 	6601 	6604
f 6604 	6124 	6228
f 6478 	6495 	6482
f 6228 	6218 	6601
f 6460 	6494 	6496
f 6495 	6437 	6482
f 568 	6460 	6496
f 6456 	6485 	6484
f 290 	696 	689
f 6461 	6462 	6439
f 6496 	6507 	689
f 6485 	6456 	6459
f 6496 	689 	568
f 6485 	6459 	6495
f 262 	6440 	8906
f 8906 	6440 	6434
f 262 	266 	6498
f 6500 	266 	267
f 266 	6500 	6498
f 6500 	6463 	6498
f 6503 	6494 	6500
f 6496 	6494 	6503
f 6500 	6494 	6463
f 6503 	6507 	6496
f 6507 	269 	285
f 6431 	6499 	4302
f 285 	290 	6507
f 269 	6507 	6503
f 6499 	6432 	6501
f 689 	6507 	290
f 6432 	6508 	6502
f 6432 	6502 	6501
f 6508 	6510 	6502
f 290 	293 	696
f 6508 	6439 	6510
f 6509 	6127 	6131
f 6502 	6510 	6504
f 6464 	6553 	6509
f 6510 	6511 	6504
f 6508 	6432 	6439
f 6563 	6510 	6439
f 4342 	6520 	6521
f 6509 	6467 	6464
f 6521 	6522 	4342
f 6553 	6464 	6456
f 6509 	6131 	6058
f 6467 	6509 	6058
f 6520 	6529 	6530
f 6527 	6529 	6520
f 6520 	6530 	6521
f 6521 	6538 	6522
f 6530 	6538 	6521
f 6525 	6523 	3816
f 6528 	6551 	6484
f 6523 	3815 	3816
f 6528 	6484 	6473
f 6504 	6511 	6527
f 6511 	6529 	6527
f 6551 	6548 	6127
f 6126 	6127 	6548
f 6127 	6553 	6551
f 6551 	6553 	6484
f 6456 	6484 	6553
f 6127 	6509 	6553
f 6529 	6511 	6559
f 6529 	6558 	6530
f 6529 	6559 	6558
f 6573 	3839 	6558
f 6564 	6511 	6510
f 6510 	6563 	6564
f 6564 	6559 	6511
f 6394 	6397 	6630
f 6564 	6575 	6559
f 6558 	6559 	6573
f 6559 	6575 	6573
f 6439 	6462 	6563
f 6462 	6576 	6563
f 6563 	6576 	6564
f 6576 	6575 	6564
f 6593 	6176 	6756
f 6601 	6593 	6582
f 6593 	6218 	6176
f 6593 	6601 	6218
f 6124 	6604 	6579
f 6791 	6306 	6309
f 6692 	6644 	6611
f 6441 	6613 	6461
f 6613 	6614 	6461
f 6309 	6350 	6902
f 6462 	6461 	6614
f 5848 	5844 	6647
f 6614 	6615 	6462
f 6616 	6753 	6380
f 6616 	6380 	6381
f 6616 	6381 	6372
f 6737 	6403 	6273
f 6462 	6615 	6576
f 6917 	6912 	6625
f 6611 	5844 	5845
f 5845 	6625 	6611
f 6372 	6626 	6767
f 6631 	6883 	6628
f 6626 	6375 	6627
f 6626 	6372 	6375
f 6629 	6627 	6377
f 6377 	6394 	6629
f 6692 	6611 	6625
f 6692 	6625 	6636
f 6625 	6911 	6636
f 6576 	6609 	6575
f 6615 	6609 	6576
f 6609 	6641 	3889
f 6640 	6690 	6639
f 6671 	6642 	6613
f 6614 	6613 	6645
f 6613 	6642 	6645
f 6640 	6644 	6690
f 6647 	6644 	6207
f 6614 	6646 	6615
f 6207 	6214 	6647
f 6645 	6646 	6614
f 5848 	6647 	6214
f 6646 	6641 	6615
f 6214 	5784 	5848
f 6609 	6615 	6641
f 6641 	6648 	3936
f 6428 	6652 	6642
f 6642 	6652 	6645
f 6652 	6654 	6645
f 6654 	6646 	6645
f 6646 	6648 	6641
f 6654 	6648 	6646
f 3815 	6523 	6522
f 3815 	6522 	6538
f 6525 	3816 	3818
f 6656 	6525 	3818
f 3825 	4923 	6656
f 6530 	6558 	3835
f 6558 	3839 	3835
f 6530 	3835 	6538
f 6573 	3887 	3839
f 6575 	6609 	6667
f 6667 	6573 	6575
f 6573 	6667 	3887
f 6609 	3889 	6667
f 3889 	3890 	6667
f 6667 	3890 	3887
f 6641 	3936 	3889
f 6671 	6613 	6441
f 6242 	6245 	6673
f 6194 	6673 	6245
f 6673 	6194 	6700
f 6194 	6199 	6639
f 6639 	6700 	6194
f 6199 	6640 	6639
f 6683 	6631 	6628
f 6683 	6689 	6631
f 6689 	6635 	6631
f 6689 	6690 	6635
f 6644 	6692 	6690
f 6690 	6636 	6635
f 6690 	6692 	6636
f 6647 	6611 	6644
f 6611 	6647 	5844
f 6745 	6698 	6694
f 6673 	6700 	6698
f 6698 	6700 	6680
f 6683 	6680 	6700
f 6700 	6639 	6683
f 6689 	6683 	6639
f 6639 	6690 	6689
f 6702 	6734 	6742
f 6706 	6642 	6671
f 6715 	6428 	6706
f 6706 	6428 	6642
f 6702 	6742 	6694
f 6702 	6694 	6719
f 6680 	6720 	6694
f 6720 	6719 	6694
f 6628 	6720 	6680
f 6680 	6683 	6628
f 6394 	6630 	6629
f 6628 	6867 	6720
f 6441 	6435 	6754
f 7283 	7282 	6735
f 6732 	6742 	6734
f 6397 	6735 	6630
f 6740 	6671 	6441
f 6739 	6742 	6732
f 6400 	6736 	6735
f 6400 	6403 	6736
f 6403 	6737 	6736
f 6743 	6745 	6739
f 4301 	4300 	6746
f 6737 	6273 	6738
f 6739 	6745 	6742
f 6738 	6486 	6741
f 6694 	6742 	6745
f 6273 	6486 	6738
f 6748 	4301 	6746
f 6743 	6242 	6673
f 6743 	6698 	6745
f 6746 	6830 	6748
f 6743 	6673 	6698
f 6748 	4302 	4301
f 6680 	6694 	6698
f 6748 	6431 	4302
f 6754 	6431 	6748
f 6754 	6435 	6431
f 6754 	6740 	6441
f 6751 	6756 	6758
f 6753 	6751 	6758
f 6753 	6758 	6380
f 6821 	6671 	6740
f 6176 	6758 	6756
f 6746 	4300 	4244
f 6758 	6143 	6380
f 6758 	6176 	6143
f 6764 	6582 	6593
f 6593 	6756 	6764
f 4244 	7001 	6746
f 6753 	6986 	6985
f 6746 	7001 	6830
f 6753 	6616 	6986
f 6748 	6830 	6754
f 6754 	6830 	6740
f 6776 	6778 	6752
f 6778 	6776 	6780
f 6734 	6780 	6776
f 6780 	6734 	6702
f 6239 	6242 	6743
f 6743 	6739 	6239
f 6786 	6598 	6392
f 6392 	6395 	6786
f 6786 	6787 	6598
f 6786 	6395 	6358
f 6358 	6732 	6786
f 6787 	6786 	6732
f 6732 	6734 	6787
f 6787 	6734 	6776
f 6239 	6739 	6358
f 6767 	6616 	6372
f 6358 	6739 	6732
f 6603 	6794 	6792
f 6741 	6486 	6791
f 6791 	6309 	6795
f 6706 	6671 	6821
f 7025 	6740 	7023
f 7029 	6821 	6740
f 7023 	6740 	6830
f 6603 	6598 	6794
f 6598 	6787 	6794
f 6752 	7231 	6792
f 6794 	6752 	6792
f 6787 	6776 	6794
f 6794 	6776 	6752
f 6835 	2293 	2291
f 6835 	2305 	2293
f 7001 	6998 	6830
f 4611 	4621 	4244
f 4621 	7000 	4244
f 5856 	6841 	6912
f 6912 	6917 	5856
f 2994 	6841 	5856
f 6845 	2305 	6835
f 6849 	6845 	7042
f 6736 	7284 	6735
f 7172 	6738 	7174
f 6628 	6868 	6867
f 6868 	6628 	6881
f 6756 	6751 	6975
f 6628 	6883 	6881
f 6764 	6756 	6975
f 7203 	7204 	6767
f 6985 	6751 	6753
f 2307 	6845 	6849
f 6898 	6896 	6635
f 6631 	6882 	6883
f 6720 	6867 	6865
f 6864 	7066 	6867
f 6868 	6864 	6867
f 6849 	6864 	6876
f 6864 	6841 	6876
f 6616 	6767 	6986
f 6849 	6876 	2307
f 3347 	2307 	6876
f 6876 	3348 	3347
f 7128 	6821 	7034
f 6882 	6631 	6885
f 6881 	6883 	6864
f 6868 	6881 	6864
f 6882 	6864 	6883
f 6882 	6885 	6864
f 6635 	6636 	6909
f 6795 	6309 	6897
f 5862 	6918 	5845
f 6896 	6885 	6631
f 6631 	6635 	6896
f 6908 	6909 	6636
f 6909 	6899 	6635
f 6899 	6898 	6635
f 6309 	6902 	6897
f 6896 	6898 	6864
f 6898 	6841 	6864
f 6902 	7041 	6897
f 6899 	6841 	6898
f 6365 	6902 	6350
f 7020 	6715 	7019
f 7023 	6830 	7022
f 7022 	6830 	7024
f 6885 	6896 	6864
f 6740 	7028 	7029
f 3348 	6876 	6841
f 6636 	6911 	6908
f 6911 	6625 	6912
f 6917 	6625 	6918
f 6625 	5845 	6918
f 6899 	6909 	6841
f 6908 	6911 	6841
f 6911 	6912 	6841
f 6909 	6908 	6841
f 6365 	8166 	6902
f 6795 	6995 	7004
f 6995 	6795 	6897
f 6821 	7029 	7030
f 7033 	7034 	6821
f 7002 	7175 	6741
f 6741 	6791 	7002
f 6902 	8166 	7041
f 6931 	6706 	6821
f 6918 	5856 	6917
f 5862 	5856 	6918
f 7440 	7042 	6956
f 6956 	6845 	6835
f 7278 	7279 	6627
f 6627 	6629 	7278
f 7281 	7278 	6629
f 7281 	6629 	6630
f 6738 	7172 	6737
f 6975 	6751 	6984
f 6931 	6715 	6706
f 6976 	7050 	6957
f 6780 	6702 	6977
f 6702 	6719 	6977
f 6977 	6976 	6780
f 7131 	6715 	6931
f 7168 	7167 	6719
f 6764 	6975 	6980
f 7049 	7050 	6976
f 7059 	6957 	7050
f 6980 	6582 	6764
f 7186 	7194 	6984
f 6975 	6984 	7194
f 6984 	6751 	6985
f 7128 	7129 	6821
f 7130 	6931 	7129
f 7130 	7131 	6931
f 7133 	6715 	7131
f 7133 	7018 	6715
f 6986 	6767 	7202
f 7203 	6767 	6626
f 7015 	6830 	6999
f 6999 	6830 	6998
f 7001 	4244 	7000
f 7000 	7003 	7001
f 7005 	7001 	7006
f 7003 	7006 	7001
f 6998 	7001 	6997
f 7005 	6997 	7001
f 6791 	6795 	7002
f 7002 	6795 	7004
f 7283 	6735 	7284
f 7284 	6736 	7285
f 7146 	6830 	7015
f 6741 	7174 	6738
f 7174 	6741 	7175
f 7019 	6715 	7018
f 7194 	7189 	6975
f 7198 	7199 	6984
f 6984 	6985 	7198
f 7202 	7200 	6986
f 7025 	7028 	6740
f 7030 	7033 	6821
f 6985 	6986 	7200
f 7370 	7004 	7055
f 6897 	7041 	7058
f 6845 	6956 	7042
f 6897 	7058 	6995
f 7058 	7046 	6995
f 7049 	6976 	7053
f 7055 	7004 	6995
f 6995 	7046 	7055
f 7053 	6981 	7049
f 7004 	7176 	7002
f 6976 	7062 	7053
f 7063 	7062 	6977
f 6976 	6977 	7062
f 7167 	7166 	6977
f 6977 	6719 	7167
f 7062 	7063 	6981
f 7066 	6981 	7063
f 7053 	7062 	6981
f 7168 	6719 	7169
f 7166 	7167 	7066
f 6981 	7066 	7042
f 7042 	7066 	6849
f 6865 	7209 	6720
f 6931 	6821 	7129
f 7041 	7576 	7058
f 7055 	7046 	7372
f 7367 	7368 	7046
f 7024 	6830 	7146
f 7375 	7374 	7058
f 7374 	7046 	7058
f 7020 	7148 	6715
f 7149 	6715 	7148
f 7152 	7149 	7151
f 7148 	7151 	7149
f 6715 	7153 	6428
f 7149 	7153 	6715
f 7155 	7156 	7157
f 7157 	7149 	7155
f 7152 	7155 	7149
f 7160 	7153 	7149
f 7163 	7164 	6980
f 8011 	6980 	7164
f 7162 	7163 	6980
f 7183 	6980 	6975
f 7157 	7160 	7149
f 8045 	8048 	6980
f 6977 	7166 	7063
f 6630 	7282 	7281
f 7063 	7166 	7066
f 7168 	7066 	7167
f 7169 	7066 	7168
f 6737 	7172 	7173
f 7285 	6737 	7173
f 6719 	6720 	7209
f 7175 	7002 	7176
f 7004 	7177 	7179
f 7004 	7179 	7176
f 6864 	6849 	7066
f 7181 	7182 	7183
f 7189 	7191 	7183
f 7183 	6975 	7189
f 6980 	7183 	7185
f 7182 	7185 	7183
f 7658 	7659 	7157
f 7185 	7162 	6980
f 7186 	6984 	7188
f 7200 	7198 	6985
f 7235 	7160 	7157
f 7235 	7280 	7160
f 7669 	7670 	7184
f 7286 	7184 	7197
f 7202 	6767 	7204
f 7292 	7295 	7197
f 7288 	7205 	6626
f 7203 	6626 	7205
f 7279 	7288 	6627
f 6185 	6189 	7197
f 7209 	7169 	6719
f 7169 	7209 	7066
f 7209 	6865 	7066
f 6865 	6867 	7066
f 7214 	7231 	7215
f 6428 	7153 	7218
f 7218 	6652 	6428
f 6652 	7220 	6654
f 7218 	7220 	6652
f 6654 	7308 	6648
f 7308 	6654 	7220
f 6778 	7215 	6752
f 6778 	6957 	7215
f 6976 	6957 	6778
f 6778 	6780 	6976
f 7157 	7184 	7235
f 7226 	7231 	7227
f 6792 	7231 	7226
f 6752 	7215 	7231
f 7259 	7241 	7226
f 7263 	6603 	7241
f 6603 	6792 	7241
f 7241 	6792 	7226
f 6598 	7274 	6392
f 7255 	7252 	7254
f 7252 	7256 	7254
f 7731 	7710 	7256
f 7753 	7731 	7256
f 7260 	7256 	7252
f 7256 	7263 	7258
f 7260 	7263 	7256
f 7263 	7241 	7258
f 7274 	6603 	7263
f 7258 	7241 	7259
f 7274 	7260 	6437
f 6626 	6627 	7288
f 6630 	6735 	7282
f 7286 	7290 	7235
f 7280 	7235 	7290
f 6737 	7285 	6736
f 7235 	7184 	7286
f 7188 	6984 	7199
f 7295 	7286 	7197
f 7181 	7183 	7191
f 7191 	7189 	7190
f 7286 	7296 	7290
f 7295 	7296 	7286
f 6272 	5679 	7292
f 5679 	7299 	7292
f 7292 	7299 	7295
f 7295 	7300 	7296
f 7299 	7300 	7295
f 7308 	7309 	4212
f 7153 	7160 	7310
f 7263 	7260 	7274
f 6392 	7274 	6437
f 7274 	6598 	6603
f 7311 	7313 	7252
f 7314 	6482 	7313
f 7311 	7252 	7255
f 6478 	7317 	6481
f 7252 	7313 	6482
f 7318 	6482 	7314
f 6478 	6482 	7317
f 7318 	7317 	6482
f 7260 	7252 	6482
f 6482 	6437 	7260
f 2620 	7433 	2291
f 7160 	7280 	7310
f 7310 	7218 	7153
f 7218 	7333 	7220
f 7310 	7333 	7218
f 7333 	7309 	7220
f 7220 	7309 	7308
f 7280 	7337 	7310
f 7333 	7310 	7337
f 7337 	7336 	7333
f 7358 	7337 	7280
f 7333 	7336 	7309
f 7337 	7351 	7336
f 7351 	7366 	4235
f 7358 	7366 	7351
f 7581 	7582 	7041
f 7358 	7280 	7290
f 7351 	7337 	7358
f 7365 	7177 	7004
f 7372 	7046 	7368
f 7367 	7046 	7369
f 7365 	7004 	7370
f 7055 	7371 	7370
f 7371 	7055 	7372
f 7046 	7374 	7369
f 7576 	7563 	7058
f 7058 	7378 	7375
f 7290 	7296 	7380
f 7380 	7358 	7290
f 7380 	7366 	7358
f 7394 	7380 	7296
f 7296 	7300 	7394
f 7394 	7393 	7380
f 7380 	7393 	7366
f 7393 	7394 	7415
f 5679 	7400 	7299
f 5724 	7400 	5679
f 7400 	7402 	7299
f 7299 	7402 	7300
f 5747 	7404 	5724
f 5724 	7404 	7400
f 7400 	7405 	7402
f 7404 	7405 	7400
f 5747 	7408 	7404
f 5747 	5775 	7408
f 7408 	7410 	7404
f 7404 	7410 	7405
f 5775 	7411 	7408
f 5888 	7411 	5886
f 7408 	7412 	7410
f 7411 	7412 	7408
f 5900 	3323 	3434
f 5896 	5899 	7411
f 3434 	7411 	5899
f 3434 	3435 	7411
f 7411 	3435 	7412
f 7415 	7443 	4335
f 7416 	7443 	7415
f 7416 	7394 	7300
f 7300 	7402 	7416
f 7415 	7394 	7416
f 7433 	2616 	7431
f 7456 	7435 	7430
f 7430 	7440 	7431
f 7430 	7435 	7440
f 7431 	6956 	7433
f 7431 	7440 	6956
f 7433 	6956 	6835
f 7402 	7405 	7444
f 7444 	7416 	7402
f 7444 	7443 	7416
f 7444 	7448 	7443
f 7443 	7448 	4337
f 7444 	7405 	7451
f 7405 	7410 	7451
f 7433 	6835 	2291
f 2707 	2708 	7456
f 2628 	7430 	2613
f 2628 	7456 	7430
f 7599 	7602 	7456
f 7456 	7459 	7435
f 7435 	7565 	6981
f 7451 	7448 	7444
f 7410 	7412 	7471
f 7471 	7451 	7410
f 7471 	7469 	7451
f 6981 	7440 	7435
f 6981 	7042 	7440
f 7049 	6981 	7050
f 7565 	7050 	6981
f 6957 	7059 	7481
f 7451 	7469 	7448
f 7412 	3438 	7471
f 7412 	3435 	3438
f 3438 	3437 	7471
f 7471 	3437 	7469
f 6648 	7308 	4039
f 4039 	3936 	6648
f 7308 	4212 	4039
f 7481 	7059 	7565
f 7565 	7059 	7050
f 7543 	7544 	7487
f 7215 	7545 	7214
f 7569 	7566 	7487
f 7336 	4220 	7309
f 7336 	7351 	4229
f 4235 	4229 	7351
f 4220 	7336 	4229
f 7366 	4243 	4235
f 7366 	7393 	4243
f 7393 	7415 	4326
f 7415 	4335 	4326
f 7393 	4326 	4243
f 4337 	4335 	7443
f 7215 	6957 	7545
f 7545 	7487 	7214
f 7543 	7487 	7546
f 7487 	7545 	7569
f 7570 	7569 	7545
f 7544 	7543 	7459
f 7546 	7459 	7543
f 7378 	7058 	7563
f 7459 	7565 	7435
f 7546 	7487 	7566
f 7572 	7570 	7545
f 7546 	7566 	7459
f 7574 	7575 	7041
f 7566 	7565 	7459
f 7581 	7041 	7584
f 7574 	7041 	7583
f 7571 	7545 	6957
f 7572 	7545 	7571
f 7576 	7041 	7575
f 7569 	7570 	7565
f 7566 	7569 	7565
f 7570 	7572 	7565
f 7571 	7565 	7572
f 6957 	7481 	7571
f 7583 	7041 	7582
f 7481 	7565 	7571
f 7459 	7643 	7644
f 7624 	7605 	7544
f 7544 	7654 	7624
f 7459 	7657 	7544
f 7654 	7544 	7657
f 7602 	7603 	7456
f 7597 	7600 	7593
f 7459 	7456 	7630
f 7603 	7630 	7456
f 7681 	7600 	4161
f 7604 	7606 	7597
f 7597 	7606 	7600
f 4143 	7606 	7604
f 7619 	4143 	7604
f 7619 	7621 	4146
f 7487 	7544 	7605
f 7653 	7624 	7656
f 7644 	7657 	7459
f 7641 	7459 	7630
f 7459 	7641 	7643
f 7647 	7605 	7645
f 7648 	7646 	7605
f 7648 	7605 	7649
f 7649 	7605 	7651
f 7650 	7624 	7653
f 7448 	4343 	4337
f 4343 	7448 	7469
f 7654 	7655 	7624
f 7658 	7157 	7639
f 7156 	7639 	7157
f 7659 	7660 	7157
f 7670 	6184 	7197
f 7645 	7605 	7646
f 7624 	7651 	7605
f 7651 	7624 	7650
f 7656 	7624 	7655
f 7184 	7157 	7660
f 7669 	7184 	7662
f 7660 	7662 	7184
f 7197 	7184 	7670
f 7619 	4146 	4143
f 2549 	2293 	7677
f 7677 	7621 	2549
f 7621 	7677 	4150
f 7621 	4150 	4146
f 3343 	7677 	2293
f 7677 	4166 	4150
f 7681 	6117 	6116
f 7681 	6116 	7593
f 7681 	4156 	6117
f 4156 	6121 	6117
f 7593 	7600 	7681
f 7681 	4161 	4156
f 6124 	6579 	7696
f 7693 	7696 	6579
f 7696 	7700 	6124
f 6124 	7700 	6141
f 7700 	7593 	6141
f 7226 	7674 	7259
f 7674 	7227 	7742
f 6116 	6141 	7593
f 7226 	7227 	7674
f 7706 	7693 	2471
f 2471 	2534 	7706
f 7693 	7706 	7696
f 7708 	7700 	7696
f 7696 	7706 	7708
f 7708 	7597 	7700
f 7752 	7753 	7256
f 7257 	7254 	7256
f 7700 	7597 	7593
f 7706 	7712 	7708
f 7712 	7706 	2534
f 7708 	7604 	7597
f 7712 	7604 	7708
f 7712 	7619 	7604
f 2534 	7716 	7712
f 7712 	7716 	7619
f 2549 	7716 	2542
f 7716 	7621 	7619
f 7677 	3343 	4166
f 7723 	6579 	7720
f 6579 	6604 	7720
f 7214 	7740 	7231
f 7487 	7740 	7214
f 7726 	6601 	6582
f 7674 	7935 	7259
f 7744 	7728 	7720
f 7807 	7808 	7258
f 7726 	6604 	6601
f 7726 	7720 	6604
f 7259 	7809 	7258
f 7935 	7811 	7259
f 7259 	7812 	7810
f 7730 	7723 	7728
f 7710 	7257 	7256
f 7728 	7723 	7720
f 7740 	7920 	7227
f 7487 	7605 	7740
f 7227 	7231 	7740
f 7742 	7926 	7674
f 7744 	7720 	7726
f 7933 	7932 	7674
f 7920 	7919 	7227
f 7605 	8008 	7740
f 7922 	7923 	7740
f 7757 	7744 	7726
f 7726 	6582 	7757
f 7808 	7814 	7258
f 7807 	7258 	7809
f 7256 	7751 	7752
f 7751 	7256 	7755
f 7256 	7258 	7755
f 7763 	7755 	7258
f 550 	5006 	549
f 6980 	7757 	6582
f 7906 	7744 	7757
f 549 	4972 	546
f 546 	4952 	4780
f 7760 	8754 	7761
f 7761 	8754 	7756
f 7760 	7759 	8754
f 7763 	7258 	7764
f 668 	7762 	7848
f 7907 	7908 	7744
f 7799 	7800 	7730
f 7767 	7766 	7756
f 7756 	8695 	7767
f 7768 	7767 	8695
f 7925 	7674 	7926
f 7769 	8695 	7770
f 7766 	7772 	7756
f 7756 	7772 	7761
f 7910 	7728 	7909
f 7771 	675 	672
f 7764 	7258 	7774
f 7773 	675 	7771
f 7776 	7773 	7950
f 7765 	7775 	7770
f 7773 	680 	675
f 7776 	680 	7773
f 7775 	7765 	7777
f 7777 	7765 	4340
f 4340 	7778 	7777
f 7779 	662 	7776
f 662 	7779 	664
f 4340 	4345 	7778
f 7762 	664 	7779
f 7776 	662 	680
f 7910 	7911 	7728
f 7920 	7740 	7923
f 7928 	7929 	7742
f 7826 	7828 	7757
f 949 	7821 	7781
f 7916 	7917 	7742
f 7742 	7227 	7916
f 952 	949 	7781
f 7783 	952 	7781
f 7674 	7934 	7935
f 7771 	7783 	8078
f 8078 	7773 	7771
f 7771 	952 	7783
f 672 	952 	7771
f 7826 	7757 	7825
f 7906 	7757 	7828
f 7933 	7674 	7925
f 7790 	7789 	7793
f 7912 	7798 	7730
f 7796 	7793 	7789
f 7793 	8343 	7790
f 7912 	7728 	7911
f 7799 	7730 	7798
f 7730 	7728 	7912
f 7922 	7740 	8008
f 7605 	7647 	8008
f 7793 	7804 	7805
f 7803 	7805 	7804
f 7796 	7804 	7793
f 7805 	7803 	7806
f 7815 	7258 	7814
f 7809 	7259 	7810
f 7812 	7259 	7811
f 7824 	7805 	7813
f 7813 	7805 	7806
f 7824 	7948 	7805
f 1048 	1014 	7818
f 7818 	7816 	7820
f 8106 	7820 	7816
f 7818 	7820 	7821
f 7781 	7821 	7820
f 7818 	7821 	1048
f 7813 	7822 	7824
f 7822 	7829 	7824
f 7832 	7831 	7834
f 2375 	2392 	7835
f 2308 	2310 	7835
f 7831 	7837 	7834
f 7834 	7824 	7830
f 7838 	7835 	9011
f 7830 	7832 	7834
f 7829 	7830 	7824
f 7835 	7838 	7816
f 7835 	7816 	2294
f 7842 	7841 	7844
f 8106 	7816 	7838
f 7955 	7762 	7779
f 7837 	7842 	7834
f 7844 	7834 	7842
f 7844 	7987 	7834
f 7841 	7845 	7844
f 7844 	7845 	7852
f 7805 	7858 	7793
f 7793 	7858 	7855
f 7858 	7860 	7855
f 7774 	7258 	7815
f 7906 	7907 	7744
f 7908 	7909 	7728
f 7728 	7744 	7908
f 7916 	7227 	7919
f 7926 	7742 	7929
f 7928 	7742 	7917
f 7944 	7750 	7861
f 7674 	7932 	7934
f 7861 	7750 	9082
f 7936 	7851 	7849
f 7940 	7851 	7936
f 7942 	7856 	7940
f 7940 	7856 	7851
f 7942 	7861 	7856
f 7861 	7942 	7944
f 7944 	4831 	7754
f 7805 	7948 	7858
f 7944 	7754 	7750
f 7858 	7951 	7860
f 7948 	7951 	7858
f 7776 	7950 	7953
f 7824 	7954 	7948
f 7834 	7954 	7824
f 7954 	7956 	7948
f 7953 	7779 	7776
f 7955 	7779 	7953
f 7957 	7762 	7955
f 7957 	7848 	7762
f 7961 	7848 	7957
f 7936 	7849 	7961
f 7961 	7849 	7848
f 4828 	7942 	7940
f 4828 	4829 	7942
f 7944 	4829 	4831
f 7944 	7942 	4829
f 4778 	7754 	4831
f 4846 	4851 	8096
f 7948 	7956 	7951
f 7956 	8366 	7951
f 7834 	7987 	7954
f 7956 	7954 	7989
f 7987 	7989 	7954
f 7956 	8370 	8366
f 7989 	8370 	7956
f 8038 	8024 	7996
f 8002 	5141 	8003
f 7999 	7996 	8000
f 8003 	5141 	7999
f 8000 	7996 	8005
f 8055 	7825 	7757
f 6980 	8048 	7757
f 8045 	6980 	8011
f 7968 	4815 	7957
f 7968 	7957 	7955
f 7957 	4815 	7961
f 4818 	7961 	4815
f 4818 	7936 	7961
f 7940 	7936 	4821
f 7940 	4821 	4828
f 7996 	8032 	8038
f 7781 	7820 	8120
f 7996 	8035 	8032
f 8040 	8038 	8032
f 8055 	7757 	8048
f 8005 	7996 	8024
f 7723 	8061 	7693
f 2471 	7693 	8061
f 8066 	7730 	8093
f 8093 	8090 	8066
f 7730 	8066 	8061
f 8120 	8070 	7783
f 8066 	2603 	8061
f 8070 	8076 	8078
f 7781 	8120 	7783
f 7730 	8061 	7723
f 7723 	7693 	6579
f 8070 	8073 	8076
f 7783 	8070 	8078
f 8089 	2599 	8066
f 8066 	2599 	2603
f 8076 	8073 	8087
f 4844 	8087 	8073
f 8076 	7950 	8078
f 8090 	8091 	8089
f 8107 	8089 	8091
f 8076 	8087 	7950
f 8078 	7950 	7773
f 7800 	8093 	7730
f 4846 	8096 	4844
f 8089 	8066 	8090
f 8087 	8096 	7953
f 8109 	2691 	8089
f 8089 	2685 	2599
f 8087 	7953 	7950
f 8096 	7955 	7953
f 8096 	7968 	7955
f 8089 	8107 	8109
f 7838 	8103 	8106
f 2691 	2692 	2685
f 2685 	8089 	2691
f 5025 	8125 	8115
f 8103 	8118 	8106
f 8103 	8115 	8118
f 8106 	8118 	7820
f 8120 	7820 	8118
f 8115 	8129 	8118
f 8115 	8125 	8129
f 8129 	8070 	8118
f 8120 	8118 	8070
f 8125 	4881 	8073
f 8125 	8073 	8129
f 8073 	8070 	8129
f 8073 	4881 	4844
f 8087 	4844 	8096
f 7968 	8096 	4851
f 4855 	4881 	8125
f 8041 	8035 	7852
f 8105 	8032 	8041
f 7844 	7852 	8035
f 8108 	8032 	8105
f 8111 	8032 	8108
f 8113 	8032 	8111
f 8116 	8032 	8113
f 8117 	8032 	8116
f 8124 	8032 	8117
f 8126 	8032 	8124
f 8103 	7838 	8146
f 8103 	8146 	5023
f 5023 	5025 	8115
f 8035 	8041 	8032
f 8040 	8032 	8126
f 7996 	7999 	5141
f 5145 	5146 	5141
f 8178 	5141 	5146
f 8178 	8230 	5141
f 8178 	8274 	8182
f 8178 	8182 	8183
f 8115 	8103 	5023
f 5146 	8192 	8178
f 8178 	8192 	8181
f 8192 	5146 	8392
f 8392 	8407 	8192
f 8182 	7987 	8183
f 7844 	8183 	7987
f 8208 	6301 	5522
f 6365 	8208 	8212
f 6365 	8212 	8166
f 8212 	8233 	8166
f 5522 	5985 	8208
f 8208 	8219 	8212
f 8208 	5985 	8219
f 8233 	8246 	8166
f 8212 	8219 	8235
f 8235 	8233 	8212
f 8228 	8035 	7996
f 8228 	5141 	8230
f 7996 	5141 	8228
f 8178 	8183 	8230
f 8035 	8228 	7844
f 8228 	8230 	7844
f 8230 	8183 	7844
f 8274 	8178 	8181
f 8235 	8249 	8233
f 8246 	8233 	8247
f 8233 	8249 	8247
f 8244 	7584 	7041
f 8245 	8244 	8166
f 7041 	8166 	8244
f 8166 	8246 	8245
f 8248 	8249 	8235
f 8270 	6126 	6548
f 6528 	8294 	6551
f 8235 	8219 	4363
f 8380 	8376 	6528
f 4363 	8219 	5986
f 4363 	4359 	8235
f 8253 	8264 	6473
f 8235 	4360 	4361
f 8248 	8235 	4361
f 4378 	4376 	5986
f 8264 	8283 	6473
f 8283 	8290 	6473
f 8181 	8398 	8266
f 8265 	8266 	8398
f 8266 	8277 	8181
f 7987 	8266 	7989
f 8265 	7989 	8266
f 8380 	6528 	6473
f 8274 	8181 	8275
f 8277 	8275 	8181
f 6548 	6551 	8294
f 8182 	8274 	7987
f 8266 	7987 	8277
f 8277 	7987 	8275
f 8275 	7987 	8274
f 8300 	6548 	8296
f 8265 	8398 	8399
f 8302 	6548 	8300
f 8290 	8382 	6473
f 8383 	6473 	8382
f 8381 	8380 	6473
f 8298 	8299 	6528
f 8612 	8474 	8318
f 8293 	8294 	8295
f 8293 	8296 	8294
f 8295 	8294 	8299
f 6528 	8299 	8294
f 8294 	8296 	6548
f 8270 	6548 	8320
f 8302 	8320 	6548
f 8316 	8317 	8270
f 8318 	8474 	8317
f 8270 	8320 	8316
f 8328 	8993 	8324
f 8335 	8328 	8336
f 8324 	8336 	8328
f 8340 	8343 	8341
f 8343 	8328 	8341
f 8335 	8341 	8328
f 8340 	8346 	8343
f 8328 	8343 	8329
f 7791 	8343 	7792
f 7791 	7790 	8343
f 8346 	7792 	8343
f 8343 	7855 	8351
f 7793 	7855 	8343
f 8329 	8351 	8334
f 8329 	8343 	8351
f 8351 	8353 	8334
f 8351 	7855 	8358
f 7855 	7860 	8358
f 8351 	8358 	8353
f 8358 	8361 	8353
f 7860 	8524 	8358
f 8358 	8524 	8361
f 8298 	6528 	8376
f 8381 	6473 	8383
f 5153 	5157 	8392
f 8397 	8465 	5181
f 5181 	5185 	8397
f 8192 	8398 	8181
f 8398 	8402 	8399
f 8192 	8407 	8398
f 8407 	8410 	8398
f 8417 	8419 	8407
f 8407 	8419 	8410
f 8398 	8413 	8402
f 8392 	5157 	8417
f 8417 	8407 	8392
f 8610 	8611 	8419
f 5157 	8434 	8417
f 8417 	8436 	8419
f 8436 	8618 	8419
f 8434 	5157 	5162
f 8436 	8417 	8434
f 8474 	8576 	6177
f 8587 	8585 	6177
f 6178 	8474 	6177
f 8434 	5162 	8465
f 5181 	8465 	5162
f 8434 	8466 	8436
f 8465 	8466 	8434
f 8436 	8620 	8618
f 8466 	8620 	8436
f 8397 	4766 	8465
f 4766 	8466 	8465
f 8466 	4766 	4909
f 8397 	4785 	4766
f 4764 	4785 	8397
f 8475 	3057 	6180
f 8474 	6126 	8270
f 8576 	8577 	6177
f 8474 	6178 	6126
f 8475 	6180 	6177
f 8587 	6177 	8577
f 8475 	6177 	8585
f 8402 	8413 	7989
f 8265 	8399 	7989
f 8402 	7989 	8399
f 8493 	7989 	8413
f 8493 	8370 	7989
f 8515 	8512 	8410
f 8612 	8575 	8474
f 8585 	8586 	8475
f 8594 	3057 	8475
f 8512 	8513 	8410
f 8593 	8475 	8586
f 8594 	8475 	8593
f 8413 	8398 	8511
f 8511 	8493 	8413
f 8594 	3352 	3057
f 8513 	8511 	8410
f 8270 	8317 	8474
f 8512 	8515 	8552
f 8513 	8512 	8493
f 8515 	8597 	8552
f 8511 	8398 	8410
f 8511 	8513 	8493
f 8524 	7860 	8542
f 7860 	7951 	8542
f 8542 	7951 	8366
f 8548 	8542 	8366
f 8549 	8548 	8366
f 8366 	8370 	8549
f 8370 	8493 	8552
f 8598 	8597 	8419
f 8410 	8419 	8597
f 8493 	8512 	8552
f 8552 	8549 	8370
f 8576 	8474 	8575
f 8571 	8788 	8567
f 8598 	8419 	8611
f 8580 	8570 	8798
f 8570 	8569 	8798
f 8568 	8798 	8569
f 8597 	8515 	8410
f 8602 	8603 	8596
f 8798 	8596 	8603
f 8596 	8604 	8602
f 8598 	8552 	8597
f 8596 	8608 	8604
f 8552 	8598 	8611
f 8589 	8798 	8599
f 8798 	8603 	8600
f 8581 	8798 	8589
f 8600 	8599 	8798
f 8610 	9453 	8611
f 8608 	8596 	8616
f 8610 	8419 	8618
f 8596 	8856 	8616
f 8626 	2073 	8623
f 2073 	8624 	8623
f 8626 	8628 	2073
f 8620 	8466 	4909
f 8624 	2060 	8621
f 8618 	8632 	8610
f 9466 	9453 	8632
f 8632 	9453 	8610
f 8638 	2174 	8628
f 8686 	8650 	8642
f 8811 	8648 	8650
f 8146 	8648 	8811
f 8672 	8639 	8650
f 8639 	8640 	8650
f 8652 	8650 	8648
f 8651 	8652 	8648
f 8654 	8651 	8648
f 8654 	8648 	8655
f 8648 	9011 	8655
f 8656 	8655 	9011
f 8650 	8670 	8671
f 8650 	8671 	8672
f 8640 	8642 	8650
f 8652 	8670 	8650
f 2158 	2174 	2169
f 2169 	2174 	8680
f 8685 	8686 	8687
f 8685 	8688 	8686
f 8687 	8686 	8642
f 8686 	8688 	8833
f 8693 	8833 	8688
f 8693 	8694 	8833
f 3799 	3817 	8957
f 8966 	3799 	8957
f 8966 	3800 	3799
f 3802 	8969 	8975
f 8969 	3802 	3800
f 2999 	3052 	2997
f 8833 	8712 	8709
f 8694 	8701 	8833
f 8700 	3882 	8702
f 3882 	3879 	8702
f 8708 	8829 	8718
f 8710 	8711 	8829
f 8712 	8833 	8701
f 8717 	8718 	8829
f 8697 	3054 	8700
f 8829 	8711 	8717
f 8702 	3879 	8703
f 3886 	4418 	3780
f 8703 	3879 	8719
f 8708 	8856 	8689
f 8696 	8689 	8856
f 4520 	4521 	8770
f 8731 	4521 	3395
f 8708 	8630 	8856
f 8721 	8720 	8708
f 8718 	8724 	8708
f 8721 	8708 	8722
f 8723 	8722 	8708
f 8631 	8630 	8708
f 8720 	8631 	8708
f 8619 	8856 	8630
f 8723 	8708 	8724
f 8679 	8680 	2174
f 8741 	8679 	2174
f 2174 	8742 	2178
f 8739 	2178 	8738
f 8750 	2178 	8749
f 8748 	2178 	8750
f 8743 	8749 	2178
f 3397 	3399 	8757
f 8731 	3397 	8757
f 8779 	8780 	8695
f 8781 	8783 	8695
f 8760 	2755 	3605
f 2771 	2755 	8760
f 8754 	8801 	8800
f 8781 	8695 	8780
f 8779 	8695 	7756
f 8766 	2867 	2771
f 8757 	3399 	8697
f 8804 	8801 	8993
f 8754 	8993 	8801
f 8775 	7756 	8754
f 8771 	2867 	8766
f 8731 	8774 	4521
f 8766 	8769 	8771
f 2924 	2923 	8771
f 4521 	8774 	8770
f 8776 	8777 	8754
f 8775 	8754 	8777
f 8775 	8778 	7756
f 8774 	8731 	8782
f 2934 	2926 	8771
f 8757 	8782 	8731
f 8794 	8695 	8783
f 8785 	8779 	7756
f 8782 	8796 	8774
f 8767 	8786 	8769
f 8785 	7756 	8778
f 8757 	8700 	8782
f 8700 	8757 	8697
f 8700 	8702 	8782
f 8769 	8786 	8788
f 8786 	8798 	8788
f 8771 	8769 	8788
f 8790 	8807 	8787
f 8787 	8807 	8805
f 8940 	8770 	8792
f 8788 	2937 	8771
f 8940 	8792 	8790
f 8792 	8841 	8790
f 2937 	8788 	8791
f 8795 	8792 	8770
f 8791 	8788 	8793
f 8795 	8845 	8792
f 8790 	8841 	8807
f 8774 	8795 	8770
f 8796 	8795 	8774
f 8573 	8788 	8571
f 8793 	8788 	8573
f 8568 	8567 	8788
f 8796 	8927 	8795
f 8786 	8877 	8798
f 8776 	8754 	8800
f 8788 	8798 	8568
f 8581 	8580 	8798
f 8796 	8782 	8702
f 8806 	8760 	3608
f 3612 	8806 	3608
f 8760 	8806 	8766
f 8767 	8806 	3612
f 8767 	3612 	3624
f 8806 	8767 	8769
f 8806 	8769 	8766
f 8810 	8650 	8686
f 8810 	8686 	8833
f 8810 	8811 	8650
f 8833 	8817 	8810
f 8810 	8820 	8811
f 8817 	8820 	8810
f 8811 	8820 	5023
f 8811 	5023 	8146
f 8817 	4901 	8824
f 4901 	6426 	8824
f 8817 	8824 	8820
f 8820 	5025 	5023
f 8820 	8824 	5025
f 8824 	4855 	5025
f 8824 	6426 	4855
f 8829 	8708 	8689
f 8709 	8710 	8829
f 8709 	8829 	8833
f 8835 	8847 	8837
f 8835 	8901 	8847
f 8805 	8957 	8952
f 8689 	8696 	8829
f 8807 	8957 	8805
f 8829 	8840 	8833
f 8792 	8845 	8841
f 8829 	8837 	8840
f 8833 	8840 	8817
f 8837 	8847 	8850
f 8847 	6438 	8850
f 8837 	8850 	8840
f 8840 	4901 	8817
f 4901 	8840 	8850
f 6438 	8847 	6434
f 8850 	6438 	6425
f 4901 	8850 	6425
f 8881 	8856 	8596
f 8862 	8863 	8835
f 8869 	8835 	8837
f 8619 	8616 	8856
f 8835 	8863 	8861
f 8862 	8856 	8863
f 8862 	8835 	8869
f 8837 	8696 	8869
f 8837 	8829 	8696
f 8862 	8869 	8856
f 8869 	8696 	8856
f 8786 	8767 	8873
f 8877 	8786 	8873
f 8873 	8876 	8877
f 3661 	8878 	8876
f 8876 	8878 	8881
f 8878 	8885 	8890
f 8876 	8881 	8877
f 8877 	8881 	8596
f 8890 	8881 	8878
f 8877 	8596 	8798
f 8881 	8890 	8856
f 3624 	3633 	8873
f 3633 	8876 	8873
f 8767 	3624 	8873
f 3633 	3661 	8876
f 3636 	3664 	8895
f 8895 	3661 	3636
f 3661 	8895 	8878
f 3664 	3670 	8899
f 8899 	8895 	3664
f 8895 	8899 	8885
f 8305 	8993 	8306
f 8325 	8324 	8993
f 8305 	8325 	8993
f 8895 	8885 	8878
f 8894 	8329 	8898
f 8328 	8329 	8894
f 8329 	8334 	8898
f 8901 	6434 	8847
f 8906 	6434 	8901
f 8933 	8954 	8908
f 8903 	8933 	8908
f 8921 	8901 	8917
f 8916 	8917 	8901
f 8930 	8916 	8901
f 8901 	8921 	8906
f 9036 	9094 	8894
f 8930 	8901 	8835
f 8922 	8923 	8906
f 7758 	8306 	8993
f 8922 	8906 	8921
f 8917 	8916 	8890
f 8993 	8328 	8894
f 8917 	8890 	8885
f 8903 	8938 	8932
f 8923 	8937 	8906
f 8922 	8921 	8885
f 8917 	8885 	8921
f 8914 	8923 	8885
f 8922 	8885 	8923
f 8835 	8861 	8929
f 8927 	8845 	8795
f 8929 	8930 	8835
f 8927 	8975 	8845
f 8929 	8861 	8890
f 8863 	8890 	8861
f 8916 	8930 	8890
f 8796 	8703 	8927
f 8929 	8890 	8930
f 8890 	8863 	8856
f 8796 	8702 	8703
f 8703 	8719 	8927
f 8903 	8932 	8933
f 8898 	8334 	8931
f 8932 	8914 	8933
f 8931 	8912 	8936
f 8334 	8912 	8931
f 8944 	8954 	8914
f 8935 	8787 	4581
f 8903 	8937 	8938
f 8903 	8906 	8937
f 8935 	8790 	8787
f 8940 	8790 	8935
f 8914 	8932 	8938
f 8912 	8939 	8936
f 4518 	4520 	8940
f 8938 	8937 	8914
f 8935 	4518 	8940
f 8914 	8937 	8923
f 4520 	8770 	8940
f 8894 	8898 	9036
f 3670 	3726 	8944
f 8947 	3747 	273
f 3670 	8944 	8899
f 4576 	8945 	4595
f 8914 	8885 	8899
f 4581 	8945 	4576
f 8945 	8946 	4595
f 8899 	8944 	8914
f 3746 	273 	3747
f 9014 	8936 	8939
f 4581 	8787 	8945
f 3726 	3747 	8944
f 8805 	8946 	8945
f 8787 	8805 	8945
f 8946 	8805 	8952
f 8947 	8944 	3747
f 8955 	8908 	8954
f 8908 	8955 	273
f 8947 	273 	8955
f 8947 	8955 	8944
f 8954 	8944 	8955
f 8952 	8957 	3817
f 8933 	8914 	8954
f 8960 	163 	8961
f 8952 	3817 	3813
f 8807 	8966 	8957
f 8841 	8966 	8807
f 8845 	8969 	8841
f 8961 	163 	8967
f 5004 	163 	8960
f 8841 	8969 	8966
f 8969 	3800 	8966
f 8845 	8975 	8969
f 3780 	3802 	8975
f 104 	4780 	103
f 145 	4780 	117
f 103 	4780 	8974
f 8719 	8975 	8927
f 8719 	3780 	8975
f 117 	4780 	104
f 8979 	4506 	4596
f 4596 	8946 	8979
f 3813 	3958 	8979
f 8979 	8946 	8952
f 8976 	163 	111
f 8967 	163 	8976
f 8952 	3813 	8979
f 8802 	8804 	8993
f 7758 	8993 	7759
f 8754 	7759 	8993
f 8803 	8802 	8993
f 8898 	9042 	9036
f 9067 	8931 	8936
f 9105 	9106 	8993
f 8894 	9107 	8993
f 9011 	7835 	2318
f 8146 	7838 	9011
f 9042 	8898 	8931
f 8665 	8656 	9011
f 2315 	2316 	9011
f 8648 	8146 	9011
f 2315 	9011 	2318
f 2316 	2321 	9011
f 8939 	9018 	9014
f 9105 	8993 	9107
f 9107 	8894 	9097
f 9036 	9100 	9095
f 9112 	9102 	9042
f 9042 	8931 	9067
f 9150 	9152 	9042
f 9131 	9132 	9067
f 9131 	9067 	9133
f 9042 	9067 	9132
f 9132 	9150 	9042
f 9136 	9134 	9137
f 9067 	8936 	9137
f 9137 	8936 	9014
f 9144 	9014 	9143
f 4778 	145 	7754
f 7754 	145 	7750
f 145 	2684 	9082
f 9159 	9160 	9085
f 9085 	9014 	9018
f 9018 	9217 	9085
f 7750 	145 	9082
f 9165 	9168 	9217
f 2687 	2560 	2686
f 9166 	9217 	9170
f 9157 	9014 	9085
f 4778 	4779 	145
f 9080 	9082 	2686
f 4779 	4780 	145
f 2560 	9080 	2686
f 9085 	9163 	9159
f 551 	5006 	550
f 9163 	9085 	9164
f 2690 	145 	146
f 9094 	9036 	9095
f 9097 	8894 	9094
f 9036 	9102 	9100
f 8803 	8993 	9106
f 668 	9110 	9109
f 9036 	9042 	9102
f 9109 	4147 	4850
f 9110 	4147 	9109
f 9113 	4149 	9110
f 9116 	4151 	9113
f 9113 	4151 	4149
f 9117 	4154 	9116
f 9080 	9117 	9140
f 9110 	668 	9120
f 9128 	9113 	9120
f 9120 	9113 	9110
f 9153 	9112 	9042
f 9133 	9067 	9134
f 9136 	9137 	9138
f 9128 	9116 	9113
f 9067 	9137 	9134
f 9135 	9116 	9128
f 9137 	9139 	9138
f 9139 	9014 	9142
f 9137 	9014 	9139
f 9135 	9140 	9117
f 9143 	9014 	9156
f 9142 	9014 	9144
f 9135 	9117 	9116
f 9140 	7861 	9082
f 9080 	9140 	9082
f 9120 	668 	7848
f 7848 	7849 	9120
f 9128 	7849 	7851
f 9135 	9128 	7851
f 9128 	9120 	7849
f 7851 	7856 	9135
f 9135 	7856 	9140
f 7856 	7861 	9140
f 9153 	9042 	9152
f 9156 	9014 	9157
f 9157 	9085 	9160
f 9085 	9217 	9168
f 9164 	9085 	9168
f 4369 	9185 	4365
f 9192 	9191 	4369
f 9194 	9192 	7765
f 4369 	7765 	9192
f 4369 	4340 	7765
f 7769 	7768 	8695
f 7765 	7770 	8695
f 4399 	4365 	4398
f 9191 	9186 	4369
f 9194 	7765 	8794
f 8695 	8794 	7765
f 4398 	4365 	9185
f 9186 	9185 	4369
f 8912 	8334 	8353
f 8912 	9200 	8939
f 9200 	8912 	8353
f 8939 	9392 	9018
f 9200 	9392 	8939
f 8361 	9200 	8353
f 9395 	9200 	8361
f 9200 	9395 	9392
f 9166 	9165 	9217
f 9217 	9225 	9170
f 4947 	4949 	9257
f 4960 	9300 	4958
f 9256 	9500 	9242
f 4950 	4956 	9266
f 9242 	4909 	9256
f 4947 	9256 	4909
f 9257 	9256 	4947
f 9288 	9256 	9257
f 4949 	9260 	9257
f 4950 	9260 	4949
f 9260 	4950 	9266
f 4958 	9281 	4956
f 9266 	4956 	9281
f 9287 	9256 	9288
f 9288 	9257 	9306
f 9318 	9257 	9317
f 9288 	9291 	9287
f 9266 	9324 	9260
f 4958 	9300 	9281
f 9300 	9365 	9281
f 9324 	9266 	9349
f 9281 	9358 	9266
f 4960 	4646 	9300
f 9309 	9291 	9306
f 9288 	9306 	9291
f 4960 	4410 	4646
f 9260 	9317 	9257
f 9317 	9260 	9332
f 9257 	9318 	9306
f 9324 	9333 	9260
f 9306 	9318 	9309
f 9317 	9309 	9318
f 9291 	9309 	3265
f 9291 	3265 	3581
f 9350 	9266 	9358
f 9383 	9300 	4649
f 9382 	9300 	9383
f 4646 	4649 	9300
f 9332 	9260 	9333
f 9333 	9324 	9334
f 9349 	9266 	9350
f 9367 	9281 	9366
f 9324 	9349 	9334
f 9349 	9350 	9334
f 9317 	9332 	9309
f 9332 	9333 	9309
f 9334 	9309 	9333
f 9309 	9334 	3267
f 3268 	3267 	9334
f 9309 	3267 	3265
f 9281 	9367 	9358
f 9354 	9334 	9350
f 9366 	9281 	9365
f 9354 	9350 	9358
f 9334 	9354 	3268
f 9369 	9366 	9365
f 9365 	9300 	9382
f 9382 	9383 	9369
f 9369 	9354 	9366
f 9366 	9354 	9367
f 9358 	9367 	9354
f 3255 	3268 	9354
f 9354 	9369 	3255
f 9383 	4649 	2939
f 9365 	9382 	9369
f 2939 	9369 	9383
f 9369 	3109 	3255
f 2939 	3109 	9369
f 9395 	9397 	9392
f 8361 	9398 	9395
f 8524 	9398 	8361
f 9398 	9402 	9395
f 9398 	9407 	9402
f 9395 	9402 	9397
f 9398 	9405 	9407
f 9405 	8524 	8542
f 9398 	8524 	9405
f 8548 	9405 	8542
f 9412 	9407 	9405
f 9412 	9405 	8548
f 8548 	8549 	9416
f 9416 	9412 	8548
f 9412 	9416 	9443
f 9018 	9421 	9217
f 9018 	9392 	9421
f 9421 	9423 	9217
f 9397 	9428 	9421
f 9421 	9428 	9423
f 9529 	9424 	9423
f 9217 	9423 	9424
f 9225 	9217 	9424
f 9421 	9392 	9397
f 9431 	9428 	9397
f 9397 	9402 	9431
f 9402 	9407 	9433
f 9433 	9431 	9402
f 9407 	9438 	9433
f 9407 	9412 	9438
f 9438 	9440 	9433
f 9443 	9438 	9412
f 9438 	9444 	9440
f 9443 	9444 	9438
f 8620 	4909 	9242
f 9453 	9416 	8549
f 8552 	9453 	8549
f 8618 	8620 	9455
f 8620 	9242 	9455
f 9469 	9470 	9455
f 8632 	8618 	9466
f 8552 	8611 	9453
f 8618 	9476 	9466
f 9470 	9476 	9455
f 8618 	9455 	9476
f 9455 	9472 	9469
f 9469 	9480 	9470
f 9472 	9480 	9469
f 9466 	9476 	9453
f 9470 	9453 	9476
f 9453 	9480 	9416
f 9453 	9470 	9480
f 9443 	9416 	9480
f 9472 	9455 	9485
f 9483 	9444 	9443
f 9455 	9242 	9490
f 9480 	9483 	9443
f 9490 	9489 	9455
f 9472 	9485 	9480
f 9480 	9485 	9487
f 9487 	9483 	9480
f 9455 	9489 	9485
f 9489 	9490 	9487
f 9485 	9489 	9487
f 9490 	9492 	9487
f 9490 	9242 	9492
f 9524 	9242 	9513
f 9256 	9287 	9505
f 9501 	9242 	9500
f 9256 	9505 	9500
f 9501 	9561 	9502
f 9500 	9561 	9501
f 9505 	9287 	9291
f 9500 	9505 	9561
f 9291 	9561 	9505
f 9530 	9529 	9423
f 9531 	9530 	9423
f 9544 	9532 	9428
f 9423 	9428 	9531
f 9428 	9431 	9508
f 9546 	9545 	9508
f 9508 	9431 	9509
f 9431 	9433 	9509
f 9433 	9440 	9509
f 9513 	9242 	9502
f 9502 	9515 	9513
f 9501 	9502 	9242
f 9525 	9524 	9513
f 9515 	9522 	9513
f 9561 	9541 	9502
f 9522 	9521 	9513
f 9242 	9524 	9492
f 9525 	9513 	9521
f 9522 	9543 	9521
f 9492 	9524 	9487
f 9525 	9487 	9524
f 9487 	9525 	9521
f 9531 	9428 	9532
f 9545 	9544 	9428
f 9508 	9548 	9546
f 9549 	9508 	9551
f 9552 	9551 	9509
f 9553 	9552 	9509
f 9556 	9554 	9509
f 9444 	9483 	9565
f 9543 	9522 	9541
f 9487 	9521 	9543
f 9569 	9570 	9444
f 9561 	9723 	9541
f 9515 	9502 	9541
f 9540 	9541 	9542
f 9540 	9543 	9541
f 9515 	9541 	9522
f 9542 	9566 	9540
f 9540 	9487 	9543
f 9428 	9508 	9545
f 9508 	9549 	9548
f 9508 	9509 	9551
f 9554 	9555 	9509
f 9553 	9509 	9555
f 9509 	9440 	9556
f 9541 	9723 	9542
f 9557 	9556 	9440
f 9559 	9558 	9440
f 9483 	9566 	9565
f 9558 	9557 	9440
f 9559 	9440 	9560
f 9291 	3581 	9561
f 9561 	3581 	3579
f 9733 	9568 	9732
f 9571 	9444 	9574
f 9567 	9723 	9568
f 9565 	9572 	9444
f 9483 	9487 	9566
f 9566 	9567 	9568
f 9487 	9540 	9566
f 9740 	9739 	9568
f 9542 	9723 	9567
f 9567 	9566 	9542
f 9440 	9444 	9570
f 9574 	9444 	9572
f 9440 	9570 	9560
f 9569 	9444 	9571
f 9576 	9565 	9578
f 9579 	9578 	9565
f 9565 	9566 	9579
f 9579 	9566 	9580
f 9581 	9580 	9566
f 9736 	9740 	9568
f 9575 	9573 	9565
f 9572 	9565 	9573
f 9565 	9576 	9577
f 9575 	9565 	9577
f 9582 	9581 	9566
f 9582 	9566 	9583
f 9583 	9566 	9584
f 9584 	9566 	9585
f 9719 	9721 	4649
f 3109 	3023 	2536
f 9721 	9720 	2939
f 9720 	3023 	3109
f 3109 	2939 	9720
f 9723 	3568 	9722
f 3579 	3568 	9723
f 9722 	3568 	3566
f 9561 	3579 	9723
f 9741 	9725 	9722
f 9726 	9727 	9722
f 9722 	9729 	9723
f 3566 	9747 	9722
f 9732 	9723 	9731
f 9725 	9726 	9722
f 9746 	9742 	9722
f 3649 	9743 	3566
f 9746 	9722 	9747
f 9741 	9722 	9742
f 9727 	9728 	9722
f 9729 	9730 	9723
f 9729 	9722 	9728
f 9730 	9731 	9723
f 9736 	9568 	9734
f 9734 	9568 	9733
f 9723 	9732 	9568
f 9566 	9735 	9585
f 9566 	9568 	9735
f 9737 	9735 	9568
f 9738 	9737 	9568
f 9739 	9738 	9568
f 3708 	9744 	3649
f 9743 	3649 	9744
f 9747 	3566 	9745
# 5236 faces

g group_0_13877221

usemtl color_13877221
s 0

f 2340 	8010 	2339
f 2338 	2339 	8010
f 2357 	2358 	7321
f 2338 	8010 	2349
f 2358 	2349 	8010
f 8010 	7321 	2358
f 2364 	7321 	2363
f 2368 	2363 	7321
f 2364 	2357 	7321
f 2586 	7321 	2589
f 6475 	6556 	6474
f 6556 	6476 	6474
f 6481 	6556 	6477
f 6475 	6477 	6556
f 6556 	6481 	7321
f 7321 	7255 	7254
f 7254 	7257 	7321
f 7318 	7314 	7321
f 7313 	7311 	7321
f 7255 	7321 	7311
f 7314 	7313 	7321
f 6481 	7317 	7321
f 7317 	7318 	7321
f 8010 	2340 	2345
f 2585 	2368 	7321
f 7595 	7331 	7587
f 7937 	7931 	7321
f 2585 	7321 	2586
f 7587 	7427 	7321
f 7420 	7321 	7419
f 2589 	7321 	2595
f 7429 	7587 	7332
f 7424 	7321 	7427
f 2595 	7321 	7420
f 7429 	7426 	7587
f 7419 	7321 	7422
f 7422 	7321 	7424
f 7427 	7587 	7426
f 7332 	7587 	7331
f 7595 	7587 	7596
f 7257 	7710 	7321
f 7752 	7321 	7753
f 7710 	7731 	7321
f 7785 	7786 	7587
f 7596 	7587 	7801
f 7752 	7751 	7321
f 7755 	7321 	7751
f 7731 	7753 	7321
f 7937 	7321 	7886
f 7763 	7321 	7755
f 7886 	7321 	7885
f 7884 	7885 	7321
f 7774 	7321 	7764
f 7764 	7321 	7763
f 7931 	7794 	7587
f 7801 	7587 	7786
f 7785 	7587 	7784
f 7784 	7587 	7794
f 7587 	7321 	7931
f 7884 	7321 	7888
f 7889 	7321 	7814
f 7774 	7815 	7321
f 7889 	7888 	7321
f 7815 	7814 	7321
f 7329 	8026 	8010
f 8021 	8010 	8020
f 8022 	8010 	8021
f 2345 	7329 	8010
f 8023 	8010 	8022
f 8025 	8010 	8026
f 8020 	8010 	8025
f 8092 	8010 	8075
f 8074 	8075 	8010
f 8079 	8080 	8010
f 8074 	8010 	8077
f 8010 	8023 	8079
f 8077 	8010 	8080
f 8010 	8092 	8099
f 8148 	8189 	8010
f 8010 	8101 	8102
f 8104 	8010 	8102
f 8196 	8198 	8104
f 8010 	8099 	8148
f 8161 	8010 	8160
f 8101 	8010 	8161
f 8160 	8010 	8189
f 8197 	8198 	8196
f 8198 	6556 	8010
f 7321 	8010 	6556
f 8229 	8198 	8197
f 8010 	8104 	8198
f 8203 	8204 	8198
f 8201 	8203 	8198
f 8204 	8205 	8198
f 8205 	8207 	8198
f 8207 	8211 	8198
f 8211 	8214 	8198
f 8214 	8216 	8198
f 8216 	8217 	8198
f 8479 	8198 	8222
f 8222 	8198 	8221
f 8198 	8220 	8221
f 8198 	8217 	8220
f 8243 	8240 	8198
f 8243 	8198 	8229
f 8198 	8239 	8200
f 8201 	8198 	8200
f 8198 	8240 	8241
f 8198 	8241 	8242
f 8198 	8242 	8239
f 8264 	8253 	6556
f 6476 	6556 	8253
f 8303 	6556 	8282
f 8303 	8304 	6556
f 8282 	6556 	8278
f 8385 	6556 	8304
f 8385 	8386 	6556
f 8442 	8445 	6556
f 8283 	6556 	8290
f 6556 	8283 	8264
f 8387 	8389 	6556
f 8445 	8448 	6556
f 8386 	8387 	6556
f 8389 	8440 	6556
f 8440 	8441 	6556
f 8441 	8442 	6556
f 8448 	8382 	6556
f 8290 	6556 	8382
f 6556 	8198 	8479
f 8479 	8484 	6556
f 6556 	8505 	8278
f 6556 	8503 	8504
f 6556 	8504 	8505
f 8484 	8503 	6556
# 134 faces

g group_0_14541540

usemtl color_14541540
s 0

f 5169 	10 	1
f 1 	10 	5
f 8828 	4 	9
f 5 	10 	14
f 3 	18 	4
f 16 	14 	10
f 10 	17 	16
f 10 	11 	17
f 4 	20 	9
f 17 	11 	23
f 4 	18 	20
f 11 	12 	25
f 23 	11 	25
f 157 	27 	18
f 18 	27 	28
f 18 	28 	20
f 39 	12 	31
f 27 	35 	28
f 27 	34 	35
f 25 	12 	36
f 39 	36 	12
f 34 	38 	872
f 34 	872 	35
f 44 	48 	47
f 49 	54 	42
f 48 	88 	47
f 45 	71 	49
f 58 	63 	59
f 61 	63 	58
f 61 	89 	63
f 67 	68 	60
f 60 	68 	62
f 71 	45 	70
f 49 	74 	54
f 71 	74 	49
f 2648 	59 	70
f 70 	77 	71
f 78 	68 	67
f 59 	77 	70
f 77 	80 	71
f 75 	78 	67
f 78 	109 	68
f 71 	80 	74
f 59 	63 	81
f 81 	77 	59
f 8644 	82 	75
f 81 	83 	77
f 82 	84 	75
f 81 	93 	83
f 77 	83 	80
f 75 	84 	78
f 81 	92 	93
f 82 	168 	84
f 88 	48 	87
f 86 	89 	61
f 86 	98 	89
f 63 	92 	81
f 88 	91 	47
f 48 	51 	87
f 89 	92 	63
f 51 	62 	87
f 87 	94 	88
f 92 	105 	93
f 95 	94 	87
f 88 	96 	91
f 94 	96 	88
f 62 	68 	95
f 87 	62 	95
f 97 	98 	86
f 95 	106 	94
f 98 	101 	89
f 89 	101 	92
f 101 	105 	92
f 97 	428 	98
f 95 	109 	106
f 106 	110 	94
f 98 	432 	101
f 106 	119 	110
f 428 	432 	98
f 94 	110 	96
f 96 	110 	157
f 68 	109 	95
f 109 	114 	116
f 113 	125 	115
f 109 	116 	106
f 116 	119 	106
f 114 	109 	78
f 84 	114 	78
f 129 	126 	120
f 120 	126 	113
f 113 	126 	125
f 125 	128 	115
f 54 	129 	42
f 126 	151 	125
f 126 	154 	151
f 125 	182 	128
f 151 	182 	125
f 157 	3 	96
f 157 	18 	3
f 162 	157 	110
f 129 	54 	154
f 119 	162 	110
f 129 	154 	126
f 157 	162 	27
f 154 	199 	151
f 162 	34 	27
f 165 	168 	82
f 84 	168 	228
f 168 	235 	228
f 172 	235 	168
f 228 	114 	84
f 170 	172 	165
f 165 	172 	168
f 170 	176 	172
f 8772 	176 	170
f 8772 	181 	176
f 128 	182 	183
f 230 	231 	182
f 182 	231 	183
f 154 	201 	199
f 230 	151 	199
f 54 	74 	201
f 54 	201 	154
f 201 	202 	203
f 201 	203 	199
f 202 	201 	74
f 74 	80 	202
f 205 	202 	204
f 202 	205 	203
f 926 	354 	212
f 211 	212 	352
f 352 	351 	211
f 80 	204 	202
f 83 	204 	80
f 226 	116 	114
f 228 	226 	114
f 247 	204 	83
f 226 	229 	116
f 230 	199 	237
f 226 	299 	229
f 151 	230 	182
f 116 	229 	119
f 228 	235 	236
f 237 	199 	203
f 237 	239 	230
f 241 	237 	203
f 237 	242 	239
f 241 	242 	237
f 230 	239 	231
f 231 	239 	852
f 205 	241 	203
f 857 	242 	241
f 204 	246 	205
f 246 	204 	247
f 205 	248 	241
f 246 	248 	205
f 248 	857 	241
f 247 	83 	93
f 247 	270 	271
f 247 	271 	246
f 271 	298 	246
f 228 	236 	226
f 236 	299 	226
f 246 	298 	248
f 270 	247 	93
f 105 	270 	93
f 105 	474 	617
f 235 	303 	236
f 97 	2414 	305
f 306 	303 	235
f 310 	437 	303
f 172 	176 	306
f 307 	436 	305
f 306 	235 	172
f 306 	310 	303
f 428 	305 	436
f 323 	310 	306
f 3097 	314 	311
f 3099 	316 	314
f 316 	318 	314
f 176 	181 	323
f 323 	306 	176
f 209 	347 	181
f 347 	323 	181
f 320 	350 	316
f 347 	351 	384
f 373 	375 	320
f 209 	211 	351
f 320 	375 	350
f 316 	350 	318
f 351 	347 	209
f 351 	352 	388
f 212 	354 	352
f 420 	245 	357
f 369 	357 	362
f 362 	363 	371
f 245 	418 	243
f 360 	367 	422
f 245 	420 	418
f 371 	363 	5
f 363 	1 	5
f 369 	362 	371
f 371 	465 	369
f 373 	382 	375
f 380 	382 	373
f 323 	347 	383
f 310 	323 	383
f 347 	384 	383
f 351 	388 	384
f 354 	392 	352
f 388 	352 	392
f 354 	394 	392
f 354 	356 	394
f 392 	394 	498
f 395 	394 	356
f 359 	395 	356
f 394 	395 	501
f 418 	380 	243
f 420 	463 	418
f 394 	501 	498
f 359 	360 	397
f 422 	397 	360
f 359 	397 	395
f 369 	420 	357
f 119 	424 	162
f 119 	229 	424
f 34 	162 	424
f 229 	425 	424
f 369 	466 	420
f 229 	299 	425
f 424 	425 	38
f 425 	40 	38
f 425 	434 	40
f 420 	466 	463
f 424 	38 	34
f 305 	428 	97
f 236 	303 	431
f 431 	299 	236
f 434 	299 	431
f 425 	299 	434
f 428 	438 	432
f 431 	303 	437
f 436 	438 	428
f 431 	439 	434
f 475 	432 	438
f 307 	311 	440
f 437 	439 	431
f 307 	440 	436
f 444 	440 	311
f 314 	444 	311
f 310 	383 	446
f 314 	318 	444
f 437 	310 	446
f 318 	533 	444
f 383 	384 	448
f 446 	383 	448
f 446 	448 	471
f 375 	545 	350
f 271 	452 	298
f 448 	384 	453
f 454 	877 	452
f 388 	453 	384
f 271 	270 	616
f 388 	392 	458
f 617 	616 	270
f 270 	105 	617
f 392 	498 	458
f 418 	462 	380
f 418 	463 	462
f 380 	462 	382
f 462 	553 	382
f 463 	554 	462
f 439 	437 	464
f 1727 	439 	464
f 465 	466 	369
f 464 	1728 	1727
f 371 	5 	14
f 465 	371 	14
f 1728 	464 	471
f 446 	464 	437
f 464 	446 	471
f 453 	1744 	448
f 101 	432 	474
f 474 	105 	101
f 474 	432 	475
f 481 	438 	436
f 481 	436 	440
f 481 	484 	438
f 475 	438 	484
f 529 	484 	481
f 493 	440 	444
f 471 	448 	1744
f 388 	458 	453
f 513 	1485 	514
f 367 	522 	1508
f 1509 	1586 	367
f 422 	367 	1586
f 1586 	1588 	422
f 514 	1488 	518
f 518 	1491 	519
f 481 	440 	493
f 529 	481 	493
f 533 	493 	444
f 8690 	525 	531
f 529 	635 	484
f 493 	534 	529
f 532 	537 	528
f 533 	534 	493
f 534 	651 	529
f 528 	537 	531
f 533 	318 	539
f 318 	350 	539
f 541 	534 	533
f 539 	541 	533
f 542 	544 	532
f 532 	544 	537
f 350 	545 	539
f 545 	576 	539
f 375 	382 	547
f 382 	553 	547
f 542 	1196 	548
f 375 	547 	545
f 462 	554 	553
f 555 	554 	463
f 463 	466 	555
f 555 	605 	554
f 572 	16 	17
f 466 	465 	572
f 16 	572 	465
f 16 	465 	14
f 572 	555 	466
f 576 	541 	539
f 545 	547 	578
f 545 	578 	576
f 599 	578 	547
f 547 	553 	599
f 553 	602 	599
f 553 	554 	602
f 604 	605 	555
f 555 	572 	604
f 572 	17 	604
f 554 	605 	602
f 819 	602 	605
f 619 	734 	614
f 452 	271 	616
f 1224 	619 	614
f 617 	618 	616
f 617 	621 	618
f 618 	454 	616
f 616 	454 	452
f 474 	475 	621
f 621 	617 	474
f 621 	624 	618
f 621 	626 	624
f 454 	618 	628
f 624 	628 	618
f 475 	484 	626
f 626 	621 	475
f 624 	638 	628
f 635 	626 	484
f 636 	626 	635
f 632 	659 	625
f 626 	636 	624
f 636 	638 	624
f 625 	659 	657
f 635 	639 	636
f 548 	725 	542
f 525 	8690 	8684
f 531 	537 	644
f 537 	648 	644
f 537 	544 	648
f 651 	639 	635
f 989 	638 	636
f 529 	651 	635
f 639 	651 	654
f 623 	656 	619
f 623 	625 	657
f 656 	623 	657
f 632 	663 	659
f 663 	632 	637
f 663 	813 	659
f 720 	728 	721
f 721 	728 	712
f 719 	712 	728
f 514 	663 	637
f 514 	637 	513
f 725 	544 	542
f 544 	726 	648
f 725 	726 	544
f 724 	2047 	720
f 823 	648 	726
f 548 	614 	727
f 725 	548 	727
f 725 	797 	726
f 614 	734 	727
f 885 	736 	735
f 734 	801 	727
f 914 	737 	736
f 740 	737 	987
f 758 	762 	759
f 761 	762 	758
f 768 	771 	835
f 773 	838 	771
f 656 	803 	734
f 734 	803 	801
f 619 	656 	734
f 657 	806 	656
f 727 	797 	725
f 651 	799 	654
f 726 	797 	824
f 534 	541 	799
f 799 	651 	534
f 727 	801 	797
f 805 	799 	541
f 805 	811 	831
f 656 	806 	803
f 576 	811 	805
f 576 	805 	541
f 657 	809 	806
f 659 	809 	657
f 576 	578 	811
f 809 	659 	813
f 578 	599 	815
f 578 	815 	811
f 813 	851 	809
f 599 	602 	817
f 599 	817 	815
f 819 	821 	842
f 518 	813 	663
f 663 	514 	518
f 819 	817 	602
f 605 	604 	821
f 726 	824 	823
f 779 	719 	844
f 648 	823 	8773
f 712 	719 	779
f 780 	839 	773
f 779 	844 	780
f 604 	23 	821
f 780 	844 	839
f 605 	821 	819
f 824 	211 	823
f 761 	825 	762
f 23 	604 	17
f 765 	825 	761
f 805 	828 	799
f 826 	824 	797
f 799 	828 	654
f 797 	801 	826
f 830 	765 	768
f 831 	828 	805
f 830 	825 	765
f 811 	833 	831
f 832 	826 	801
f 815 	833 	811
f 801 	803 	832
f 768 	835 	830
f 815 	837 	833
f 771 	838 	835
f 846 	832 	803
f 817 	837 	815
f 803 	806 	846
f 839 	838 	773
f 819 	841 	817
f 842 	841 	819
f 839 	5144 	838
f 813 	518 	519
f 837 	817 	841
f 813 	519 	851
f 832 	926 	826
f 841 	1010 	837
f 25 	842 	821
f 809 	848 	806
f 851 	848 	809
f 25 	36 	842
f 846 	806 	848
f 25 	821 	23
f 239 	242 	855
f 239 	855 	852
f 519 	522 	851
f 858 	855 	242
f 858 	242 	857
f 858 	1614 	855
f 857 	248 	862
f 248 	298 	862
f 857 	862 	865
f 857 	865 	858
f 298 	452 	869
f 862 	298 	869
f 452 	877 	869
f 865 	862 	870
f 862 	869 	870
f 874 	872 	38
f 874 	38 	40
f 869 	879 	870
f 869 	877 	879
f 454 	628 	881
f 877 	454 	881
f 886 	879 	877
f 877 	881 	886
f 883 	874 	40
f 883 	40 	882
f 854 	912 	914
f 854 	914 	885
f 881 	892 	886
f 628 	891 	881
f 628 	638 	891
f 891 	892 	881
f 891 	896 	892
f 896 	891 	894
f 2027 	892 	896
f 894 	899 	896
f 894 	898 	899
f 901 	903 	957
f 1727 	910 	882
f 883 	882 	910
f 888 	985 	912
f 888 	983 	985
f 2198 	912 	854
f 912 	985 	987
f 912 	987 	914
f 826 	212 	824
f 824 	212 	211
f 826 	926 	212
f 929 	926 	832
f 929 	832 	846
f 929 	356 	926
f 926 	356 	354
f 846 	933 	929
f 846 	848 	933
f 933 	359 	929
f 848 	851 	937
f 937 	933 	848
f 851 	522 	937
f 937 	360 	933
f 356 	929 	359
f 434 	439 	882
f 439 	1727 	882
f 898 	953 	899
f 40 	434 	882
f 953 	898 	901
f 899 	953 	2035
f 903 	961 	957
f 953 	901 	957
f 957 	909 	2036
f 961 	909 	957
f 1355 	1356 	6519
f 1018 	965 	961
f 961 	974 	909
f 961 	965 	974
f 39 	31 	1023
f 1024 	969 	968
f 980 	981 	968
f 736 	885 	914
f 965 	968 	981
f 968 	969 	980
f 2209 	1102 	983
f 32 	980 	969
f 981 	974 	965
f 737 	914 	987
f 31 	32 	969
f 983 	993 	985
f 989 	636 	639
f 985 	994 	987
f 638 	989 	894
f 985 	993 	994
f 898 	894 	989
f 638 	894 	891
f 991 	639 	654
f 989 	639 	991
f 991 	898 	989
f 993 	983 	992
f 994 	740 	987
f 991 	654 	997
f 992 	995 	998
f 654 	828 	997
f 997 	901 	991
f 903 	901 	997
f 1000 	903 	997
f 992 	998 	993
f 991 	901 	898
f 993 	998 	758
f 997 	828 	1000
f 831 	1000 	828
f 833 	1002 	831
f 993 	758 	994
f 994 	759 	740
f 758 	759 	994
f 1002 	1000 	831
f 1000 	1002 	1018
f 1007 	995 	849
f 1000 	1018 	903
f 837 	1008 	833
f 1002 	833 	1008
f 1008 	1020 	1002
f 1007 	998 	995
f 1008 	837 	1010
f 998 	1007 	761
f 998 	761 	758
f 1010 	1024 	1008
f 841 	1012 	1010
f 1012 	841 	842
f 1013 	1063 	1061
f 842 	36 	1012
f 1013 	1016 	1063
f 1018 	961 	903
f 1002 	1020 	1018
f 1018 	1020 	965
f 1020 	968 	965
f 1024 	1010 	1023
f 1010 	1012 	1023
f 1012 	36 	39
f 1012 	39 	1023
f 1008 	1024 	1020
f 31 	969 	1023
f 1024 	968 	1020
f 1024 	1023 	969
f 1088 	2046 	499
f 2047 	724 	2046
f 1117 	1039 	1033
f 1039 	1040 	1046
f 1099 	32 	1031
f 1121 	720 	1040
f 1040 	721 	1046
f 720 	721 	1040
f 1039 	1046 	1087
f 1046 	721 	712
f 849 	1061 	1007
f 849 	1013 	1061
f 1007 	1061 	765
f 1007 	765 	761
f 1061 	768 	765
f 1061 	1063 	768
f 1016 	1017 	1065
f 1065 	1063 	1016
f 1063 	1065 	771
f 1065 	773 	771
f 1065 	1071 	773
f 1063 	771 	768
f 1017 	1033 	1071
f 1071 	1065 	1017
f 1087 	1071 	1033
f 1033 	1039 	1087
f 1087 	779 	780
f 1071 	1087 	780
f 1087 	1046 	779
f 1046 	712 	779
f 1088 	1091 	2046
f 1071 	780 	773
f 1096 	1049 	2046
f 1091 	1096 	2046
f 1095 	2221 	1097
f 849 	1095 	1097
f 1100 	1049 	1096
f 1099 	1049 	1100
f 1031 	1049 	1099
f 1097 	1111 	1013
f 1097 	1013 	849
f 1093 	959 	6531
f 983 	888 	2209
f 31 	12 	32
f 12 	1031 	32
f 1102 	1105 	992
f 992 	983 	1102
f 2219 	1095 	1105
f 1105 	995 	992
f 1105 	1095 	995
f 1095 	849 	995
f 1106 	1109 	1110
f 1110 	1107 	1106
f 1111 	1016 	1013
f 1111 	1115 	1016
f 1109 	1137 	1110
f 1115 	1017 	1016
f 1116 	1017 	1115
f 1116 	1033 	1017
f 1116 	1117 	1033
f 1117 	1118 	1039
f 1118 	1040 	1039
f 1121 	1040 	1118
f 720 	1121 	724
f 8578 	1133 	1136
f 1158 	1133 	1104
f 1109 	1318 	1137
f 1136 	1165 	1140
f 1121 	1118 	536
f 1141 	1111 	1097
f 504 	1111 	1141
f 1143 	1142 	1171
f 504 	507 	1115
f 507 	526 	1116
f 1093 	1142 	1143
f 1116 	1115 	507
f 1115 	1111 	504
f 1143 	959 	1093
f 1117 	1116 	526
f 1143 	963 	959
f 530 	1117 	526
f 963 	1143 	1172
f 530 	1118 	1117
f 963 	1172 	967
f 535 	724 	1121
f 724 	535 	499
f 1118 	530 	536
f 1121 	536 	535
f 737 	740 	1241
f 1155 	1157 	1101
f 1101 	1157 	1104
f 1158 	1104 	1157
f 1158 	1163 	1133
f 1133 	1163 	1136
f 1163 	1165 	1136
f 1165 	1168 	1140
f 1168 	1171 	1142
f 1171 	1172 	1143
f 1140 	1168 	1142
f 1364 	1365 	6513
f 956 	1435 	1184
f 1373 	956 	1362
f 1192 	525 	8641
f 976 	1231 	971
f 979 	1232 	976
f 1030 	1233 	1234
f 1030 	1032 	1233
f 979 	1030 	1234
f 1234 	1232 	979
f 825 	830 	5184
f 535 	536 	1452
f 507 	504 	1432
f 1439 	1442 	526
f 6927 	6928 	1224
f 6927 	1224 	1201
f 6928 	971 	1226
f 1226 	1224 	6928
f 971 	1231 	1226
f 976 	1232 	1231
f 1232 	625 	1231
f 1032 	1184 	1233
f 736 	737 	1239
f 737 	1241 	1239
f 1239 	3081 	736
f 1233 	1184 	513
f 637 	1233 	513
f 956 	1184 	1032
f 1243 	1241 	740
f 740 	759 	1243
f 1243 	1245 	1241
f 1192 	1244 	525
f 1244 	531 	525
f 1249 	1243 	759
f 759 	762 	1249
f 528 	531 	1244
f 532 	528 	6859
f 542 	532 	1193
f 542 	1193 	1196
f 1249 	1253 	5237
f 1201 	548 	1196
f 762 	825 	1253
f 825 	5184 	1253
f 1249 	762 	1253
f 614 	548 	1201
f 614 	1201 	1224
f 1226 	619 	1224
f 623 	1226 	1231
f 625 	623 	1231
f 1226 	623 	619
f 1232 	632 	625
f 1234 	632 	1232
f 1264 	1259 	1294
f 1259 	1266 	3042
f 1259 	1264 	1266
f 1264 	1304 	1306
f 1306 	1266 	1264
f 3045 	1275 	1277
f 1275 	1292 	1277
f 1294 	1281 	1277
f 1281 	1294 	1259
f 1292 	1275 	1288
f 1288 	1297 	1299
f 1288 	1299 	1292
f 1277 	1292 	1294
f 1288 	1286 	1297
f 1297 	1536 	1299
f 1292 	1262 	1294
f 1292 	1299 	1262
f 1294 	1262 	1264
f 1297 	1533 	1536
f 1264 	1262 	1304
f 1569 	1572 	1307
f 1266 	1306 	2167
f 1527 	1606 	1307
f 1304 	1106 	1306
f 1306 	1106 	1107
f 1286 	3074 	1313
f 1313 	1297 	1286
f 183 	1316 	1313
f 183 	231 	1316
f 1309 	1314 	1315
f 1316 	231 	852
f 1318 	1109 	1530
f 1314 	1317 	1148
f 1317 	1150 	1148
f 1318 	1319 	1139
f 1319 	1144 	1139
f 1314 	1148 	1315
f 1319 	1328 	1144
f 1318 	1139 	1137
f 1317 	872 	1323
f 1150 	1317 	1323
f 1150 	1323 	1155
f 1324 	1329 	1331
f 1324 	1331 	1328
f 1323 	1327 	1155
f 1327 	1338 	1157
f 1338 	1158 	1157
f 1327 	1157 	1155
f 1329 	1332 	1334
f 1329 	1334 	1331
f 1328 	1145 	1144
f 1328 	1331 	1145
f 1338 	1341 	1158
f 1163 	1158 	1341
f 1342 	1163 	1341
f 1342 	1344 	1165
f 1342 	1165 	1163
f 1331 	1147 	1145
f 1331 	1334 	1147
f 1197 	1147 	1334
f 1233 	637 	1234
f 1348 	1334 	1332
f 637 	632 	1234
f 8825 	1309 	8063
f 8825 	8063 	8060
f 8825 	20 	1309
f 20 	28 	1309
f 1430 	6512 	1356
f 1332 	1347 	1348
f 1348 	1197 	1334
f 1370 	1364 	6516
f 956 	6513 	1362
f 1361 	1362 	6513
f 1365 	1361 	6513
f 6513 	6516 	1364
f 1825 	1367 	1347
f 1347 	1367 	1372
f 1367 	1419 	1372
f 1347 	1372 	1348
f 1377 	1378 	1382
f 1381 	1382 	1380
f 1379 	1380 	1382
f 1428 	1377 	1382
f 1376 	1428 	1382
f 1375 	1376 	1382
f 1374 	1375 	1382
f 1348 	1383 	1197
f 1348 	1372 	1383
f 1168 	1165 	1344
f 1344 	1406 	1168
f 1171 	1168 	1406
f 1409 	1171 	1406
f 1409 	1408 	1172
f 1409 	1172 	1171
f 1408 	1307 	967
f 1408 	967 	1172
f 28 	35 	1314
f 35 	1317 	1314
f 1309 	28 	1314
f 35 	872 	1317
f 1419 	1367 	1384
f 1372 	1420 	1383
f 1372 	1419 	1420
f 1383 	1420 	1141
f 535 	1452 	1424
f 1424 	1088 	499
f 1424 	499 	535
f 1378 	1379 	1382
f 1433 	1484 	1184
f 1419 	1432 	1420
f 1435 	956 	1373
f 1191 	1433 	1184
f 1419 	1431 	1432
f 1432 	504 	1420
f 504 	1141 	1420
f 1431 	1438 	1439
f 1439 	1432 	1431
f 1439 	507 	1432
f 1439 	1438 	1442
f 526 	507 	1439
f 1442 	530 	526
f 1442 	1445 	530
f 1445 	536 	530
f 1452 	536 	1445
f 1419 	1384 	1431
f 1459 	1442 	1438
f 1459 	1460 	1445
f 1452 	1445 	1460
f 1459 	1445 	1442
f 1091 	1506 	1096
f 1506 	1091 	1462
f 1487 	1463 	1460
f 1088 	1424 	1462
f 1091 	1088 	1462
f 1460 	1463 	1452
f 1463 	1462 	1424
f 1463 	1424 	1452
f 1384 	1474 	1431
f 1191 	1184 	1435
f 1474 	1438 	1431
f 1474 	1482 	1438
f 1479 	1382 	1478
f 1480 	1382 	1479
f 1481 	1382 	1480
f 1374 	1382 	1481
f 1477 	1478 	1382
f 1574 	1575 	1382
f 1497 	1498 	1382
f 872 	874 	1323
f 513 	1184 	1484
f 1485 	513 	1484
f 1486 	514 	1485
f 1482 	1483 	1459
f 1488 	514 	1486
f 874 	883 	1327
f 1483 	1460 	1459
f 1459 	1438 	1482
f 1327 	1323 	874
f 1489 	518 	1488
f 1491 	518 	1489
f 1493 	519 	1491
f 883 	1338 	1327
f 1460 	1483 	1487
f 883 	910 	1338
f 910 	919 	1341
f 1497 	1382 	1496
f 1477 	1382 	1498
f 1341 	1338 	910
f 1494 	1462 	1463
f 1342 	1341 	919
f 1487 	1494 	1463
f 1502 	1382 	1501
f 1503 	1382 	1502
f 1504 	1382 	1503
f 1505 	1382 	1504
f 1495 	1382 	1505
f 1500 	1501 	1382
f 1496 	1382 	1495
f 1506 	1462 	1494
f 1507 	519 	1493
f 1299 	1510 	1262
f 1406 	1704 	1409
f 1408 	1709 	1307
f 1299 	1536 	1510
f 1510 	1304 	1262
f 1536 	1513 	1510
f 1510 	1515 	1304
f 1510 	1513 	1515
f 1106 	1304 	1515
f 522 	519 	1507
f 1513 	1530 	1515
f 1508 	521 	367
f 1513 	1528 	1530
f 1515 	1109 	1106
f 1515 	1530 	1109
f 1313 	1533 	1297
f 1511 	6531 	1537
f 1512 	6526 	1511
f 1358 	6524 	1512
f 1533 	1313 	1316
f 1534 	1590 	1532
f 967 	1571 	963
f 1382 	1539 	1540
f 1382 	1540 	1541
f 1382 	1541 	1542
f 1542 	1547 	1382
f 1382 	1543 	1544
f 1382 	1544 	1545
f 1382 	1545 	1546
f 1546 	1550 	1382
f 1552 	1553 	1382
f 1543 	1382 	1547
f 1550 	1551 	1382
f 1552 	1382 	1551
f 1549 	1537 	959
f 6531 	959 	1537
f 1555 	959 	1556
f 1556 	959 	1560
f 1560 	963 	1563
f 1569 	1307 	1568
f 1563 	963 	1566
f 1566 	963 	1571
f 1571 	967 	1572
f 1574 	1382 	1573
f 1578 	1382 	1577
f 1576 	1577 	1382
f 1575 	1576 	1382
f 1579 	1382 	1578
f 1500 	1382 	1579
f 1534 	422 	1588
f 1316 	1538 	1533
f 1592 	1536 	1533
f 1593 	1532 	1590
f 1592 	1533 	1538
f 1595 	1532 	1593
f 1596 	1532 	1595
f 1527 	1535 	1597
f 1588 	1590 	1534
f 1536 	1592 	1513
f 1605 	1527 	1597
f 1573 	1382 	1600
f 1600 	1382 	1553
f 1603 	1592 	1538
f 1606 	1527 	1605
f 1607 	1307 	1606
f 1568 	1307 	1607
f 1603 	1538 	1598
f 1592 	1603 	1528
f 1603 	1620 	1528
f 1592 	1528 	1513
f 967 	1307 	1572
f 1596 	1597 	1535
f 1598 	1617 	1603
f 1603 	1617 	1620
f 855 	1614 	1598
f 1617 	1598 	1614
f 1614 	1624 	1617
f 1528 	1621 	1530
f 1528 	1620 	1621
f 1318 	1530 	1621
f 1319 	1318 	1621
f 1624 	1614 	1708
f 1617 	1624 	1626
f 1617 	1626 	1620
f 1620 	1626 	1627
f 1620 	1627 	1621
f 1621 	1627 	1319
f 1626 	1324 	1627
f 1627 	1324 	1328
f 1627 	1328 	1319
f 1316 	852 	1538
f 1598 	1538 	852
f 1694 	1342 	919
f 1700 	1694 	1774
f 1694 	1344 	1342
f 1344 	1694 	1700
f 852 	855 	1598
f 1779 	1707 	1704
f 1614 	858 	1708
f 858 	865 	1708
f 1624 	1708 	1711
f 1624 	1713 	1626
f 1711 	1713 	1624
f 1626 	1713 	1324
f 1832 	1527 	1709
f 360 	359 	933
f 1711 	1715 	1713
f 1711 	1714 	1715
f 1329 	1713 	1715
f 1332 	1329 	1715
f 367 	360 	937
f 1713 	1329 	1324
f 937 	522 	367
f 1714 	1718 	1715
f 1714 	1717 	1718
f 1715 	1718 	1332
f 1754 	498 	501
f 1727 	919 	910
f 1727 	1728 	919
f 1728 	471 	1774
f 1728 	1774 	1694
f 1728 	1694 	919
f 458 	1749 	453
f 1749 	1744 	453
f 498 	1752 	458
f 1752 	1749 	458
f 1752 	498 	1754
f 1752 	1754 	1781
f 1769 	1532 	1759
f 1754 	501 	1759
f 395 	1769 	501
f 1769 	395 	397
f 1759 	501 	1769
f 397 	1534 	1769
f 422 	1534 	397
f 1534 	1532 	1769
f 471 	1744 	1774
f 1744 	1776 	1774
f 1744 	1749 	1776
f 1774 	1776 	1700
f 1776 	1749 	1779
f 1749 	1752 	1779
f 1776 	1704 	1700
f 1776 	1779 	1704
f 1832 	1781 	1754
f 1717 	1721 	1825
f 1721 	1830 	1825
f 1717 	1825 	1718
f 1718 	1347 	1332
f 1718 	1825 	1347
f 1829 	1721 	2025
f 1752 	1781 	1779
f 1830 	1721 	1829
f 1779 	1781 	1707
f 1825 	1830 	1367
f 1832 	1754 	1759
f 1384 	1367 	1830
f 1832 	1709 	1781
f 1759 	1535 	1832
f 1834 	1830 	1829
f 1781 	1709 	1707
f 1759 	1532 	1535
f 1829 	1833 	1834
f 1830 	1834 	1384
f 1527 	1832 	1535
f 1833 	1840 	1834
f 1834 	1474 	1384
f 1840 	1833 	1839
f 1834 	1840 	1474
f 1839 	1842 	1840
f 1839 	1859 	1842
f 1840 	1482 	1474
f 1840 	1842 	1482
f 1859 	1846 	1842
f 1842 	1846 	1483
f 1487 	1483 	1846
f 1842 	1483 	1482
f 1846 	1863 	1487
f 1494 	1487 	1863
f 1860 	1846 	1859
f 1860 	1863 	1846
f 1860 	1862 	1863
f 1862 	1864 	1868
f 1864 	1871 	1868
f 1864 	1869 	1871
f 1862 	1868 	1863
f 1096 	1506 	1871
f 1871 	1100 	1096
f 1494 	1863 	1868
f 980 	32 	1099
f 1869 	1864 	981
f 1868 	1871 	1506
f 1868 	1506 	1494
f 1869 	1099 	1100
f 1869 	1100 	1871
f 870 	2017 	865
f 865 	2017 	1708
f 1708 	2017 	1711
f 2017 	870 	2019
f 870 	879 	2019
f 2017 	2019 	1714
f 2019 	2021 	1717
f 2019 	1717 	1714
f 2017 	1714 	1711
f 879 	886 	2021
f 879 	2021 	2019
f 2025 	2021 	886
f 2021 	1721 	1717
f 2021 	2025 	1721
f 886 	892 	2025
f 892 	2027 	2025
f 1829 	2025 	2027
f 2029 	2027 	896
f 1829 	2027 	1833
f 2029 	896 	899
f 2027 	2029 	1833
f 2029 	1839 	1833
f 899 	2035 	2029
f 1839 	2029 	2035
f 953 	957 	2036
f 953 	2036 	2035
f 2035 	2036 	1859
f 2036 	1860 	1859
f 2035 	1859 	1839
f 2036 	909 	1860
f 909 	1862 	1860
f 974 	1862 	909
f 974 	1864 	1862
f 1869 	981 	980
f 1869 	980 	1099
f 974 	981 	1864
f 499 	2046 	724
f 728 	720 	2047
f 2048 	2054 	2055
f 2113 	2057 	2054
f 2054 	2059 	2055
f 2054 	2057 	2059
f 2055 	2059 	2063
f 2059 	2069 	2063
f 2057 	2068 	2059
f 2057 	2065 	2068
f 2069 	2059 	2068
f 2068 	2078 	2069
f 2065 	2076 	2068
f 2065 	2075 	2076
f 2078 	2068 	2076
f 2181 	2079 	2075
f 2075 	2079 	2080
f 2075 	2080 	2076
f 2076 	2088 	2078
f 2080 	2088 	2076
f 2088 	2253 	2078
f 2080 	2079 	854
f 2080 	854 	885
f 2088 	2080 	885
f 2088 	885 	735
f 2112 	2409 	2167
f 2105 	2054 	2048
f 2104 	2112 	2113
f 2112 	2119 	2113
f 2112 	2118 	2119
f 2104 	2113 	2105
f 2054 	2105 	2113
f 2113 	2119 	2057
f 2119 	2118 	2151
f 2118 	2149 	2151
f 2119 	2151 	2065
f 2119 	2065 	2057
f 2149 	2181 	2151
f 2151 	2075 	2065
f 1306 	1107 	2167
f 1107 	2118 	2167
f 2167 	2118 	2112
f 2149 	1107 	1110
f 1107 	2149 	2118
f 2180 	1110 	1137
f 2149 	1110 	2180
f 2181 	2149 	2180
f 2151 	2181 	2075
f 2183 	2180 	1137
f 1137 	1139 	2183
f 2180 	2184 	2181
f 2180 	2183 	2184
f 2181 	2184 	2079
f 2202 	2183 	1139
f 2198 	2079 	2184
f 854 	2079 	2198
f 2206 	888 	2198
f 2206 	2209 	888
f 2198 	888 	912
f 2202 	1139 	1144
f 2183 	2202 	2206
f 2202 	2207 	2209
f 2202 	2209 	2206
f 2183 	2206 	2184
f 2206 	2198 	2184
f 2207 	2202 	1144
f 1144 	1145 	2207
f 1145 	1147 	2212
f 2212 	2207 	1145
f 2207 	2212 	1102
f 2207 	1102 	2209
f 2219 	2212 	1147
f 2212 	1105 	1102
f 1147 	1197 	2219
f 2212 	2219 	1105
f 2221 	2219 	1197
f 1197 	1383 	2221
f 2219 	2221 	1095
f 2221 	1383 	1141
f 2221 	1141 	1097
f 2231 	2232 	2226
f 2048 	2055 	2231
f 2231 	2055 	2247
f 2231 	2247 	2232
f 2063 	2069 	2242
f 2242 	2237 	2063
f 2055 	2063 	2247
f 2063 	2237 	2247
f 2242 	2069 	2250
f 2069 	2078 	2250
f 2253 	2412 	2250
f 2250 	2078 	2253
f 735 	2253 	2088
f 2256 	2306 	2258
f 2271 	2306 	2256
f 2306 	2226 	2258
f 2262 	2271 	2256
f 2270 	2271 	2262
f 1700 	1704 	1406
f 1344 	1700 	1406
f 1408 	1409 	1707
f 1409 	1704 	1707
f 1408 	1707 	1709
f 1307 	1709 	1527
f 2270 	2268 	2104
f 2270 	2104 	2105
f 2270 	2105 	2271
f 2271 	2048 	2306
f 2271 	2105 	2048
f 2231 	2226 	2306
f 2306 	2048 	2231
f 2409 	2104 	2268
f 2167 	2409 	1266
f 2409 	2112 	2104
f 2413 	2414 	2410
f 2410 	2414 	2590
f 2253 	3077 	2412
f 3077 	3079 	2412
f 2412 	3079 	2413
f 2414 	2413 	3095
f 3095 	305 	2414
f 2419 	2556 	2564
f 2423 	2419 	2564
f 2423 	2565 	2424
f 2564 	2565 	2423
f 2445 	2437 	2689
f 2445 	2448 	2437
f 2445 	2458 	2448
f 2437 	2448 	2438
f 2438 	2450 	2443
f 2448 	2450 	2438
f 2226 	2458 	2445
f 2461 	2450 	2448
f 2458 	2461 	2448
f 2226 	2232 	2458
f 2232 	2463 	2458
f 2458 	2463 	2461
f 2463 	2419 	2461
f 2463 	2556 	2419
f 2555 	2463 	2232
f 2555 	2556 	2463
f 2469 	2791 	2468
f 2475 	2477 	2796
f 2438 	2443 	2468
f 2503 	2470 	2469
f 2470 	2505 	2473
f 2473 	2507 	2475
f 2475 	2510 	2477
f 2507 	2510 	2475
f 2511 	2480 	2477
f 2510 	2511 	2477
f 2443 	2450 	2489
f 2538 	2489 	2450
f 2489 	2539 	2490
f 2490 	2547 	2497
f 2539 	2547 	2490
f 2443 	2469 	2468
f 2443 	2503 	2469
f 2505 	2470 	2503
f 2505 	2507 	2473
f 2489 	2503 	2443
f 2505 	2503 	2490
f 2489 	2490 	2503
f 2490 	2497 	2505
f 2505 	2497 	2507
f 2498 	2510 	2507
f 2497 	2498 	2507
f 2498 	2630 	2510
f 2510 	2630 	2511
f 2450 	2461 	2538
f 2538 	2539 	2489
f 2538 	2423 	2539
f 2497 	2548 	2498
f 2547 	2548 	2497
f 2419 	2538 	2461
f 2419 	2423 	2538
f 2539 	2424 	2547
f 2423 	2424 	2539
f 2547 	2640 	2548
f 2424 	2640 	2547
f 2232 	2247 	2555
f 2247 	2237 	2555
f 2237 	2557 	2555
f 2237 	2242 	2561
f 2237 	2561 	2557
f 2555 	2557 	2556
f 2556 	2570 	2564
f 2557 	2570 	2556
f 2570 	2571 	2564
f 2564 	2571 	2565
f 2570 	2557 	2573
f 2561 	2573 	2557
f 2573 	2579 	2570
f 2570 	2579 	2571
f 2561 	2588 	2410
f 2410 	2573 	2561
f 2410 	2590 	2573
f 2588 	2242 	2250
f 2588 	2561 	2242
f 2588 	2250 	2412
f 2588 	2413 	2410
f 2412 	2413 	2588
f 2573 	2590 	2579
f 86 	2579 	2590
f 2590 	97 	86
f 2424 	2648 	2640
f 2480 	2511 	2629
f 2629 	2511 	2631
f 2511 	2630 	2631
f 2638 	2630 	2498
f 2630 	42 	2631
f 42 	129 	2631
f 2638 	2498 	2548
f 2630 	2638 	42
f 45 	2638 	2548
f 45 	2548 	2640
f 45 	49 	2638
f 2638 	49 	42
f 70 	45 	2640
f 2424 	2565 	2648
f 2648 	70 	2640
f 58 	2648 	2565
f 2565 	2571 	58
f 58 	59 	2648
f 2571 	61 	58
f 2571 	2579 	61
f 86 	61 	2579
f 2590 	2414 	97
f 2827 	2677 	2679
f 2653 	2652 	2752
f 2688 	2677 	2653
f 2677 	2689 	2679
f 2752 	2688 	2653
f 2689 	2677 	2688
f 2688 	2258 	2689
f 2679 	2437 	2681
f 2689 	2437 	2679
f 2681 	2438 	2468
f 2437 	2438 	2681
f 2256 	2258 	2688
f 2258 	2445 	2689
f 2258 	2226 	2445
f 2747 	2779 	2750
f 2652 	2750 	2752
f 2750 	2779 	2262
f 2750 	2262 	2752
f 2747 	3038 	2779
f 2752 	2256 	2688
f 2752 	2262 	2256
f 2268 	2779 	3038
f 2779 	2268 	2270
f 2779 	2270 	2262
f 2790 	2789 	2468
f 2681 	2468 	2789
f 2790 	2468 	2791
f 2793 	2791 	2470
f 2469 	2470 	2791
f 2470 	2473 	2793
f 2795 	2793 	2473
f 2475 	2796 	2795
f 2473 	2475 	2795
f 2826 	2825 	2653
f 2826 	2653 	2677
f 2826 	2677 	2827
f 2679 	2828 	2827
f 2828 	2679 	2681
f 2828 	2681 	2789
f 2906 	2907 	2833
f 2907 	2908 	2833
f 2908 	2909 	2833
f 2825 	2826 	2833
f 2827 	2833 	2826
f 2828 	2833 	2827
f 2789 	2833 	2828
f 2833 	2789 	2790
f 2790 	2791 	2833
f 2791 	2793 	2833
f 2793 	2795 	2833
f 2795 	2796 	2833
f 2796 	2798 	2833
f 2798 	2845 	2833
f 2796 	2477 	2798
f 2845 	2798 	2480
f 2477 	2480 	2798
f 2846 	2480 	2848
f 2480 	2846 	2845
f 2848 	2850 	2846
f 2833 	2853 	2854
f 2833 	2854 	2855
f 2855 	2985 	2833
f 2833 	2845 	2846
f 2846 	2856 	2833
f 2833 	2856 	2853
f 2853 	2897 	2854
f 2899 	2897 	2853
f 2897 	2987 	2854
f 2854 	2987 	2855
f 2987 	2990 	2855
f 2846 	2850 	2856
f 2850 	2899 	2856
f 2856 	2899 	2853
f 2985 	2905 	2833
f 2905 	2906 	2833
f 2833 	2909 	2910
f 2910 	2825 	2833
f 2910 	2909 	2970
f 2977 	2970 	2909
f 2652 	2825 	2970
f 2910 	2970 	2825
f 2825 	2652 	2653
f 2970 	2977 	2747
f 2970 	2747 	2750
f 2970 	2750 	2652
f 2974 	2907 	2906
f 2975 	2908 	2907
f 2907 	2974 	2975
f 2908 	2975 	2977
f 2908 	2977 	2909
f 2974 	3050 	2975
f 2985 	2855 	2990
f 2985 	2990 	2905
f 2991 	2905 	2990
f 2905 	2992 	2906
f 2905 	2991 	2992
f 2992 	2974 	2906
f 3059 	3061 	2897
f 2897 	2899 	3059
f 2987 	3001 	2990
f 3001 	2987 	3061
f 2990 	3001 	3044
f 3044 	2991 	2990
f 2974 	3047 	3050
f 2975 	3035 	2977
f 2975 	3050 	3035
f 2977 	3035 	2747
f 2629 	2848 	2480
f 3035 	3037 	3038
f 3038 	2747 	3035
f 3037 	1281 	1259
f 1259 	3042 	3037
f 3037 	3042 	3038
f 3042 	2268 	3038
f 3042 	1266 	2409
f 3042 	2409 	2268
f 3044 	3045 	2991
f 3044 	1275 	3045
f 2991 	3045 	2992
f 2974 	2992 	3047
f 3047 	2992 	3045
f 3044 	3001 	3053
f 3044 	3053 	1275
f 3053 	1288 	1275
f 3045 	1277 	3047
f 3047 	1277 	1281
f 3047 	1281 	3050
f 3050 	3037 	3035
f 3050 	1281 	3037
f 3053 	3071 	1286
f 1288 	3053 	1286
f 2899 	3058 	3059
f 2897 	3061 	2987
f 2848 	2629 	3063
f 3063 	2850 	2848
f 2850 	3058 	2899
f 3063 	3058 	2850
f 115 	3058 	113
f 3058 	115 	3059
f 3059 	3064 	3061
f 115 	3064 	3059
f 3064 	3071 	3061
f 3071 	3001 	3061
f 2629 	2631 	120
f 120 	3063 	2629
f 3063 	113 	3058
f 120 	113 	3063
f 128 	3064 	115
f 2631 	129 	120
f 3064 	3074 	3071
f 3071 	3053 	3001
f 3074 	3064 	128
f 3071 	3074 	1286
f 3074 	128 	183
f 3074 	183 	1313
f 2253 	735 	3077
f 3077 	3082 	3079
f 3081 	3077 	735
f 735 	736 	3081
f 3081 	3082 	3077
f 3085 	3081 	1239
f 3081 	3085 	3082
f 3090 	3099 	3085
f 3090 	3085 	1239
f 1241 	3090 	1239
f 1241 	1245 	3090
f 3166 	3102 	5175
f 3095 	2413 	3079
f 3096 	3095 	3079
f 3096 	3079 	3082
f 3096 	307 	3095
f 311 	307 	3096
f 3095 	307 	305
f 3097 	3096 	3082
f 3082 	3085 	3097
f 3097 	311 	3096
f 314 	3097 	3099
f 3085 	3099 	3097
f 3100 	3099 	3090
f 3090 	1245 	3100
f 3100 	316 	3099
f 3102 	3100 	1245
f 3100 	320 	316
f 3102 	320 	3100
f 3102 	373 	320
f 3166 	373 	3102
f 3166 	380 	373
f 243 	380 	3166
f 3200 	10 	3189
f 3179 	10 	3178
f 3168 	3169 	728
f 3169 	3170 	728
f 3170 	3171 	728
f 3175 	728 	3171
f 3221 	3222 	3206
f 3178 	728 	3177
f 3199 	10 	3200
f 3185 	3172 	3223
f 3172 	3173 	3223
f 3173 	3174 	3223
f 3174 	3206 	3223
f 3175 	3176 	728
f 3186 	728 	3176
f 3187 	728 	3186
f 3177 	728 	3187
f 3187 	3188 	3177
f 3195 	3191 	3236
f 3193 	3236 	3192
f 3194 	3236 	3193
f 3181 	3236 	3194
f 3191 	3192 	3236
f 3196 	10 	3197
f 3197 	10 	3198
f 3198 	10 	3199
f 728 	3178 	10
f 3189 	10 	3179
f 3201 	10 	3202
f 3196 	3203 	10
f 3202 	10 	3203
f 3222 	3223 	3206
f 3205 	3221 	3206
f 3205 	3206 	3207
f 3205 	3207 	3208
f 3209 	3210 	3208
f 3205 	3208 	3210
f 728 	2047 	3213
f 3213 	3214 	728
f 3168 	728 	3214
f 3215 	3216 	2046
f 3216 	3217 	2046
f 3217 	3218 	2046
f 3218 	3219 	2046
f 3219 	3211 	2046
f 3226 	3224 	3185
f 3223 	3226 	3185
f 3225 	3220 	3185
f 3220 	3235 	3185
f 3235 	3236 	3185
f 3224 	3225 	3185
f 2047 	2046 	3211
f 3229 	3230 	1049
f 3230 	3231 	1049
f 2046 	1049 	3231
f 3231 	3228 	2046
f 3228 	3215 	2046
f 3234 	3236 	3233
f 3195 	3236 	3190
f 3190 	3236 	3234
f 3184 	3185 	3236
f 3182 	3183 	3236
f 3183 	3184 	3236
f 3181 	3182 	3236
f 3232 	3256 	3236
f 3232 	3236 	3237
f 3232 	3237 	3238
f 3232 	3238 	3239
f 3232 	3239 	3240
f 3232 	3240 	3241
f 3232 	3241 	3242
f 3232 	3242 	3243
f 3242 	3241 	3244
f 1049 	1031 	3245
f 1049 	3245 	3229
f 3246 	3247 	12
f 3246 	12 	3249
f 3247 	3250 	12
f 1031 	12 	3250
f 3261 	3251 	12
f 3251 	3248 	12
f 3248 	3249 	12
f 3201 	3253 	10
f 3253 	3254 	10
f 11 	10 	3254
f 3256 	3257 	3236
f 3257 	3258 	3236
f 3259 	3236 	3258
f 3260 	3236 	3259
f 3233 	3236 	3260
f 12 	11 	3262
f 12 	3262 	3263
f 3263 	3264 	12
f 3261 	12 	3264
f 719 	728 	5054
f 839 	5143 	5144
f 839 	844 	5143
f 830 	835 	5061
f 5138 	5061 	835
f 838 	5138 	835
f 5144 	5138 	838
f 5143 	844 	5054
f 844 	719 	5054
f 728 	10 	5169
f 5054 	728 	5169
f 1243 	1249 	5175
f 5175 	1245 	1243
f 3102 	1245 	5175
f 830 	5061 	5184
f 1253 	5184 	5240
f 5061 	5242 	5184
f 5061 	5243 	5242
f 5061 	5138 	5243
f 5144 	5245 	5138
f 5054 	5169 	5143
f 1249 	5237 	5175
f 3166 	5175 	5237
f 243 	3166 	5237
f 1253 	5240 	5237
f 243 	5237 	5240
f 5242 	5240 	5184
f 5242 	357 	245
f 5243 	357 	5242
f 5138 	5245 	5243
f 5248 	363 	5245
f 5169 	5248 	5143
f 1 	5248 	5169
f 5248 	1 	363
f 5144 	5143 	5248
f 5248 	5245 	5144
f 245 	243 	5240
f 5240 	5242 	245
f 5245 	362 	5243
f 5245 	363 	362
f 362 	357 	5243
f 1370 	6516 	1430
f 6519 	1356 	6512
f 6512 	1430 	6516
f 6519 	6524 	1355
f 964 	6524 	1358
f 964 	1355 	6524
f 6526 	1512 	6524
f 6531 	1511 	6526
f 1555 	1549 	959
f 963 	1560 	959
f 6618 	6532 	6534
f 6605 	6606 	6590
f 6590 	6606 	6592
f 6592 	6594 	6557
f 6557 	6594 	6584
f 6584 	6595 	6586
f 6594 	6595 	6584
f 6595 	6596 	6586
f 6592 	6607 	6594
f 6606 	6607 	6592
f 6632 	6594 	6607
f 6608 	6610 	6605
f 6620 	6610 	6608
f 6605 	6610 	6606
f 6610 	6612 	6606
f 6606 	6612 	6607
f 6607 	6634 	6632
f 6612 	6634 	6607
f 6620 	6621 	6610
f 6532 	6618 	6608
f 6618 	6620 	6608
f 6620 	6624 	6621
f 6623 	6624 	6620
f 6610 	6621 	6612
f 6534 	6552 	6622
f 6622 	6618 	6534
f 6622 	6623 	6618
f 6552 	6852 	6622
f 6618 	6623 	6620
f 6853 	6855 	6623
f 6623 	6855 	6624
f 6594 	6632 	6595
f 6595 	6633 	6596
f 6632 	6633 	6595
f 6632 	8625 	6633
f 6634 	8625 	6632
f 6612 	6637 	6634
f 6637 	6612 	6621
f 6621 	6624 	1192
f 6624 	1244 	1192
f 6621 	1192 	6637
f 8641 	8633 	6637
f 6637 	1192 	8641
f 6624 	6855 	1244
f 6552 	6653 	6852
f 6657 	6653 	8088
f 6657 	6659 	6653
f 6657 	6666 	6659
f 6663 	6674 	6664
f 6666 	6657 	6664
f 6663 	6672 	6674
f 6674 	6677 	6664
f 6664 	6677 	6666
f 6744 	6677 	6674
f 6699 	6696 	8223
f 6710 	979 	6705
f 6710 	1030 	979
f 6710 	6714 	1030
f 6714 	6716 	1032
f 1032 	6716 	956
f 6714 	1032 	1030
f 956 	6716 	6513
f 6721 	6747 	6744
f 6723 	6747 	6721
f 6691 	6729 	6728
f 6693 	6696 	6731
f 6513 	6733 	6516
f 6674 	6721 	6744
f 6749 	6747 	6723
f 6723 	6724 	6749
f 6749 	6724 	6705
f 6724 	6728 	6705
f 6710 	6705 	6728
f 6728 	6729 	6710
f 6729 	6731 	6714
f 6716 	6714 	6731
f 6733 	6716 	6731
f 6714 	6710 	6729
f 6733 	6513 	6716
f 6674 	6672 	6721
f 6672 	6824 	6721
f 6681 	6723 	6824
f 6824 	6723 	6721
f 6681 	6684 	6724
f 6681 	6724 	6723
f 6728 	6684 	6691
f 6684 	6728 	6724
f 6691 	6693 	6729
f 6731 	6729 	6693
f 6699 	6733 	6696
f 6516 	6733 	6699
f 6516 	6699 	6512
f 6733 	6731 	6696
f 6831 	1196 	6923
f 6831 	1201 	1196
f 6831 	6927 	1201
f 6622 	6853 	6623
f 6853 	6622 	6852
f 6858 	6853 	6852
f 6853 	6859 	6855
f 6653 	6659 	6852
f 6659 	6858 	6852
f 6659 	6923 	6858
f 6859 	6853 	6858
f 6859 	528 	6855
f 6855 	528 	1244
f 6923 	6659 	6666
f 6923 	1193 	6858
f 6858 	1193 	6859
f 1193 	532 	6859
f 6923 	6666 	6831
f 6666 	6677 	6831
f 6923 	1196 	1193
f 6927 	6831 	6677
f 6928 	6744 	6747
f 6749 	971 	6747
f 971 	6928 	6747
f 6749 	6705 	976
f 6705 	979 	976
f 976 	971 	6749
f 6927 	6677 	6744
f 6744 	6928 	6927
f 6932 	6936 	6934
f 6932 	6935 	6936
f 6935 	6952 	6936
f 6935 	6951 	6952
f 6941 	6947 	6942
f 6942 	6932 	6938
f 6939 	6943 	6945
f 6945 	6941 	6939
f 6947 	6941 	6945
f 6942 	6935 	6932
f 6942 	6947 	6935
f 6989 	6990 	6945
f 6947 	6951 	6935
f 6936 	6952 	6960
f 6936 	6960 	7513
f 6951 	6963 	6952
f 6951 	6962 	6963
f 6952 	6532 	6960
f 6952 	6963 	6532
f 6971 	6963 	6962
f 6963 	6971 	6534
f 6963 	6534 	6532
f 6962 	6970 	6971
f 6970 	6973 	6971
f 6973 	6970 	6972
f 6971 	6552 	6534
f 6971 	6973 	6552
f 6972 	8081 	8088
f 8088 	6973 	6972
f 6653 	6552 	6973
f 6943 	7877 	6988
f 6943 	6988 	6989
f 6988 	6994 	6989
f 6943 	6989 	6945
f 6947 	6945 	6990
f 6947 	6990 	6951
f 6987 	7027 	6993
f 6993 	6988 	6987
f 6994 	6988 	6993
f 6989 	6994 	6996
f 6994 	7013 	6996
f 6989 	6996 	6990
f 6990 	6962 	6951
f 6990 	6996 	6962
f 6994 	7010 	7013
f 6996 	6970 	6962
f 6996 	7013 	6970
f 6993 	7010 	6994
f 7010 	6993 	7009
f 7010 	7017 	7013
f 7009 	7014 	7016
f 7009 	7016 	7010
f 7017 	7010 	7016
f 7013 	7017 	6972
f 7013 	6972 	6970
f 7016 	8285 	8286
f 7016 	8286 	7017
f 7017 	8081 	6972
f 7027 	7009 	6993
f 7027 	7031 	7009
f 7031 	7035 	7014
f 7031 	7014 	7009
f 7474 	7475 	7040
f 7054 	7056 	7043
f 7043 	7056 	7047
f 7054 	7067 	7052
f 7047 	7057 	7048
f 7056 	7057 	7047
f 7056 	7455 	7057
f 7064 	7070 	7065
f 7040 	7070 	7064
f 7065 	7070 	7052
f 7065 	7052 	7067
f 7040 	7475 	7070
f 7076 	7065 	7077
f 7076 	7064 	7065
f 7077 	7067 	7078
f 7065 	7067 	7077
f 7067 	7043 	7078
f 7067 	7054 	7043
f 7079 	7078 	7043
f 7043 	7047 	7079
f 7079 	7047 	7080
f 7047 	7048 	7080
f 7081 	7080 	7048
f 7096 	7082 	7048
f 7048 	7057 	7099
f 7099 	7096 	7048
f 7096 	7100 	7097
f 7099 	7100 	7096
f 7100 	7101 	7097
f 7081 	7048 	7082
f 7097 	7105 	7082
f 7097 	7082 	7096
f 7109 	7106 	7105
f 7109 	7105 	7097
f 7109 	7110 	7106
f 7106 	7110 	7107
f 7110 	7113 	7107
f 7107 	7113 	7108
f 7101 	7109 	7097
f 7110 	7109 	7115
f 7109 	7101 	7115
f 7115 	7118 	7110
f 7110 	7118 	7113
f 7557 	7612 	7115
f 7118 	7612 	7892
f 7122 	7135 	7121
f 7121 	7665 	7666
f 7121 	7666 	7122
f 7122 	7474 	7040
f 7122 	7666 	7474
f 7132 	7121 	7135
f 7132 	7253 	7121
f 7138 	7135 	7122
f 7138 	7122 	7040
f 7138 	7040 	7064
f 7077 	7078 	7143
f 7078 	7079 	7143
f 7079 	7080 	7143
f 7080 	7081 	7143
f 7081 	7082 	7143
f 7082 	7105 	7143
f 7105 	7106 	7143
f 7106 	7107 	7143
f 7107 	7108 	7143
f 7108 	7267 	7143
f 7143 	7267 	7268
f 7268 	7269 	7143
f 7269 	7270 	7143
f 7270 	7272 	7143
f 7143 	7272 	7228
f 7221 	7222 	7143
f 7222 	7223 	7143
f 7143 	7223 	7076
f 7076 	7077 	7143
f 7221 	7132 	7135
f 7221 	7135 	7222
f 7135 	7138 	7222
f 7223 	7222 	7138
f 7064 	7076 	7138
f 7223 	7138 	7076
f 7143 	7228 	7229
f 7229 	7230 	7143
f 7143 	7230 	7232
f 7232 	7233 	7143
f 7233 	7221 	7143
f 7238 	7229 	7228
f 7238 	7230 	7229
f 7233 	7232 	7127
f 7127 	7232 	7240
f 7233 	7127 	7132
f 7132 	7221 	7233
f 7230 	7238 	7239
f 7230 	7240 	7232
f 7230 	7239 	7240
f 7238 	7244 	7247
f 7238 	7247 	7239
f 7239 	7249 	7240
f 7239 	7247 	7249
f 7240 	7249 	7251
f 7240 	7251 	7127
f 7127 	7253 	7132
f 7127 	7251 	7253
f 7247 	7736 	7249
f 7251 	7663 	7253
f 7244 	7734 	7247
f 7736 	7247 	7734
f 7277 	7268 	7276
f 7267 	7276 	7268
f 7268 	7301 	7269
f 7277 	7301 	7268
f 7269 	7302 	7270
f 7301 	7302 	7269
f 7302 	7323 	7270
f 7323 	7272 	7270
f 7267 	7108 	7276
f 7113 	7276 	7108
f 7316 	7276 	7315
f 7276 	7316 	7277
f 7277 	7383 	7301
f 7316 	7383 	7277
f 7315 	7276 	7113
f 7113 	7118 	7315
f 7892 	7315 	7118
f 7323 	7325 	7272
f 7323 	7387 	7388
f 7323 	7388 	7325
f 7325 	7228 	7272
f 7325 	7238 	7228
f 7301 	7383 	7386
f 7301 	7386 	7302
f 7302 	7387 	7323
f 7386 	7387 	7302
f 7325 	7244 	7238
f 7244 	7325 	7388
f 7383 	7316 	7882
f 7914 	7387 	7386
f 7387 	7918 	7388
f 7918 	7387 	7914
f 7399 	7401 	7396
f 7498 	7505 	7399
f 7506 	7401 	7399
f 7054 	7454 	7056
f 7452 	7454 	7054
f 7454 	7455 	7056
f 7460 	7462 	7454
f 7454 	7462 	7455
f 7458 	7460 	7452
f 7458 	7466 	7460
f 7452 	7460 	7454
f 7460 	7467 	7462
f 7401 	7458 	7396
f 7458 	7401 	7466
f 7466 	7467 	7460
f 7467 	7536 	7462
f 7401 	6557 	7466
f 7466 	6584 	7467
f 7474 	7494 	7475
f 7052 	7070 	7478
f 7475 	7478 	7070
f 7452 	7052 	7478
f 7458 	7452 	7478
f 7054 	7052 	7452
f 7666 	7493 	7474
f 7494 	7474 	7493
f 7494 	7396 	7475
f 7498 	7494 	7493
f 7475 	7396 	7478
f 7396 	7458 	7478
f 7497 	7675 	6938
f 6938 	6932 	7497
f 7493 	7497 	7498
f 7494 	7399 	7396
f 7494 	7498 	7399
f 6934 	7497 	6932
f 7498 	7497 	6934
f 7505 	7498 	6934
f 7505 	7506 	7399
f 7506 	6557 	7401
f 6557 	6584 	7466
f 7513 	7505 	6934
f 6934 	6936 	7513
f 7513 	6590 	7505
f 7513 	6605 	6590
f 7506 	7505 	6590
f 6590 	6592 	7506
f 7506 	6592 	6557
f 7513 	6960 	6605
f 7518 	7099 	7057
f 7057 	7455 	7518
f 7518 	7527 	7099
f 7518 	7533 	7527
f 7099 	7527 	7100
f 7455 	7531 	7518
f 7455 	7462 	7531
f 7533 	7518 	7531
f 7533 	7535 	7527
f 7537 	7533 	7531
f 7552 	7527 	7535
f 7462 	7536 	7531
f 7536 	7537 	7531
f 7533 	7538 	7535
f 7537 	7538 	7533
f 7634 	7635 	7538
f 6586 	7536 	7467
f 7467 	6584 	6586
f 7536 	7633 	7537
f 7634 	7538 	7537
f 7552 	7101 	7100
f 7100 	7527 	7552
f 7552 	7557 	7101
f 7101 	7557 	7115
f 7115 	7612 	7118
f 7552 	7620 	7557
f 7535 	7620 	7552
f 7620 	7622 	7557
f 7612 	7557 	7622
f 7627 	7622 	7620
f 7535 	7538 	7625
f 7625 	7620 	7535
f 7625 	7627 	7620
f 7538 	7635 	7625
f 7633 	7536 	6586
f 7633 	7634 	7537
f 6596 	7633 	6586
f 7633 	7642 	7634
f 6596 	7642 	7633
f 8789 	7634 	7642
f 7635 	7634 	8789
f 8789 	51 	7635
f 7661 	7671 	7663
f 7253 	7665 	7121
f 7253 	7663 	7665
f 7665 	7673 	7675
f 7665 	7675 	7666
f 7663 	7671 	7673
f 7663 	7673 	7665
f 7675 	7493 	7666
f 7675 	7497 	7493
f 7671 	7694 	7680
f 7671 	7680 	7683
f 7671 	7683 	7673
f 7673 	6938 	7675
f 7673 	7683 	6938
f 7680 	6941 	7683
f 7680 	6939 	6941
f 7683 	6941 	6942
f 7683 	6942 	6938
f 7661 	7251 	7249
f 7661 	7249 	7736
f 7661 	7663 	7251
f 7694 	7671 	7661
f 7694 	7745 	7699
f 7699 	7680 	7694
f 7680 	7699 	6939
f 7388 	7918 	7732
f 7732 	7244 	7388
f 7734 	7244 	7732
f 7918 	7741 	7732
f 7732 	7743 	7734
f 7732 	7741 	7743
f 7734 	7745 	7736
f 7734 	7743 	7745
f 7736 	7745 	7694
f 7694 	7661 	7736
f 7741 	7863 	7866
f 7741 	7866 	7743
f 7743 	7697 	7745
f 7866 	7697 	7743
f 7745 	7697 	7699
f 7863 	7974 	7866
f 7871 	7866 	7974
f 7866 	7871 	7697
f 7697 	7871 	7872
f 7871 	7877 	7872
f 7697 	7872 	7699
f 7699 	7872 	6939
f 7978 	7877 	7871
f 7872 	7877 	6943
f 7872 	6943 	6939
f 6987 	7877 	7978
f 7877 	6987 	6988
f 7383 	7887 	7386
f 7882 	7887 	7383
f 7882 	7921 	7887
f 7891 	7316 	7315
f 7315 	7892 	7891
f 7882 	7316 	7891
f 7892 	7895 	7891
f 7892 	7896 	7895
f 7882 	7891 	7898
f 7895 	7898 	7891
f 7882 	7898 	7921
f 7612 	7622 	7896
f 7896 	7892 	7612
f 7896 	7901 	7902
f 7896 	7902 	7895
f 7895 	7903 	7898
f 7902 	7903 	7895
f 7622 	7901 	7896
f 7901 	7622 	7627
f 7887 	7914 	7386
f 7914 	7887 	7924
f 7887 	7921 	7924
f 7914 	7924 	7930
f 7924 	7941 	7930
f 7914 	7930 	7918
f 7918 	7930 	7741
f 7898 	7938 	7921
f 7898 	7903 	7938
f 7921 	7938 	7939
f 7939 	7924 	7921
f 7941 	7924 	7939
f 7930 	7863 	7741
f 7930 	7941 	7863
f 7960 	7938 	7903
f 7939 	7938 	7962
f 7960 	7962 	7938
f 7970 	7863 	7941
f 7978 	8050 	6987
f 6987 	8050 	7027
f 6960 	6532 	6608
f 6960 	6608 	6605
f 7965 	7941 	7939
f 7962 	7965 	7939
f 7970 	7941 	7965
f 7974 	7863 	7970
f 8822 	7962 	7960
f 7962 	7975 	7965
f 7965 	7975 	7976
f 7975 	8044 	7976
f 7965 	7976 	7970
f 7970 	7977 	7974
f 7970 	7976 	7977
f 7871 	7974 	7978
f 7974 	7977 	7978
f 8050 	7978 	7977
f 8044 	8049 	7976
f 7976 	8049 	7977
f 7977 	8049 	8050
f 8072 	8051 	8044
f 8044 	8052 	8049
f 8044 	8051 	8052
f 8049 	8054 	8050
f 8049 	8052 	8054
f 8050 	8054 	7027
f 8054 	7031 	7027
f 8051 	8060 	8052
f 8052 	8060 	8062
f 8060 	8065 	8062
f 8060 	8063 	8065
f 8052 	8062 	8054
f 8062 	7031 	8054
f 8062 	7035 	7031
f 8062 	8065 	7035
f 1315 	8063 	1309
f 8063 	1315 	8613
f 8063 	8613 	8065
f 8044 	7975 	8072
f 8072 	9 	8051
f 8081 	8098 	8088
f 6653 	6973 	8088
f 8098 	8081 	8097
f 6657 	8088 	8098
f 8097 	8100 	6663
f 8100 	8163 	6672
f 8100 	6672 	6663
f 8098 	8097 	6663
f 8098 	6663 	6664
f 8098 	6664 	6657
f 8260 	8163 	8100
f 8167 	8206 	6681
f 6681 	6824 	8167
f 6681 	8206 	6684
f 8206 	8210 	6684
f 6684 	8210 	6691
f 8210 	8215 	6691
f 8215 	8210 	8314
f 8321 	8218 	8215
f 8215 	8218 	6693
f 6696 	6693 	8218
f 8215 	6693 	6691
f 8218 	8223 	6696
f 8223 	8225 	6699
f 8225 	6512 	6699
f 6512 	8225 	6519
f 8206 	8167 	8310
f 8314 	8321 	8215
f 6519 	8225 	8326
f 8163 	8167 	6824
f 6824 	6672 	8163
f 8256 	8097 	8286
f 8256 	8100 	8097
f 8256 	8260 	8100
f 8258 	8261 	8263
f 8258 	8263 	8260
f 8263 	8163 	8260
f 8522 	8339 	8261
f 8263 	8167 	8163
f 7016 	7014 	8285
f 7014 	8284 	8285
f 8081 	7017 	8286
f 8284 	8289 	8291
f 8284 	8291 	8285
f 8285 	8256 	8286
f 8285 	8291 	8256
f 8286 	8097 	8081
f 8291 	8289 	8258
f 8499 	8258 	8289
f 8291 	8258 	8260
f 8291 	8260 	8256
f 8261 	8258 	8499
f 8499 	8522 	8261
f 8263 	8261 	8310
f 8339 	8310 	8261
f 8167 	8263 	8310
f 8206 	8310 	8312
f 8312 	8210 	8206
f 8312 	8314 	8210
f 8322 	8321 	8352
f 8321 	8322 	8218
f 6524 	6519 	8326
f 8322 	8223 	8218
f 8322 	8327 	8223
f 8327 	8326 	8225
f 8327 	8225 	8223
f 8339 	8522 	8550
f 8339 	8345 	8312
f 8314 	8312 	8345
f 8339 	8312 	8310
f 8345 	8349 	8314
f 8349 	8321 	8314
f 8321 	8349 	8352
f 8322 	8352 	8354
f 8327 	8322 	8354
f 8357 	8326 	8327
f 8354 	8357 	8327
f 8362 	8326 	8357
f 6524 	8326 	8362
f 8362 	6526 	6524
f 8541 	8362 	8357
f 7035 	8065 	8365
f 7035 	8365 	8284
f 7035 	8284 	7014
f 8365 	8371 	8289
f 8371 	8499 	8289
f 8365 	8289 	8284
f 8368 	8494 	8498
f 8494 	8520 	8498
f 8368 	8498 	8371
f 8499 	8371 	8498
f 1150 	1155 	8500
f 1155 	1101 	8500
f 8520 	8494 	8500
f 8498 	8520 	8522
f 8498 	8522 	8499
f 8520 	8550 	8522
f 8345 	8339 	8550
f 8526 	8345 	8550
f 8526 	8530 	8349
f 8530 	8352 	8349
f 8526 	8349 	8345
f 8530 	8533 	8352
f 8354 	8352 	8533
f 8533 	8538 	8354
f 8538 	8357 	8354
f 8538 	8541 	8357
f 8541 	8543 	8362
f 8362 	8543 	6526
f 6526 	8543 	6531
f 8553 	8526 	8550
f 8530 	8526 	8554
f 8538 	8533 	8578
f 8582 	8588 	8541
f 8588 	8543 	8541
f 8541 	8538 	8582
f 8550 	8520 	8553
f 8553 	8554 	8526
f 1104 	1133 	8558
f 8554 	1104 	8558
f 8530 	8554 	8558
f 8578 	8558 	1133
f 8558 	8533 	8530
f 8558 	8578 	8533
f 1136 	1140 	8582
f 1136 	8582 	8578
f 8538 	8578 	8582
f 8588 	8582 	1140
f 1140 	1142 	8588
f 1142 	1093 	8588
f 1093 	8543 	8588
f 1093 	6531 	8543
f 8520 	8500 	8553
f 8500 	1101 	8553
f 1104 	8554 	1101
f 8554 	8553 	1101
f 8365 	8065 	8613
f 1315 	8368 	8613
f 1315 	1148 	8368
f 8613 	8371 	8365
f 8613 	8368 	8371
f 8494 	1148 	1150
f 8494 	8368 	1148
f 8500 	8494 	1150
f 521 	1509 	367
f 1507 	1508 	522
f 6633 	8625 	8627
f 6634 	8633 	8625
f 8633 	6634 	6637
f 8625 	8633 	8644
f 8814 	8627 	67
f 8644 	8627 	8625
f 75 	67 	8627
f 8644 	75 	8627
f 8645 	8644 	8633
f 8633 	8641 	8645
f 8645 	82 	8644
f 8645 	8641 	8684
f 8641 	525 	8684
f 8684 	165 	8645
f 8684 	170 	165
f 165 	82 	8645
f 8690 	170 	8684
f 531 	644 	8690
f 8690 	8772 	170
f 8772 	8690 	644
f 644 	648 	8773
f 8773 	8772 	644
f 8773 	181 	8772
f 8773 	209 	181
f 8773 	823 	209
f 823 	211 	209
f 8784 	7627 	7625
f 7625 	7635 	8784
f 7627 	8784 	44
f 8784 	48 	44
f 7642 	60 	8789
f 8789 	62 	51
f 7635 	51 	8784
f 51 	48 	8784
f 7642 	6596 	8814
f 60 	7642 	8814
f 60 	62 	8789
f 7627 	44 	7901
f 8797 	7902 	7901
f 8797 	7901 	44
f 8797 	8799 	7902
f 8797 	8808 	8799
f 8799 	7903 	7902
f 8799 	7960 	7903
f 8799 	8809 	7960
f 44 	47 	8797
f 47 	8808 	8797
f 8808 	8809 	8799
f 47 	91 	8808
f 91 	8812 	8808
f 8808 	8812 	8809
f 8828 	8809 	8812
f 6596 	6633 	8814
f 8812 	3 	4
f 8812 	4 	8828
f 8627 	8814 	6633
f 8814 	67 	60
f 7960 	8809 	8822
f 8822 	7975 	7962
f 8822 	8072 	7975
f 9 	20 	8825
f 8825 	8051 	9
f 8825 	8060 	8051
f 8822 	8809 	8828
f 8828 	8072 	8822
f 9 	8072 	8828
f 3 	8812 	91
f 3 	91 	96
f 1532 	1596 	1535
# 2498 faces

g group_0_15708628

usemtl color_15708628
s 0

f 250 	251 	252
f 2529 	2530 	252
f 2530 	250 	252
f 2238 	2240 	3737
f 2240 	2965 	3737
f 2965 	2963 	3737
f 3737 	2963 	2968
f 2529 	3737 	2968
f 2971 	2968 	2963
f 2963 	2967 	2971
f 251 	5161 	5711
f 2870 	5711 	5161
f 251 	5167 	5166
f 251 	5166 	5163
f 5165 	251 	5163
f 5170 	5173 	251
f 5165 	5170 	251
f 5173 	5179 	251
f 5161 	251 	5179
f 5168 	5179 	5174
f 5168 	5161 	5179
f 5177 	5174 	5179
f 5179 	5186 	5177
f 5200 	251 	5201
f 5206 	251 	5200
f 251 	5206 	5167
f 251 	5207 	5211
f 5201 	251 	5204
f 251 	4033 	5207
f 5204 	251 	5211
f 251 	5711 	252
f 5711 	3737 	252
f 4000 	4020 	251
f 4000 	251 	3996
f 4001 	4020 	4000
f 4025 	251 	4020
f 4003 	4020 	4001
f 4004 	4022 	4003
f 4006 	4022 	4004
f 4007 	4022 	4006
f 4008 	4022 	4007
f 4011 	4022 	4008
f 4020 	4003 	4022
f 4018 	4022 	4011
f 4022 	4018 	4019
f 4025 	4033 	251
f 5030 	5028 	250
f 5028 	5036 	250
f 5032 	5034 	5036
f 5034 	250 	5036
f 5034 	5037 	250
f 250 	5123 	251
f 5123 	3997 	251
f 3997 	3996 	251
f 5037 	5064 	250
f 5124 	5123 	5064
f 5123 	250 	5064
f 5124 	5064 	5126
f 5126 	5064 	5129
f 2529 	252 	3737
f 5711 	8112 	3737
f 2870 	8112 	5711
f 2238 	3737 	8013
f 8031 	8030 	3737
f 8013 	3737 	8029
f 8029 	3737 	8030
f 8031 	3737 	8033
f 8086 	8085 	3737
f 8082 	8094 	3737
f 8034 	3737 	8068
f 8068 	3737 	8069
f 8069 	3737 	8071
f 8083 	8082 	3737
f 8033 	3737 	8034
f 8071 	3737 	8094
f 8139 	8140 	3737
f 8114 	8134 	8112
f 8112 	8137 	3737
f 8121 	8134 	8119
f 8121 	8122 	8134
f 8139 	3737 	8138
f 8122 	8123 	8134
f 8127 	8135 	8123
f 8128 	8135 	8127
f 8137 	8112 	8134
f 8131 	8135 	8128
f 8132 	8135 	8131
f 8138 	3737 	8137
f 8140 	8086 	3737
f 8132 	8133 	8135
f 8141 	8135 	8133
f 8134 	8123 	8135
f 8085 	8083 	3737
f 8135 	8141 	8144
f 8119 	8134 	8114
f 3837 	2530 	3838
f 2529 	3842 	2530
f 3838 	2530 	3842
f 2968 	3842 	2529
f 9645 	9644 	9701
f 9647 	250 	9644
f 9649 	250 	9647
f 9701 	9644 	250
f 3837 	9701 	250
f 3837 	250 	2530
f 9690 	9692 	9649
f 9688 	9690 	9649
f 9689 	9690 	9688
f 9696 	250 	9692
f 9697 	250 	9696
f 9697 	9700 	250
f 9649 	9692 	250
f 5030 	250 	9700
f 9701 	9703 	9645
f 9772 	9754 	9773
f 9755 	9754 	2971
f 9771 	2971 	9754
f 9775 	9774 	9754
f 9774 	9773 	9754
f 9772 	9771 	9754
f 9776 	9775 	9754
f 9754 	9757 	9776
f 9759 	2971 	9762
f 9761 	2971 	9759
f 9762 	2971 	9763
f 9763 	9766 	9764
f 2971 	9761 	9755
f 9767 	9765 	9766
f 9766 	9763 	2967
f 9768 	9765 	9767
f 2971 	2967 	9763
f 9764 	9766 	9765
f 9768 	9769 	9765
f 9770 	9765 	9769
# 134 faces

g group_0_16448250

usemtl color_16448250
s 0

f 22 	8854 	19
f 9050 	30 	24
f 19 	26 	21
f 37 	19 	21
f 21 	9338 	37
f 13 	7 	9033
f 9029 	9033 	7
f 9033 	9050 	13
f 24 	13 	9050
f 9448 	22 	19
f 8981 	1520 	15
f 53 	57 	56
f 41 	66 	50
f 8980 	2346 	8981
f 53 	500 	65
f 69 	50 	66
f 69 	53 	50
f 52 	9122 	55
f 53 	69 	500
f 9121 	46 	9124
f 57 	53 	65
f 65 	64 	57
f 79 	76 	8745
f 495 	8956 	64
f 8759 	72 	8745
f 73 	1975 	72
f 409 	26 	8860
f 33 	1975 	73
f 57 	64 	8870
f 64 	8953 	8870
f 64 	8956 	8953
f 90 	8852 	8836
f 1974 	79 	72
f 1975 	1974 	72
f 104 	103 	146
f 117 	104 	146
f 148 	4953 	149
f 150 	4953 	152
f 122 	159 	112
f 156 	4953 	112
f 155 	4953 	156
f 158 	156 	112
f 160 	159 	122
f 141 	160 	122
f 123 	118 	121
f 123 	124 	118
f 1475 	118 	9090
f 133 	130 	7104
f 7104 	135 	133
f 137 	138 	134
f 596 	124 	123
f 121 	118 	1475
f 138 	137 	6857
f 132 	137 	134
f 121 	1475 	1476
f 132 	7721 	137
f 136 	9269 	8751
f 134 	138 	6866
f 145 	117 	146
f 103 	8974 	146
f 159 	158 	112
f 160 	141 	161
f 355 	143 	153
f 144 	142 	9271
f 130 	133 	272
f 100 	208 	171
f 208 	175 	171
f 167 	213 	184
f 185 	187 	188
f 9336 	188 	187
f 191 	193 	173
f 191 	173 	174
f 187 	185 	186
f 193 	130 	272
f 194 	192 	6763
f 193 	272 	173
f 208 	210 	238
f 187 	238 	210
f 187 	186 	238
f 9175 	184 	179
f 9371 	207 	195
f 167 	166 	213
f 219 	195 	227
f 198 	197 	102
f 102 	224 	198
f 207 	232 	195
f 135 	220 	133
f 198 	224 	232
f 207 	198 	232
f 195 	232 	227
f 227 	232 	1181
f 224 	1181 	232
f 208 	238 	175
f 206 	194 	6878
f 238 	1146 	175
f 189 	194 	206
f 240 	214 	219
f 217 	215 	234
f 1183 	240 	219
f 216 	195 	219
f 216 	219 	214
f 244 	234 	215
f 1130 	224 	102
f 641 	7327 	233
f 1128 	1131 	107
f 1149 	1146 	238
f 218 	222 	249
f 263 	218 	249
f 185 	1153 	186
f 184 	213 	253
f 253 	213 	261
f 249 	666 	263
f 265 	218 	263
f 268 	220 	265
f 265 	257 	268
f 272 	133 	268
f 133 	220 	268
f 265 	220 	218
f 272 	281 	330
f 240 	264 	214
f 5151 	253 	261
f 330 	173 	272
f 268 	281 	272
f 177 	9059 	169
f 265 	673 	257
f 9061 	9059 	177
f 283 	221 	277
f 268 	257 	281
f 223 	277 	221
f 283 	9274 	221
f 166 	374 	213
f 213 	288 	261
f 288 	308 	261
f 291 	7236 	287
f 255 	225 	275
f 291 	284 	7236
f 277 	223 	255
f 277 	255 	278
f 225 	292 	275
f 275 	292 	295
f 278 	255 	275
f 600 	595 	295
f 244 	215 	319
f 319 	215 	297
f 225 	5363 	292
f 284 	291 	300
f 300 	291 	301
f 292 	5337 	295
f 593 	295 	5337
f 304 	324 	325
f 308 	309 	261
f 324 	304 	302
f 707 	312 	308
f 291 	287 	301
f 315 	284 	300
f 319 	284 	315
f 319 	297 	284
f 309 	312 	313
f 309 	308 	312
f 244 	319 	787
f 5151 	309 	5443
f 309 	5151 	261
f 330 	174 	173
f 281 	800 	330
f 325 	324 	1218
f 325 	1218 	1220
f 331 	174 	330
f 340 	304 	332
f 332 	304 	325
f 332 	102 	340
f 338 	174 	331
f 9267 	326 	329
f 336 	9146 	344
f 327 	326 	9267
f 197 	340 	102
f 324 	302 	343
f 345 	153 	294
f 348 	324 	343
f 710 	5451 	312
f 143 	355 	140
f 140 	355 	349
f 153 	345 	361
f 368 	364 	8629
f 386 	374 	166
f 342 	473 	339
f 473 	334 	339
f 338 	342 	191
f 338 	473 	342
f 338 	191 	174
f 408 	9404 	372
f 408 	372 	366
f 391 	377 	374
f 308 	288 	377
f 377 	213 	374
f 377 	288 	213
f 379 	8629 	364
f 379 	8764 	8629
f 386 	387 	374
f 335 	108 	1229
f 374 	387 	391
f 574 	377 	391
f 366 	398 	496
f 378 	376 	399
f 400 	254 	185
f 400 	185 	188
f 21 	26 	401
f 21 	401 	406
f 21 	406 	400
f 8735 	407 	393
f 21 	400 	188
f 408 	366 	496
f 188 	9338 	21
f 393 	365 	8725
f 401 	26 	409
f 401 	409 	411
f 153 	361 	355
f 358 	355 	361
f 401 	411 	406
f 390 	389 	8747
f 287 	376 	301
f 376 	413 	301
f 405 	1026 	378
f 413 	376 	378
f 378 	1026 	413
f 358 	361 	415
f 8765 	381 	414
f 611 	326 	327
f 423 	345 	4939
f 9271 	417 	414
f 9271 	142 	417
f 423 	361 	345
f 423 	415 	361
f 429 	427 	426
f 427 	429 	435
f 427 	435 	447
f 447 	1053 	433
f 449 	450 	451
f 427 	447 	433
f 455 	456 	430
f 9277 	447 	435
f 9278 	9277 	435
f 9277 	1028 	447
f 426 	457 	429
f 468 	429 	457
f 613 	473 	338
f 410 	613 	412
f 473 	410 	334
f 486 	140 	349
f 486 	476 	140
f 486 	491 	476
f 482 	488 	489
f 482 	489 	479
f 492 	480 	479
f 523 	408 	496
f 500 	495 	64
f 416 	214 	264
f 214 	69 	66
f 214 	416 	69
f 500 	69 	556
f 556 	69 	416
f 505 	503 	502
f 505 	506 	503
f 500 	64 	65
f 495 	516 	512
f 516 	517 	512
f 430 	1056 	1044
f 500 	516 	495
f 515 	491 	486
f 387 	502 	503
f 386 	502 	387
f 496 	524 	523
f 575 	416 	264
f 1022 	523 	524
f 1056 	430 	456
f 508 	527 	506
f 527 	503 	506
f 433 	543 	538
f 433 	538 	427
f 1174 	543 	433
f 527 	391 	387
f 552 	540 	934
f 387 	503 	527
f 489 	492 	479
f 600 	592 	557
f 540 	552 	457
f 457 	426 	540
f 540 	426 	538
f 575 	556 	416
f 538 	426 	427
f 600 	557 	497
f 500 	556 	516
f 559 	497 	557
f 611 	457 	552
f 552 	608 	611
f 524 	398 	562
f 611 	327 	457
f 409 	563 	411
f 398 	566 	562
f 524 	496 	398
f 497 	566 	398
f 8956 	495 	512
f 559 	566 	497
f 512 	517 	8987
f 562 	1022 	524
f 562 	1038 	1022
f 562 	566 	1042
f 562 	1042 	1038
f 326 	560 	329
f 517 	520 	8987
f 326 	612 	560
f 566 	559 	1021
f 523 	1022 	1019
f 254 	400 	567
f 400 	406 	567
f 1021 	1042 	566
f 567 	1242 	254
f 1251 	567 	406
f 391 	581 	571
f 411 	1251 	406
f 391 	527 	581
f 411 	563 	1251
f 574 	391 	571
f 571 	573 	574
f 377 	574 	308
f 1252 	517 	516
f 516 	556 	1252
f 577 	1021 	559
f 1081 	580 	579
f 575 	1252 	556
f 1649 	455 	1629
f 1649 	456 	455
f 459 	1667 	1720
f 460 	1675 	461
f 1081 	579 	581
f 561 	582 	9293
f 581 	1064 	1081
f 573 	581 	579
f 573 	571 	581
f 629 	582 	561
f 1667 	459 	461
f 573 	579 	586
f 579 	580 	586
f 445 	1062 	460
f 580 	584 	586
f 600 	497 	398
f 595 	600 	398
f 595 	398 	366
f 596 	123 	594
f 593 	592 	600
f 600 	295 	593
f 277 	278 	372
f 595 	366 	278
f 423 	4939 	596
f 275 	595 	278
f 598 	606 	607
f 629 	561 	627
f 601 	627 	561
f 275 	295 	595
f 597 	598 	591
f 283 	277 	372
f 597 	591 	590
f 283 	372 	9404
f 366 	372 	278
f 598 	607 	591
f 5337 	5456 	593
f 601 	612 	609
f 601 	561 	560
f 601 	560 	612
f 730 	608 	731
f 730 	609 	608
f 480 	492 	410
f 480 	410 	412
f 326 	611 	612
f 1089 	613 	615
f 615 	338 	331
f 410 	473 	613
f 613 	338 	615
f 608 	612 	611
f 612 	608 	609
f 622 	249 	620
f 629 	1725 	569
f 569 	583 	629
f 634 	633 	631
f 631 	633 	630
f 629 	583 	582
f 538 	934 	540
f 608 	552 	935
f 234 	653 	233
f 349 	355 	649
f 645 	642 	641
f 606 	603 	652
f 665 	249 	622
f 652 	607 	606
f 591 	607 	660
f 653 	655 	233
f 652 	658 	607
f 244 	787 	661
f 234 	244 	653
f 653 	244 	661
f 658 	660 	607
f 655 	641 	233
f 655 	893 	645
f 655 	645 	641
f 649 	355 	358
f 249 	665 	666
f 358 	647 	649
f 622 	633 	665
f 633 	905 	665
f 666 	676 	265
f 358 	670 	647
f 265 	263 	666
f 647 	670 	667
f 671 	800 	281
f 652 	4808 	658
f 257 	673 	281
f 671 	281 	673
f 674 	358 	415
f 358 	674 	670
f 658 	1156 	660
f 9124 	683 	681
f 683 	684 	681
f 683 	686 	684
f 596 	739 	423
f 890 	670 	674
f 684 	686 	690
f 686 	691 	690
f 742 	684 	690
f 694 	690 	691
f 559 	557 	745
f 745 	577 	559
f 702 	486 	349
f 349 	649 	702
f 515 	486 	702
f 692 	515 	702
f 707 	710 	312
f 702 	713 	692
f 707 	308 	574
f 574 	573 	707
f 702 	647 	713
f 715 	714 	703
f 649 	647 	702
f 557 	592 	714
f 557 	714 	745
f 713 	647 	667
f 745 	714 	715
f 694 	691 	718
f 593 	714 	592
f 593 	701 	714
f 714 	701 	703
f 669 	2395 	717
f 717 	713 	667
f 694 	718 	769
f 669 	717 	667
f 693 	692 	713
f 723 	752 	722
f 590 	591 	917
f 660 	917 	591
f 707 	723 	710
f 713 	717 	697
f 742 	738 	684
f 697 	717 	2359
f 693 	713 	697
f 601 	609 	730
f 738 	729 	732
f 723 	722 	710
f 608 	935 	731
f 722 	706 	710
f 586 	723 	573
f 739 	415 	423
f 707 	573 	723
f 738 	732 	681
f 733 	729 	738
f 738 	681 	684
f 739 	674 	415
f 739 	890 	674
f 265 	676 	673
f 594 	741 	739
f 594 	739 	596
f 706 	767 	6232
f 742 	744 	753
f 673 	743 	671
f 733 	747 	9115
f 746 	743 	673
f 747 	738 	742
f 747 	733 	738
f 753 	747 	742
f 745 	749 	774
f 774 	749 	776
f 745 	774 	577
f 750 	594 	123
f 741 	594 	750
f 723 	586 	752
f 748 	676 	666
f 586 	584 	752
f 748 	751 	676
f 715 	703 	760
f 715 	760 	763
f 741 	750 	928
f 745 	715 	749
f 751 	673 	676
f 601 	754 	627
f 763 	749 	715
f 760 	703 	6223
f 694 	1119 	690
f 755 	627 	756
f 744 	742 	690
f 629 	627 	755
f 756 	627 	754
f 690 	1119 	744
f 757 	760 	6223
f 754 	911 	756
f 757 	763 	760
f 601 	730 	754
f 754 	730 	918
f 764 	442 	441
f 441 	778 	764
f 755 	1725 	629
f 767 	706 	722
f 767 	722 	766
f 722 	752 	766
f 1270 	1283 	772
f 776 	749 	763
f 772 	769 	1270
f 776 	763 	1206
f 751 	746 	673
f 748 	666 	665
f 315 	300 	789
f 789 	812 	787
f 788 	791 	769
f 694 	769 	791
f 788 	772 	1035
f 784 	300 	301
f 794 	812 	789
f 788 	769 	772
f 794 	789 	300
f 784 	794 	300
f 789 	787 	319
f 315 	789 	319
f 330 	802 	331
f 802 	615 	331
f 330 	800 	802
f 812 	990 	814
f 810 	812 	794
f 784 	1082 	856
f 787 	812 	814
f 794 	784 	810
f 784 	856 	810
f 781 	752 	584
f 859 	671 	743
f 671 	859 	800
f 860 	6149 	6120
f 996 	859 	743
f 866 	1206 	763
f 859 	864 	802
f 802 	800 	859
f 878 	873 	876
f 642 	893 	876
f 667 	670 	887
f 670 	890 	887
f 667 	887 	669
f 866 	763 	757
f 866 	757 	860
f 887 	889 	669
f 781 	867 	766
f 781 	766 	752
f 884 	876 	873
f 781 	1263 	867
f 739 	741 	890
f 642 	876 	884
f 893 	642 	645
f 889 	890 	900
f 6326 	766 	867
f 889 	887 	890
f 902 	907 	893
f 890 	741 	904
f 904 	900 	890
f 897 	895 	653
f 661 	787 	897
f 653 	661 	897
f 1015 	508 	506
f 653 	895 	902
f 506 	505 	944
f 655 	653 	902
f 944 	505 	385
f 984 	506 	944
f 902 	893 	655
f 348 	343 	906
f 343 	1019 	906
f 634 	905 	633
f 731 	916 	918
f 878 	876 	913
f 2411 	2408 	900
f 900 	904 	2411
f 741 	928 	904
f 928 	2411 	904
f 907 	895 	908
f 895 	907 	902
f 913 	876 	893
f 893 	907 	913
f 590 	917 	778
f 917 	764 	778
f 905 	634 	915
f 1132 	917 	660
f 922 	911 	754
f 782 	764 	917
f 731 	918 	730
f 921 	442 	764
f 921 	443 	442
f 908 	920 	1267
f 920 	908 	895
f 2431 	911 	922
f 920 	895 	897
f 927 	1177 	938
f 922 	754 	918
f 782 	921 	764
f 924 	925 	1274
f 1274 	1273 	924
f 924 	996 	743
f 921 	782 	927
f 925 	924 	743
f 746 	925 	743
f 748 	665 	905
f 443 	930 	940
f 748 	932 	751
f 748 	931 	932
f 921 	930 	443
f 748 	905 	931
f 751 	932 	746
f 938 	930 	921
f 936 	731 	935
f 932 	925 	746
f 938 	921 	927
f 905 	915 	931
f 552 	934 	935
f 787 	814 	897
f 916 	731 	966
f 810 	856 	950
f 812 	810 	990
f 982 	990 	810
f 950 	982 	810
f 934 	939 	942
f 538 	954 	934
f 940 	930 	941
f 942 	935 	934
f 897 	814 	920
f 942 	936 	935
f 941 	930 	938
f 948 	939 	945
f 954 	945 	939
f 954 	538 	945
f 543 	1174 	945
f 945 	538 	543
f 939 	934 	954
f 939 	948 	958
f 942 	939 	958
f 966 	731 	936
f 966 	960 	2513
f 942 	966 	936
f 960 	966 	942
f 958 	960 	942
f 2515 	2513 	960
f 962 	958 	948
f 990 	988 	814
f 814 	988 	920
f 996 	999 	864
f 996 	864 	859
f 1006 	1005 	1011
f 1009 	1006 	1011
f 1011 	1005 	403
f 506 	984 	1015
f 1006 	1175 	1005
f 1005 	1175 	1176
f 784 	1025 	1082
f 343 	523 	1019
f 9054 	1027 	978
f 978 	1027 	1138
f 1053 	447 	1028
f 977 	1019 	1022
f 906 	1019 	977
f 977 	1022 	1037
f 1041 	788 	1035
f 1022 	1038 	1037
f 1036 	1041 	1035
f 1043 	1037 	1042
f 1037 	1038 	1042
f 1043 	1042 	1021
f 1035 	1047 	1036
f 1036 	1047 	1044
f 1028 	9360 	1029
f 1176 	1126 	1005
f 301 	1025 	784
f 1238 	1036 	1051
f 301 	413 	1025
f 1026 	1082 	1025
f 1036 	1044 	1051
f 1050 	1051 	1044
f 1052 	403 	1005
f 403 	1052 	405
f 405 	1052 	1026
f 413 	1026 	1025
f 1021 	1034 	1043
f 1235 	348 	906
f 1044 	1056 	1050
f 1343 	984 	944
f 480 	1057 	479
f 1057 	1058 	479
f 482 	479 	1058
f 1421 	1043 	1034
f 1068 	1060 	1062
f 1421 	1034 	2255
f 445 	1068 	1062
f 1059 	482 	1058
f 1066 	1055 	482
f 1059 	1066 	482
f 940 	941 	1067
f 1070 	1067 	941
f 1070 	941 	943
f 1029 	1054 	1053
f 527 	508 	1064
f 1028 	1029 	1053
f 1064 	581 	527
f 1064 	508 	1069
f 1069 	508 	1015
f 1067 	1068 	940
f 577 	774 	1074
f 2043 	1066 	1059
f 577 	1074 	1079
f 1060 	1067 	1070
f 1021 	577 	1079
f 480 	412 	1057
f 1064 	1069 	1081
f 1060 	1068 	1067
f 1082 	950 	856
f 1060 	1070 	1951
f 1081 	1083 	580
f 927 	782 	1084
f 1085 	584 	580
f 1085 	580 	1083
f 412 	1089 	1086
f 1069 	1090 	1081
f 1021 	1079 	1098
f 1034 	1021 	1098
f 1098 	1079 	1074
f 1098 	2255 	1034
f 1098 	1074 	1094
f 1090 	1083 	1081
f 1090 	1092 	1083
f 1092 	1103 	1083
f 1083 	1103 	1085
f 1089 	1112 	1086
f 613 	1089 	412
f 1089 	615 	1108
f 1108 	1113 	1112
f 1108 	1112 	1089
f 802 	1108 	615
f 864 	1113 	802
f 1108 	802 	1113
f 1113 	864 	2123
f 2123 	2117 	1113
f 1057 	1086 	2018
f 1057 	412 	1086
f 1123 	1094 	1074
f 1103 	1092 	2260
f 1228 	1124 	1129
f 791 	788 	1129
f 1129 	1122 	791
f 791 	1119 	694
f 1119 	791 	1122
f 1156 	1132 	660
f 1073 	1054 	1029
f 1103 	2260 	2273
f 2201 	2260 	1092
f 2273 	1134 	1103
f 978 	1138 	1135
f 1128 	1357 	1131
f 107 	1131 	108
f 1127 	1128 	107
f 175 	1146 	1127
f 171 	175 	1127
f 1146 	1350 	1127
f 1127 	107 	171
f 1127 	1350 	1349
f 1132 	1156 	1084
f 1185 	1084 	1156
f 1084 	782 	917
f 185 	1152 	1153
f 1132 	1084 	917
f 1129 	1124 	1122
f 1154 	1152 	254
f 1154 	1394 	1152
f 1437 	6470 	520
f 1027 	1151 	1138
f 1162 	744 	1119
f 1119 	1122 	1162
f 1124 	1166 	1122
f 1296 	1167 	1298
f 1160 	1169 	1151
f 1166 	1162 	1122
f 1169 	1167 	1151
f 1169 	1160 	491
f 1298 	1167 	1169
f 1138 	1151 	1167
f 1138 	1167 	1296
f 1169 	491 	515
f 1138 	1287 	1173
f 1173 	1135 	1138
f 1287 	1138 	1296
f 1135 	1187 	1190
f 1173 	1187 	1135
f 1153 	1152 	1394
f 1152 	185 	254
f 1053 	1174 	433
f 744 	1162 	753
f 2024 	1176 	1175
f 1053 	1054 	1174
f 240 	1183 	1194
f 1336 	1174 	1179
f 2022 	1126 	1176
f 1175 	1006 	1009
f 1120 	1175 	1009
f 1182 	1183 	227
f 1174 	1054 	1179
f 1125 	1026 	1126
f 1179 	1054 	1208
f 227 	1181 	1182
f 1026 	1052 	1126
f 1052 	1005 	1126
f 227 	1183 	219
f 1185 	1156 	1221
f 1400 	1182 	1181
f 1182 	1400 	1404
f 224 	1130 	1188
f 224 	1188 	1181
f 1177 	1180 	1189
f 1186 	1135 	1190
f 238 	186 	1149
f 1153 	1149 	186
f 1084 	1185 	1180
f 1153 	1393 	1149
f 1185 	1189 	1180
f 240 	1194 	1195
f 1221 	1189 	1185
f 1178 	1177 	1189
f 1135 	1186 	978
f 1180 	1177 	927
f 1186 	1190 	1198
f 1198 	1190 	1187
f 978 	1186 	9054
f 9054 	1186 	9381
f 1178 	1200 	943
f 1195 	264 	240
f 1177 	941 	938
f 1398 	1194 	1183
f 1180 	927 	1084
f 1398 	1183 	1182
f 1082 	1026 	1125
f 1073 	1072 	1207
f 1073 	1207 	1208
f 1398 	1182 	1404
f 1074 	774 	776
f 1203 	1120 	1009
f 1074 	776 	1204
f 1199 	1202 	9393
f 1205 	1125 	2111
f 1207 	9370 	1202
f 950 	1082 	1205
f 1204 	1123 	1074
f 1082 	1125 	1205
f 9370 	1207 	1072
f 1263 	781 	1282
f 2123 	864 	999
f 1207 	1212 	1208
f 1179 	1345 	1336
f 575 	264 	1195
f 1054 	1073 	1208
f 941 	1177 	943
f 1210 	634 	631
f 1177 	1178 	943
f 634 	1210 	1211
f 1179 	1212 	1345
f 1208 	1212 	1179
f 1216 	1178 	1189
f 873 	878 	1215
f 1222 	325 	1220
f 907 	908 	1213
f 1213 	908 	1267
f 913 	907 	1213
f 1217 	913 	1213
f 1215 	878 	913
f 1217 	1215 	913
f 332 	325 	1222
f 873 	1215 	1214
f 1216 	1189 	1223
f 332 	1222 	1130
f 1130 	102 	332
f 1223 	1189 	1221
f 335 	1227 	337
f 1202 	1225 	1219
f 1227 	335 	1229
f 1230 	1228 	1129
f 337 	1227 	385
f 1131 	1229 	108
f 788 	1041 	1129
f 1219 	1207 	1202
f 1230 	1129 	1041
f 1423 	1219 	1225
f 1219 	1212 	1207
f 1258 	1228 	1351
f 1218 	324 	1235
f 1238 	1230 	1041
f 1235 	324 	348
f 781 	1209 	1282
f 1238 	1041 	1036
f 1227 	1236 	385
f 1237 	1238 	1051
f 1236 	944 	385
f 1237 	1250 	1238
f 1240 	1237 	1051
f 1240 	1051 	1050
f 1246 	1247 	1237
f 1240 	1246 	1237
f 1761 	1395 	1154
f 1154 	254 	1242
f 1240 	1857 	1246
f 1248 	1242 	567
f 1230 	1250 	1228
f 567 	1251 	1248
f 563 	1272 	1251
f 1251 	1272 	1248
f 1237 	1247 	1250
f 1230 	1238 	1250
f 1103 	1209 	1085
f 1970 	943 	1200
f 1085 	1209 	781
f 1085 	781 	584
f 1255 	6120 	1159
f 1255 	860 	6120
f 1206 	860 	1255
f 860 	1206 	866
f 1279 	1206 	1255
f 1265 	6402 	867
f 1261 	1260 	931
f 931 	915 	1261
f 1211 	1261 	634
f 1261 	915 	634
f 1263 	1282 	1289
f 1195 	1330 	575
f 1267 	920 	1270
f 1293 	924 	1273
f 867 	1263 	1265
f 931 	1260 	1276
f 931 	1276 	932
f 1279 	1255 	1159
f 1276 	1274 	932
f 1161 	1279 	1159
f 1274 	925 	932
f 1204 	776 	1280
f 1280 	776 	1206
f 1204 	1300 	1123
f 1280 	1206 	1279
f 769 	718 	1267
f 982 	1285 	1284
f 1289 	1295 	1265
f 1284 	990 	982
f 1265 	1263 	1289
f 982 	2137 	1285
f 1103 	1134 	1209
f 1283 	988 	1284
f 1287 	1290 	1291
f 988 	990 	1284
f 920 	988 	1283
f 1283 	1270 	920
f 1173 	1287 	1291
f 924 	1293 	996
f 1298 	1169 	515
f 1287 	1296 	1303
f 1303 	1290 	1287
f 1300 	1204 	1280
f 515 	692 	1298
f 1298 	1302 	1296
f 1298 	692 	1302
f 1296 	1302 	1303
f 692 	693 	1302
f 1302 	693 	697
f 697 	1322 	1302
f 520 	517 	1305
f 1305 	1437 	520
f 517 	1252 	1308
f 517 	1308 	1305
f 1301 	1282 	1209
f 1209 	1134 	1301
f 1290 	1320 	1310
f 1303 	1320 	1290
f 1295 	2659 	2660
f 1618 	1218 	1235
f 1310 	1320 	2809
f 1320 	1303 	1302
f 1320 	1302 	1322
f 1312 	1766 	1440
f 1326 	1312 	1305
f 1326 	1767 	1312
f 1326 	1305 	1308
f 1310 	2809 	1311
f 1326 	1308 	1252
f 1326 	1252 	1325
f 1330 	1325 	1252
f 1330 	1252 	575
f 1173 	1464 	1187
f 1330 	1770 	1325
f 1173 	1291 	1464
f 1333 	1248 	1272
f 945 	1336 	1337
f 2804 	2808 	1268
f 1228 	1250 	1351
f 1257 	1246 	1256
f 1247 	1246 	1257
f 1321 	1235 	906
f 977 	1386 	1321
f 1321 	906 	977
f 1345 	1346 	1336
f 1336 	1346 	1337
f 1337 	948 	945
f 1174 	1336 	945
f 1236 	1343 	944
f 1247 	1257 	1250
f 1350 	1146 	1149
f 1250 	1257 	1351
f 1149 	1352 	1350
f 1357 	1128 	1127
f 3021 	6369 	4124
f 1349 	1357 	1127
f 1256 	1246 	1919
f 1236 	1671 	1343
f 1349 	1561 	1357
f 1130 	1222 	1389
f 2314 	1396 	1369
f 2313 	2314 	1369
f 2313 	1369 	1385
f 1388 	1130 	1389
f 1188 	1130 	1388
f 1368 	1390 	1369
f 977 	1387 	1386
f 1369 	1390 	1385
f 1037 	1387 	977
f 1229 	1131 	1354
f 1043 	1387 	1037
f 1391 	984 	1343
f 1131 	1357 	1354
f 1359 	4213 	4214
f 1360 	1359 	4214
f 1353 	4182 	1363
f 1392 	1015 	984
f 984 	1391 	1392
f 1368 	1369 	1396
f 1154 	1395 	1394
f 1371 	1368 	1396
f 1387 	1422 	1645
f 1153 	1394 	1393
f 1330 	1195 	1397
f 1398 	1399 	1194
f 1386 	1387 	1622
f 6341 	4374 	4546
f 1622 	1387 	1645
f 1400 	1181 	1188
f 1400 	1188 	1388
f 1400 	1668 	1404
f 1403 	1401 	1402
f 1388 	1664 	1400
f 1581 	1391 	1343
f 1591 	1585 	1343
f 1669 	1398 	1404
f 1397 	1194 	1399
f 1401 	1849 	1402
f 1195 	1194 	1397
f 1149 	1393 	1352
f 1410 	1403 	1402
f 1407 	1405 	3638
f 3638 	2224 	1407
f 1664 	1388 	1663
f 1664 	1665 	1400
f 1271 	1254 	1413
f 1254 	1417 	1413
f 1371 	1411 	1466
f 1417 	1418 	1413
f 1413 	1418 	1414
f 1371 	1416 	1411
f 1635 	1558 	1350
f 1350 	1558 	1349
f 1350 	1352 	1635
f 1371 	1396 	1416
f 1352 	1393 	1636
f 1346 	1345 	1335
f 1943 	1671 	1236
f 1212 	1219 	1335
f 1418 	1632 	1414
f 1335 	1345 	1212
f 1335 	1423 	1456
f 1421 	1645 	1422
f 1425 	1418 	1417
f 1346 	1335 	1456
f 1043 	1422 	1387
f 1043 	1421 	1422
f 1423 	1335 	1219
f 1418 	1425 	1426
f 1418 	1426 	1427
f 1429 	1423 	1225
f 1735 	1430 	1356
f 1434 	1291 	1290
f 1437 	1305 	1312
f 1290 	1310 	1434
f 1434 	1310 	1436
f 1310 	1311 	1436
f 1440 	1437 	1312
f 1368 	1875 	1390
f 1444 	962 	948
f 1368 	1443 	1875
f 1337 	1444 	948
f 1457 	1453 	1447
f 1444 	2852 	962
f 1437 	1440 	1441
f 1557 	1561 	1349
f 1564 	1565 	1354
f 1354 	1357 	1564
f 1337 	1346 	1444
f 1389 	1663 	1388
f 1446 	1444 	1346
f 1455 	1170 	1449
f 1368 	1457 	1443
f 1457 	1447 	1443
f 1456 	1446 	1346
f 1447 	1453 	9305
f 1449 	1170 	1164
f 1468 	1455 	1449
f 1423 	1458 	1456
f 1458 	2860 	1456
f 1457 	1368 	1371
f 1457 	1371 	1466
f 1448 	1161 	1455
f 1455 	1161 	1170
f 1411 	1465 	1466
f 1468 	1449 	1450
f 1464 	1434 	5635
f 1464 	1291 	1434
f 1450 	1469 	1468
f 1436 	5635 	1434
f 1519 	1465 	136
f 1465 	139 	136
f 1410 	1461 	1473
f 1468 	1924 	1470
f 1924 	1468 	1469
f 2654 	1448 	1467
f 1472 	1476 	1522
f 1492 	1476 	1499
f 1475 	1499 	1476
f 1492 	1521 	1476
f 1492 	1490 	1521
f 9408 	9411 	1499
f 1491 	2145 	1493
f 1473 	144 	9254
f 1514 	1517 	1518
f 1466 	1465 	1519
f 1352 	1636 	1635
f 1393 	1394 	1678
f 1520 	8981 	2346
f 1517 	1521 	1518
f 2346 	2347 	1520
f 1518 	1521 	1490
f 8980 	2344 	2346
f 1678 	1679 	1393
f 52 	46 	9122
f 43 	9124 	46
f 1559 	1349 	1558
f 1473 	1461 	1619
f 1524 	1473 	1619
f 144 	1473 	1524
f 1619 	1461 	1613
f 1522 	1476 	1531
f 142 	144 	1524
f 1531 	1525 	1522
f 1466 	1519 	1516
f 1531 	1529 	1525
f 1531 	1517 	1529
f 1476 	1521 	1531
f 1467 	1470 	1917
f 1455 	1468 	1470
f 1467 	1455 	1470
f 1926 	1470 	1924
f 1448 	1455 	1467
f 1917 	1470 	1926
f 1636 	1393 	1638
f 1639 	1393 	1651
f 1531 	1521 	1517
f 1394 	1680 	1678
f 1441 	8391 	8307
f 1557 	1349 	1559
f 2521 	1560 	1563
f 1357 	1567 	1564
f 1567 	1357 	1561
f 1552 	2646 	1553
f 2116 	1661 	1389
f 1450 	8418 	1469
f 1599 	1570 	1548
f 1571 	1572 	2651
f 1471 	1469 	8418
f 1572 	1569 	2651
f 1672 	1691 	1398
f 1392 	1583 	1584
f 1581 	1343 	1580
f 1392 	1391 	1583
f 1587 	1583 	1391
f 583 	569 	1554
f 1391 	1581 	1582
f 1587 	1391 	1582
f 1585 	1580 	1343
f 1681 	1591 	1343
f 1604 	1562 	1602
f 1945 	1604 	1602
f 1548 	1604 	1599
f 1604 	1548 	1562
f 1516 	9305 	1453
f 1454 	1609 	1637
f 1637 	1609 	1451
f 1613 	1933 	9023
f 1616 	1454 	1427
f 1611 	1461 	1402
f 1461 	1410 	1402
f 1683 	1684 	1623
f 1321 	1615 	1618
f 1618 	1235 	1321
f 1613 	1461 	1611
f 1454 	1616 	1609
f 1615 	1794 	1618
f 1619 	1613 	9023
f 1609 	1412 	1612
f 1625 	1412 	1609
f 1321 	1623 	1615
f 1616 	1625 	1609
f 1623 	1321 	1386
f 1623 	1386 	1622
f 1616 	1914 	1625
f 1685 	1683 	1623
f 1466 	1453 	1457
f 1466 	1516 	1453
f 1685 	1623 	1686
f 1622 	1686 	1623
f 1629 	1385 	1630
f 1385 	1390 	1630
f 1645 	1647 	1622
f 1669 	1404 	1668
f 1645 	1421 	1655
f 1631 	2862 	1632
f 1398 	1701 	1399
f 1853 	1630 	1851
f 1853 	1633 	1630
f 1631 	1632 	1637
f 1393 	1639 	1638
f 1632 	1640 	1637
f 1418 	1640 	1632
f 1671 	1677 	1343
f 1640 	1454 	1637
f 1427 	1640 	1418
f 1427 	1454 	1640
f 1681 	1343 	1677
f 1851 	1630 	1390
f 1050 	1628 	1857
f 1857 	1240 	1050
f 1647 	1645 	1646
f 1686 	1622 	1647
f 1643 	1644 	1645
f 1646 	1645 	1644
f 1649 	1633 	1650
f 1650 	1633 	1628
f 1654 	1655 	1653
f 1655 	2797 	1653
f 1649 	1629 	1630
f 1656 	1393 	1679
f 1651 	1393 	1656
f 1655 	1654 	1657
f 1649 	1630 	1633
f 1657 	1658 	1655
f 1643 	1645 	1658
f 1655 	1658 	1645
f 1650 	1628 	1050
f 1650 	456 	1649
f 1451 	1660 	1631
f 1056 	1650 	1050
f 1663 	1389 	1662
f 1451 	1631 	1637
f 1056 	456 	1650
f 1400 	1665 	1668
f 1672 	1398 	1669
f 1691 	1696 	1398
f 1671 	1943 	1782
f 1615 	1623 	1684
f 461 	1675 	1673
f 1675 	460 	1062
f 1673 	1667 	461
f 1677 	1671 	1676
f 1763 	1673 	1675
f 1666 	1648 	1670
f 1702 	1399 	1701
f 1794 	1615 	1684
f 1512 	2485 	1358
f 1618 	1794 	1796
f 1362 	1800 	1373
f 1625 	1914 	1688
f 1680 	1394 	1690
f 1701 	1398 	1696
f 1688 	1412 	1625
f 1880 	1879 	1435
f 1800 	1880 	1373
f 1689 	2627 	2624
f 1689 	2624 	1688
f 1687 	1689 	1913
f 1798 	1800 	1361
f 1689 	1687 	2627
f 1394 	1693 	1690
f 1380 	1379 	1866
f 1394 	1395 	1693
f 1380 	1866 	1381
f 1698 	5960 	1699
f 1699 	1703 	1698
f 1710 	1698 	1703
f 1435 	1373 	1880
f 1746 	1773 	1745
f 1699 	1705 	1703
f 1478 	1881 	1479
f 1498 	2134 	1477
f 1699 	1706 	1705
f 1484 	2130 	1485
f 2131 	1485 	2130
f 2131 	2132 	1485
f 1191 	1879 	1433
f 1488 	2143 	1489
f 2144 	2145 	1489
f 1703 	1705 	1697
f 1733 	1397 	1732
f 1698 	1710 	1426
f 1426 	1425 	1698
f 2136 	1498 	1497
f 1427 	1426 	1710
f 1710 	1712 	1427
f 1710 	1697 	1712
f 521 	2168 	1509
f 1710 	1703 	1697
f 1486 	1485 	2132
f 1705 	1716 	1697
f 2144 	1489 	2143
f 1491 	1489 	2145
f 2145 	2165 	1493
f 1705 	1845 	1716
f 1496 	2135 	1497
f 1505 	2152 	1495
f 1705 	1843 	1845
f 2132 	1488 	1486
f 1675 	1062 	1060
f 1725 	1989 	1602
f 1756 	1395 	1761
f 1725 	1554 	569
f 1602 	1562 	1554
f 1725 	1602 	1554
f 1399 	1702 	1732
f 2150 	1503 	1502
f 1745 	1397 	1748
f 1748 	1397 	1733
f 1507 	1493 	2165
f 1695 	1693 	1395
f 1729 	1695 	1395
f 2165 	1508 	1507
f 1731 	1739 	1737
f 1399 	1732 	1397
f 1731 	1753 	1739
f 1729 	1395 	1734
f 3543 	1731 	1737
f 1777 	1736 	1738
f 1750 	1395 	1756
f 1734 	1395 	1750
f 1751 	1773 	1746
f 1753 	1731 	1735
f 1753 	1740 	1741
f 1753 	1741 	1739
f 9494 	1755 	1757
f 1735 	1356 	1355
f 1735 	1355 	1753
f 964 	1740 	1355
f 1753 	1355 	1740
f 1742 	1739 	1741
f 1739 	1742 	1737
f 1761 	1248 	1762
f 1248 	1761 	1242
f 1248 	1333 	1762
f 1154 	1242 	1761
f 1673 	1763 	1778
f 1675 	1060 	1763
f 1762 	1333 	1775
f 1763 	1060 	1724
f 1755 	1765 	1808
f 1766 	1312 	1767
f 1667 	1768 	1720
f 1601 	1440 	1766
f 1768 	1904 	1936
f 1770 	1767 	1325
f 1771 	1768 	1667
f 1767 	1326 	1325
f 1768 	1771 	1772
f 1765 	9498 	9497
f 1773 	1330 	1397
f 1667 	1673 	1771
f 1765 	9497 	1764
f 1673 	1778 	1771
f 1330 	1773 	1770
f 1738 	1784 	1777
f 1771 	1778 	1772
f 1747 	2016 	1738
f 1905 	1772 	1907
f 1778 	1780 	1772
f 2009 	1747 	1570
f 2009 	2016 	1747
f 1397 	1745 	1773
f 1773 	1792 	1770
f 1797 	1787 	1761
f 1671 	1782 	1783
f 1362 	1361 	1800
f 1782 	1943 	1785
f 1676 	1671 	1783
f 1751 	1760 	1773
f 1798 	1361 	1365
f 1811 	1805 	1762
f 1761 	1803 	1797
f 1777 	1784 	2040
f 1787 	1758 	1761
f 1756 	1761 	1758
f 1430 	1795 	1370
f 1760 	1789 	1773
f 1793 	1810 	1770
f 1805 	1803 	1762
f 1490 	1788 	1518
f 1789 	1792 	1773
f 1364 	1791 	1804
f 1793 	1770 	1792
f 1788 	1757 	1755
f 1490 	1757 	1788
f 1796 	1806 	1618
f 1755 	1808 	1788
f 1791 	1370 	1795
f 1364 	1370 	1791
f 1430 	1735 	1795
f 1618 	1809 	1823
f 1804 	1365 	1364
f 1761 	1762 	1803
f 1765 	1807 	1808
f 1801 	1823 	1809
f 1618 	1806 	1809
f 1365 	1804 	1798
f 2337 	2334 	1810
f 1765 	1799 	1807
f 1354 	1996 	1816
f 1722 	1723 	1719
f 1723 	1722 	1938
f 1220 	1218 	1820
f 1822 	1220 	1820
f 1939 	1722 	1821
f 1822 	1222 	1220
f 1820 	1218 	1823
f 1389 	1222 	1822
f 1823 	1218 	1618
f 1824 	1821 	1722
f 1375 	1374 	1818
f 1826 	1824 	1722
f 1375 	1818 	1376
f 1815 	1376 	1818
f 1824 	5956 	1827
f 1824 	5957 	5956
f 1428 	1376 	1828
f 1815 	1828 	1376
f 1827 	1831 	1824
f 1824 	1831 	1821
f 1831 	1950 	1939
f 1778 	1763 	1724
f 1719 	1826 	1722
f 1724 	1780 	1778
f 5958 	1826 	1719
f 1824 	1826 	5957
f 5958 	5957 	1826
f 1831 	1939 	1821
f 1838 	449 	451
f 1720 	1768 	1838
f 1841 	1838 	1768
f 451 	1720 	1838
f 1768 	1936 	1841
f 1848 	449 	1838
f 1845 	1836 	1837
f 1843 	1835 	1836
f 1401 	449 	1848
f 1843 	1836 	1845
f 1843 	1844 	1835
f 1401 	1848 	1849
f 1848 	1838 	1849
f 1838 	1841 	1849
f 1844 	1843 	1705
f 1705 	1706 	1844
f 1611 	1402 	1849
f 5802 	1854 	1855
f 1856 	1858 	1852
f 1765 	1764 	1799
f 1866 	1960 	1867
f 1865 	1866 	1379
f 1865 	1379 	1378
f 1633 	1853 	1857
f 1873 	1865 	1378
f 1628 	1633 	1857
f 1958 	1873 	1828
f 5802 	5788 	1854
f 1428 	1828 	1377
f 1873 	1377 	1828
f 1378 	1377 	1873
f 1866 	1867 	1381
f 1390 	1875 	1851
f 1878 	1850 	1877
f 1878 	1861 	1850
f 1875 	1443 	1892
f 1892 	1443 	1447
f 1191 	1435 	1879
f 1875 	1892 	1851
f 1851 	1892 	1882
f 1877 	2139 	1878
f 1947 	1858 	1883
f 1858 	1856 	1876
f 1481 	1888 	1374
f 1883 	1858 	1876
f 1886 	1855 	1854
f 1818 	1374 	1888
f 1876 	2038 	1883
f 1480 	1479 	1884
f 1480 	1884 	1885
f 1229 	1816 	5632
f 1881 	1884 	1479
f 1478 	1477 	1881
f 1851 	1882 	1889
f 1481 	1480 	1885
f 1227 	1229 	5632
f 1888 	1481 	1885
f 1851 	1889 	1853
f 1354 	1816 	1229
f 1853 	1889 	1857
f 1886 	1887 	1855
f 1890 	1969 	1828
f 1886 	1719 	1723
f 1891 	1890 	1815
f 1854 	1719 	1886
f 1815 	1818 	1891
f 1828 	1815 	1890
f 1836 	1861 	1878
f 1836 	1835 	1861
f 1878 	2139 	1836
f 1892 	9006 	1882
f 1899 	33 	29
f 1896 	1914 	1616
f 1427 	1712 	1896
f 683 	9124 	1214
f 1902 	1712 	1697
f 1896 	1616 	1427
f 2494 	85 	1968
f 90 	1968 	85
f 1919 	1246 	1901
f 1246 	1857 	1901
f 1896 	1712 	1902
f 1893 	1697 	1716
f 1768 	1772 	1904
f 1902 	1697 	1893
f 1904 	1772 	1905
f 1898 	1897 	1804
f 90 	1903 	1968
f 1893 	1913 	1902
f 1893 	2071 	1692
f 1903 	90 	8836
f 1692 	1913 	1893
f 1798 	1804 	1912
f 1903 	1967 	1968
f 1791 	1898 	1804
f 1900 	1898 	1791
f 2362 	76 	79
f 1791 	1795 	1900
f 1937 	1967 	1903
f 1925 	1905 	1907
f 1890 	1891 	3593
f 8918 	99 	1908
f 1914 	1896 	1913
f 1897 	1898 	3602
f 1896 	1902 	1913
f 1688 	1913 	1689
f 3600 	3602 	1898
f 3646 	1898 	1900
f 1915 	1916 	1471
f 1900 	3543 	3646
f 1914 	1913 	1688
f 1901 	1857 	1889
f 1687 	1913 	1692
f 1870 	1872 	1931
f 1917 	2683 	1467
f 1939 	1923 	1922
f 1882 	9005 	1920
f 1950 	1641 	1923
f 1648 	1923 	1641
f 1648 	2032 	1923
f 1977 	1963 	1926
f 1977 	1926 	1924
f 1923 	1939 	1950
f 1930 	1927 	1918
f 1918 	1736 	1777
f 1469 	1916 	1924
f 1940 	1930 	1918
f 1916 	1469 	1471
f 8391 	1441 	1928
f 1920 	1889 	1882
f 1440 	1601 	1928
f 1919 	1901 	1920
f 1928 	1441 	1440
f 1920 	1901 	1889
f 1928 	8509 	8391
f 1930 	1931 	1872
f 1929 	2133 	1723
f 1915 	2000 	1916
f 1938 	1929 	1723
f 1917 	1926 	1986
f 1934 	1929 	1938
f 1932 	1611 	1849
f 1921 	1929 	1934
f 1998 	1999 	1915
f 1611 	1932 	1933
f 1613 	1611 	1933
f 2000 	1991 	1916
f 2031 	1934 	1922
f 2365 	99 	2362
f 1849 	1841 	1936
f 1932 	1849 	1936
f 1932 	1936 	1933
f 1930 	1872 	1927
f 1722 	1939 	1938
f 1918 	1777 	1940
f 1942 	1941 	8943
f 1802 	1823 	1801
f 2087 	2084 	1823
f 1944 	1883 	2038
f 1604 	1945 	1599
f 1933 	1936 	1946
f 1933 	1946 	1935
f 1947 	1852 	1858
f 1962 	1966 	5632
f 1946 	1936 	1904
f 1939 	1922 	1934
f 1947 	1883 	1944
f 1946 	1925 	1935
f 1947 	1937 	1852
f 1939 	1934 	1938
f 1904 	1905 	1946
f 1946 	1905 	1925
f 3602 	3599 	1897
f 1950 	2823 	1641
f 2365 	1908 	99
f 76 	2362 	99
f 1912 	1897 	3599
f 1813 	1785 	1943
f 1966 	1812 	1943
f 9245 	1941 	1942
f 1724 	1060 	1951
f 1802 	1819 	1823
f 1992 	1982 	1924
f 1800 	1798 	1909
f 1955 	1917 	1954
f 1798 	1912 	1909
f 1986 	1987 	1917
f 1804 	1897 	1912
f 1952 	1972 	1200
f 1986 	1926 	1965
f 1952 	1200 	1178
f 1954 	1917 	1956
f 1956 	1917 	1957
f 1953 	2655 	1867
f 1865 	1958 	1959
f 1866 	1865 	1960
f 1178 	1216 	1952
f 1943 	5632 	1966
f 1960 	1865 	1959
f 1813 	1943 	1812
f 9243 	1937 	1947
f 1867 	1960 	1953
f 1958 	1828 	1969
f 1958 	1865 	1873
f 1970 	1070 	943
f 1823 	1819 	1971
f 1960 	1959 	2070
f 9245 	1942 	1908
f 1997 	1816 	1996
f 1200 	1972 	1970
f 1820 	2083 	1822
f 1822 	2116 	1389
f 33 	1899 	1975
f 1964 	1965 	1926
f 1924 	1916 	1992
f 2008 	2010 	5632
f 1964 	1926 	1963
f 1976 	755 	756
f 1980 	1070 	1970
f 2010 	2011 	5632
f 1982 	1978 	1924
f 1951 	1070 	1980
f 911 	1976 	756
f 2011 	2012 	5632
f 1962 	5632 	1961
f 1981 	5632 	1993
f 1983 	1984 	1823
f 1980 	1724 	1951
f 1977 	1924 	1978
f 1823 	1971 	1983
f 1972 	1980 	1970
f 1985 	1945 	1602
f 1949 	1985 	1989
f 1949 	2002 	1985
f 1957 	1917 	1987
f 1980 	1972 	1990
f 1565 	1610 	1354
f 1725 	755 	1976
f 1989 	1985 	1602
f 1992 	1916 	1991
f 2012 	1993 	5632
f 1961 	5632 	1981
f 1725 	1976 	1989
f 1980 	1990 	2210
f 3314 	1949 	1989
f 1976 	3314 	1989
f 1599 	1945 	1994
f 1995 	1823 	1984
f 2000 	1915 	1999
f 2002 	1948 	1945
f 2003 	5632 	2001
f 2005 	5632 	2004
f 1985 	2002 	1945
f 2085 	2081 	1820
f 2008 	5632 	2007
f 2137 	982 	950
f 1820 	1823 	2085
f 1570 	1599 	2009
f 2085 	1823 	2084
f 2009 	1994 	2026
f 1995 	2014 	1823
f 1994 	2009 	1599
f 2012 	2013 	1993
f 2066 	2043 	1059
f 2041 	2107 	1823
f 2039 	1777 	2040
f 1112 	2015 	1086
f 1784 	1738 	2016
f 2067 	1057 	2018
f 2040 	1784 	2016
f 2018 	1086 	2015
f 2024 	1175 	1120
f 2116 	1822 	2114
f 1120 	2020 	2024
f 2050 	1518 	1788
f 1176 	2024 	2023
f 2022 	1125 	1126
f 2022 	2215 	2111
f 2111 	1125 	2022
f 1176 	2023 	2022
f 2026 	1994 	1945
f 2026 	1945 	1948
f 3331 	2034 	2026
f 1950 	1831 	2823
f 1906 	1921 	1934
f 1874 	2276 	2028
f 2031 	1906 	1934
f 1922 	1923 	2032
f 2033 	1922 	2032
f 2016 	2009 	2030
f 2009 	2026 	2034
f 2030 	2009 	2034
f 1648 	1666 	2032
f 1120 	2028 	2020
f 1120 	1203 	2028
f 2037 	1876 	8911
f 2031 	1922 	2033
f 2050 	1514 	1518
f 2090 	1823 	2092
f 2038 	1876 	2037
f 2014 	2041 	1823
f 2092 	1823 	2106
f 2016 	2030 	2040
f 2038 	2042 	2278
f 3337 	2040 	2030
f 1998 	1915 	2044
f 2032 	2645 	2033
f 2045 	1808 	1807
f 1788 	1808 	2045
f 1788 	2045 	2050
f 2033 	2645 	2031
f 2044 	1915 	2053
f 1837 	5321 	2052
f 1845 	1893 	1716
f 2056 	1845 	1837
f 2056 	1893 	1845
f 2053 	1915 	2058
f 2061 	2058 	1915
f 1893 	2056 	2071
f 2051 	2045 	1807
f 2056 	1837 	2052
f 1799 	2051 	1807
f 2139 	5321 	1837
f 1915 	8535 	2061
f 2062 	8535 	2064
f 2292 	6165 	1930
f 2056 	2052 	2071
f 2043 	2042 	2038
f 2037 	2043 	2038
f 1735 	1731 	1900
f 2067 	1059 	1058
f 1731 	3543 	1900
f 1059 	2067 	2066
f 1900 	1795 	1735
f 1837 	1836 	2139
f 1057 	2067 	1058
f 1996 	1354 	1610
f 2114 	1822 	2083
f 1960 	2070 	1953
f 2074 	2748 	1953
f 2070 	2074 	1953
f 1662 	1389 	1661
f 2082 	1820 	2081
f 2083 	1820 	2082
f 2087 	1823 	2090
f 2098 	2107 	2041
f 2091 	2089 	1881
f 1884 	1881 	2089
f 1767 	2099 	1766
f 1818 	2102 	1891
f 1884 	2089 	1885
f 2096 	1766 	2097
f 2095 	1601 	2093
f 2096 	2094 	1766
f 1885 	2089 	2086
f 2093 	1766 	2094
f 2102 	1885 	2086
f 1766 	2093 	1601
f 2101 	1601 	2095
f 2102 	1818 	1888
f 2102 	1888 	1885
f 2042 	2279 	2278
f 2106 	1823 	2107
f 2107 	2098 	2108
f 2066 	2072 	2042
f 2042 	2043 	2066
f 1879 	1880 	2126
f 1880 	1800 	2126
f 3741 	3735 	2086
f 3742 	2089 	2091
f 2129 	2015 	2115
f 2115 	2117 	2285
f 2117 	2115 	2015
f 1687 	1692 	2071
f 2015 	1112 	2117
f 1112 	1113 	2117
f 2123 	999 	2287
f 2122 	2127 	2121
f 2123 	2287 	2117
f 2126 	2120 	1879
f 2133 	2127 	2122
f 2296 	2072 	2128
f 2126 	1800 	1909
f 1906 	2127 	1921
f 2129 	2128 	2018
f 2072 	2066 	2128
f 2122 	1887 	2133
f 1484 	1433 	2130
f 2130 	1433 	1879
f 2066 	2067 	2128
f 2125 	1907 	1772
f 2134 	2091 	1881
f 2067 	2018 	2128
f 2125 	1780 	2124
f 2018 	2015 	2129
f 2127 	2133 	1929
f 2127 	1929 	1921
f 2133 	1887 	1886
f 1724 	2124 	1780
f 2133 	1886 	1723
f 1772 	1780 	2125
f 2136 	1497 	2135
f 1496 	1495 	2135
f 1980 	2124 	1724
f 1881 	1477 	2134
f 2136 	2134 	1498
f 5323 	5321 	2139
f 950 	1205 	2137
f 2287 	999 	2140
f 996 	1293 	2140
f 2138 	5323 	2139
f 996 	2140 	999
f 1877 	2138 	2139
f 2141 	2122 	2121
f 2141 	1887 	2122
f 2143 	1488 	2132
f 2195 	2144 	2143
f 2141 	2121 	2146
f 1504 	2154 	1505
f 2152 	1505 	2154
f 940 	1293 	1273
f 2135 	1495 	2152
f 1274 	443 	1273
f 1504 	1503 	2150
f 2150 	2154 	1504
f 443 	1274 	1276
f 2162 	2150 	1502
f 769 	1267 	1270
f 2150 	2162 	2265
f 2160 	2265 	2162
f 2169 	8509 	2158
f 2101 	2100 	1601
f 2127 	2163 	2121
f 1501 	2160 	1502
f 1047 	1284 	1044
f 2162 	1502 	2160
f 1601 	2157 	1928
f 2156 	1928 	2157
f 1508 	2165 	2166
f 2163 	2164 	2121
f 2157 	1601 	2159
f 2159 	1601 	2100
f 2166 	2168 	1508
f 521 	1508 	2168
f 3075 	1509 	2168
f 1928 	2156 	2155
f 1217 	691 	1215
f 2127 	1906 	2163
f 1213 	1267 	718
f 1906 	5908 	2163
f 691 	1217 	718
f 1213 	718 	1217
f 2173 	2091 	2134
f 2177 	1850 	2176
f 2177 	1877 	1850
f 2136 	2173 	2134
f 2136 	2179 	2173
f 2176 	3367 	2177
f 2179 	2136 	2135
f 4037 	2170 	2185
f 2170 	2132 	2185
f 1211 	590 	1261
f 2187 	2182 	2186
f 778 	441 	1261
f 1260 	1261 	441
f 1035 	1283 	1047
f 1035 	772 	1283
f 1285 	1044 	1284
f 2137 	430 	1285
f 1879 	2188 	2130
f 2188 	2131 	2130
f 2188 	1879 	2120
f 2131 	2188 	2185
f 2185 	2132 	2131
f 2132 	2170 	2195
f 2132 	2195 	2143
f 2170 	4037 	2195
f 2199 	2144 	2197
f 2200 	1015 	1392
f 1015 	2200 	1069
f 1612 	1412 	2205
f 2199 	2145 	2144
f 2200 	2201 	1090
f 2199 	2165 	2145
f 2144 	2195 	2197
f 2200 	1090 	1069
f 1092 	1090 	2201
f 2205 	2196 	1612
f 2196 	2204 	2194
f 1925 	1907 	2203
f 2196 	2205 	2204
f 2211 	2203 	1907
f 1392 	1584 	2200
f 2211 	9060 	2203
f 2125 	2124 	2210
f 2182 	2204 	2186
f 2211 	2125 	2210
f 1907 	2125 	2211
f 2124 	1980 	2210
f 2211 	2210 	9060
f 1584 	1589 	2200
f 9060 	2210 	9064
f 2182 	2194 	2204
f 2189 	2022 	2023
f 2217 	2252 	2216
f 603 	4823 	652
f 652 	4823 	4825
f 2230 	2201 	2229
f 2217 	2194 	2182
f 2194 	2217 	2216
f 2234 	2235 	2200
f 4823 	603 	4830
f 9115 	9129 	733
f 2235 	2227 	2201
f 2220 	2225 	2224
f 9129 	729 	733
f 2201 	2200 	2235
f 2228 	2201 	2227
f 2229 	2201 	2228
f 2224 	2225 	1407
f 9316 	1524 	1619
f 2234 	2200 	1589
f 1407 	2225 	2233
f 2182 	2236 	2217
f 1405 	2233 	2236
f 2233 	1405 	1407
f 2182 	2187 	2236
f 2248 	2462 	2245
f 2154 	2150 	2251
f 2254 	2251 	2150
f 2255 	1098 	1094
f 4070 	2251 	2254
f 2152 	2251 	2249
f 2266 	1094 	1123
f 2251 	2152 	2154
f 2259 	2179 	2135
f 2152 	2249 	2259
f 2152 	2259 	2135
f 2263 	2376 	2261
f 2376 	2263 	4134
f 2265 	2389 	2254
f 2389 	2265 	2267
f 2150 	2265 	2254
f 2267 	2265 	2160
f 2269 	2255 	1094
f 1094 	2266 	2269
f 2272 	2168 	2166
f 2274 	2674 	1134
f 2189 	2215 	2022
f 3308 	2267 	2160
f 2189 	2023 	2024
f 2024 	2190 	2189
f 2214 	2190 	2024
f 2261 	2272 	2166
f 2024 	2020 	2214
f 2214 	2020 	2028
f 2273 	2274 	1134
f 4134 	2263 	2199
f 2276 	2214 	2028
f 2263 	2165 	2199
f 1874 	1941 	2276
f 2278 	1944 	2038
f 1629 	455 	2284
f 2215 	2313 	2284
f 2292 	1930 	2289
f 2283 	2137 	1205
f 2283 	1205 	2111
f 2284 	2283 	2111
f 2284 	2111 	2215
f 2117 	2287 	2285
f 1777 	2039 	1940
f 1930 	1940 	2289
f 2115 	2285 	2290
f 1940 	2039 	2289
f 2295 	2296 	2128
f 2039 	3371 	2289
f 2297 	2295 	2128
f 2129 	2297 	2128
f 2296 	2279 	2042
f 2042 	2072 	2296
f 1770 	2299 	1767
f 2334 	2302 	1770
f 2290 	2297 	2115
f 2297 	2129 	2115
f 2298 	2300 	1767
f 1767 	2300 	2301
f 2312 	2313 	2215
f 2312 	2215 	2189
f 2301 	2099 	1767
f 2097 	1766 	2099
f 1629 	2284 	2313
f 2189 	2190 	2312
f 2314 	2312 	2190
f 2190 	2214 	2314
f 2304 	2303 	3645
f 1775 	2309 	1762
f 2593 	2260 	2201
f 2309 	1775 	2308
f 2295 	450 	2296
f 1799 	1764 	2317
f 1799 	2317 	2303
f 2317 	1764 	9496
f 1899 	1974 	1975
f 1967 	2322 	1968
f 2325 	2303 	2317
f 2314 	2313 	2312
f 1799 	2303 	2304
f 2051 	1799 	2304
f 2310 	1775 	2318
f 9009 	2315 	1775
f 9496 	2324 	2317
f 2315 	9009 	2316
f 2324 	2325 	2317
f 2302 	2299 	1770
f 9029 	7 	8
f 2298 	1767 	2299
f 9123 	8 	55
f 2337 	2341 	2334
f 1770 	1810 	2334
f 2341 	2342 	2334
f 2342 	2343 	2334
f 2343 	2335 	2334
f 30 	9051 	29
f 2236 	2252 	2217
f 29 	9052 	1899
f 2225 	2222 	2252
f 2252 	2233 	2225
f 2346 	2344 	2347
f 2236 	2233 	2252
f 9025 	1520 	2347
f 46 	9121 	9122
f 9123 	55 	9122
f 2245 	2537 	5486
f 2354 	2356 	2353
f 2352 	2356 	2354
f 8951 	2354 	2353
f 1322 	697 	2359
f 2330 	2353 	2356
f 2813 	1322 	2359
f 9190 	2322 	1967
f 1967 	1937 	9243
f 1967 	9243 	9190
f 2359 	2396 	2348
f 2580 	2583 	2273
f 1899 	9053 	1974
f 2502 	2355 	2361
f 9178 	9179 	1974
f 2365 	2362 	2366
f 2502 	2361 	2367
f 2365 	2366 	9231
f 2361 	2472 	2367
f 2472 	2252 	2367
f 1403 	9252 	2278
f 2263 	2261 	2166
f 2399 	2330 	2403
f 2263 	2166 	2165
f 2356 	2455 	2330
f 2403 	2330 	2455
f 2383 	1814 	2377
f 1811 	1762 	1814
f 1762 	2377 	1814
f 2382 	2383 	2377
f 2260 	2578 	2273
f 2388 	2387 	2377
f 2384 	2382 	2377
f 2378 	2377 	1762
f 2385 	2384 	2377
f 9052 	29 	9051
f 2386 	2385 	2377
f 2380 	2388 	2377
f 2387 	2386 	2377
f 2347 	2407 	9025
f 4058 	2254 	2389
f 2389 	2267 	2394
f 2391 	1762 	2392
f 2389 	2394 	4148
f 2392 	1762 	2393
f 2378 	1762 	2391
f 2310 	2308 	1775
f 2393 	1762 	2309
f 2407 	2347 	2344
f 2261 	2381 	2272
f 2261 	2376 	2381
f 1511 	2492 	1512
f 1537 	2492 	1511
f 2485 	1740 	1358
f 964 	1358 	1740
f 9178 	1974 	9053
f 717 	2395 	2359
f 2396 	2359 	2395
f 9231 	2366 	2362
f 2396 	2457 	2540
f 1381 	1867 	1382
f 1944 	9252 	1947
f 669 	2396 	2395
f 1555 	2520 	1549
f 669 	2400 	2402
f 2521 	1563 	1566
f 2457 	2402 	2400
f 2402 	2457 	2396
f 2396 	669 	2402
f 1867 	2508 	1382
f 2508 	2509 	1539
f 1541 	2514 	1542
f 889 	2400 	669
f 1537 	1549 	2517
f 2400 	889 	900
f 900 	2408 	2400
f 2651 	1569 	2650
f 3066 	3069 	1577
f 1606 	3093 	1607
f 1607 	3093 	1568
f 1578 	1577 	3069
f 3066 	1577 	1576
f 2194 	2216 	2425
f 1609 	2449 	1451
f 2196 	2194 	2425
f 2425 	1612 	2196
f 2420 	918 	916
f 922 	918 	2420
f 2406 	2344 	2401
f 922 	2420 	2431
f 2407 	2344 	2406
f 9025 	9037 	1520
f 30 	9050 	9051
f 2416 	2431 	3312
f 2416 	911 	2431
f 2421 	2420 	916
f 2421 	916 	966
f 1612 	2449 	1609
f 2425 	2449 	1612
f 928 	2451 	2411
f 2451 	2496 	2474
f 2474 	2411 	2451
f 2456 	2633 	2634
f 1451 	2449 	1660
f 2425 	2216 	2472
f 2400 	2456 	2457
f 2472 	2460 	2425
f 2635 	2671 	2213
f 2467 	2464 	2442
f 2213 	2442 	2464
f 2400 	2465 	2456
f 2491 	2462 	2467
f 2464 	2462 	2248
f 2464 	2248 	2213
f 2408 	2465 	2400
f 2408 	2411 	2465
f 2460 	2472 	2361
f 2252 	2472 	2216
f 1579 	3072 	1500
f 1501 	1500 	2160
f 3076 	1588 	3075
f 1586 	3075 	1588
f 3076 	3080 	1588
f 2465 	2411 	2474
f 1586 	1509 	3075
f 2637 	2465 	2474
f 1590 	3080 	1593
f 3083 	1596 	3143
f 2646 	3089 	1553
f 2478 	2420 	2421
f 2476 	2479 	1670
f 2431 	2420 	2478
f 1600 	3089 	1573
f 2491 	2467 	2479
f 2421 	2481 	2478
f 1670 	2479 	2447
f 2479 	2467 	2442
f 2479 	2442 	2447
f 2447 	1666 	1670
f 2487 	2488 	2483
f 1660 	2486 	2360
f 1660 	2449 	2486
f 2361 	2360 	2486
f 2487 	2483 	2484
f 2486 	2460 	2361
f 2425 	2460 	2486
f 2449 	2425 	2486
f 2699 	2482 	2478
f 2492 	2487 	2485
f 2431 	2478 	2482
f 2453 	2352 	2494
f 2476 	3483 	2493
f 2352 	2453 	2356
f 2455 	2356 	2453
f 2464 	2467 	2462
f 3312 	2431 	2482
f 2487 	2484 	2485
f 2493 	2491 	2476
f 2479 	2476 	2491
f 2705 	2482 	2699
f 2496 	2451 	3149
f 2485 	1512 	2492
f 2517 	2492 	1537
f 2496 	2701 	2474
f 1742 	1741 	2484
f 1742 	2484 	2483
f 1741 	1740 	2485
f 2485 	2484 	1741
f 1539 	1382 	2508
f 960 	958 	2500
f 2500 	958 	962
f 2355 	2502 	2499
f 1547 	2518 	1543
f 2501 	2499 	2502
f 2504 	2501 	2502
f 2506 	2500 	962
f 2502 	2367 	2504
f 1540 	1539 	2509
f 2222 	2504 	2367
f 2504 	2222 	2225
f 1541 	1540 	2509
f 2367 	2252 	2222
f 2504 	2225 	2220
f 2421 	2513 	2481
f 2501 	2504 	3959
f 2421 	966 	2513
f 2518 	1542 	2514
f 1541 	2509 	2514
f 960 	2500 	2515
f 2513 	2515 	2614
f 2512 	1544 	2516
f 1544 	1543 	2516
f 2350 	2799 	2743
f 1547 	1542 	2518
f 1968 	9198 	2494
f 2516 	1543 	2518
f 1210 	597 	1211
f 590 	1211 	597
f 778 	1261 	590
f 43 	1214 	9124
f 686 	683 	1215
f 1214 	1215 	683
f 1215 	691 	686
f 2519 	1544 	2512
f 1545 	1544 	2519
f 2859 	2639 	2519
f 1385 	1629 	2313
f 1396 	2314 	2214
f 1396 	2214 	2276
f 2296 	449 	2279
f 1401 	2279 	449
f 2517 	1549 	2520
f 1403 	2278 	1401
f 2279 	1401 	2278
f 449 	2296 	450
f 2521 	1566 	2522
f 1571 	2522 	1566
f 597 	1210 	8977
f 2583 	2582 	2273
f 1416 	1396 	2276
f 1560 	2553 	1556
f 2553 	1560 	2521
f 2783 	2797 	2269
f 2269 	2266 	2777
f 2593 	2594 	2260
f 2580 	2273 	2578
f 2582 	2574 	2274
f 2569 	2274 	2567
f 2572 	2274 	2569
f 2545 	2245 	2462
f 2255 	2269 	2797
f 2462 	2491 	2545
f 2245 	2545 	2537
f 2552 	2550 	2533
f 2531 	2533 	2550
f 2550 	2551 	2531
f 2552 	2533 	2537
f 2545 	2552 	2537
f 2520 	1556 	2553
f 1555 	1556 	2520
f 2274 	2273 	2582
f 2552 	2545 	2495
f 2545 	2493 	2495
f 2545 	2491 	2493
f 2593 	2201 	2230
f 2567 	2274 	2566
f 2592 	2260 	2591
f 2575 	2274 	2574
f 2578 	2260 	2577
f 2577 	2260 	2576
f 2592 	2576 	2260
f 2591 	2260 	2594
f 2558 	2531 	2551
f 2348 	2396 	2540
f 2348 	2540 	2350
f 2540 	2799 	2350
f 2513 	2614 	2481
f 3656 	3663 	2551
f 2551 	2550 	3656
f 2619 	2621 	5496
f 2726 	2614 	2617
f 2617 	2622 	2735
f 2614 	2515 	2617
f 2617 	2515 	2622
f 1412 	1688 	2205
f 2624 	2205 	1688
f 2515 	2500 	2622
f 2619 	5495 	2204
f 2205 	2624 	2204
f 2619 	2204 	2624
f 2500 	2506 	2622
f 2621 	2619 	2627
f 2624 	2627 	2619
f 2622 	2506 	2623
f 2186 	2204 	5495
f 1687 	2632 	2627
f 2621 	2627 	2632
f 2457 	2456 	2634
f 2213 	5450 	2635
f 1571 	2651 	2522
f 2639 	1546 	2519
f 1550 	1546 	2639
f 1545 	2519 	1546
f 1550 	2639 	1551
f 2641 	1551 	2639
f 2642 	2645 	2032
f 1551 	2641 	2646
f 1906 	2667 	2644
f 1552 	1551 	2646
f 5908 	1906 	2644
f 2447 	2642 	2032
f 2651 	2901 	2522
f 1300 	1280 	2654
f 2655 	2508 	1867
f 2266 	1123 	1300
f 2682 	2266 	1300
f 1300 	2654 	2682
f 2508 	2655 	2509
f 2659 	1282 	1301
f 2655 	2656 	2509
f 2659 	1289 	1282
f 2656 	2655 	2749
f 2656 	2749 	2661
f 2509 	2656 	2514
f 1295 	1289 	2659
f 1279 	1161 	2654
f 1161 	1448 	2654
f 1280 	1279 	2654
f 2663 	2516 	2662
f 2447 	2442 	2642
f 2665 	2662 	2516
f 2642 	2442 	2671
f 2659 	1301 	2676
f 2032 	1666 	2447
f 2512 	2516 	2663
f 2031 	2667 	1906
f 2788 	2512 	2663
f 2656 	2661 	2514
f 2667 	2031 	2645
f 2635 	2670 	2671
f 2514 	2661 	2665
f 2662 	2665 	2767
f 2676 	1301 	2674
f 1301 	1134 	2674
f 2665 	2516 	2518
f 2518 	2514 	2665
f 2678 	2487 	2492
f 2660 	2659 	2676
f 2674 	2871 	2676
f 2492 	2517 	2678
f 2676 	2680 	2660
f 2654 	2683 	2682
f 2683 	2654 	1467
f 2274 	2876 	2674
f 2872 	2676 	2871
f 2465 	2637 	2456
f 2474 	2701 	2637
f 2633 	2456 	2637
f 2637 	4999 	2633
f 2614 	2726 	2697
f 2481 	2614 	2697
f 2777 	2266 	2682
f 2680 	2820 	8762
f 2697 	2699 	2481
f 2699 	2478 	2481
f 2637 	2701 	4996
f 3499 	3498 	2697
f 3502 	2705 	2699
f 2637 	4996 	4999
f 4999 	5005 	2633
f 3499 	2697 	2726
f 2617 	2728 	2726
f 3510 	2726 	2728
f 2617 	2735 	2728
f 2726 	3510 	3499
f 2735 	2622 	2623
f 2740 	2735 	2623
f 2623 	2973 	2740
f 3513 	2735 	2740
f 2740 	2973 	3513
f 2517 	2520 	2678
f 2748 	2749 	2655
f 2869 	2674 	2876
f 2655 	1953 	2748
f 2682 	2683 	2822
f 2872 	2873 	2676
f 2662 	2758 	2759
f 2819 	2680 	2676
f 2663 	2662 	2759
f 2758 	2662 	2767
f 2661 	2767 	2665
f 2667 	2645 	2670
f 2672 	2667 	2670
f 2871 	2674 	2869
f 2756 	2767 	2661
f 2442 	2213 	2671
f 2645 	2642 	2670
f 2671 	2670 	2642
f 2566 	2274 	2575
f 2274 	2572 	2782
f 2255 	2797 	1421
f 2783 	2269 	2777
f 2749 	2756 	2661
f 2756 	4761 	2767
f 2778 	2776 	2780
f 2777 	2682 	2830
f 2778 	2775 	2776
f 2487 	2678 	2781
f 2775 	2811 	2776
f 2781 	2488 	2487
f 2781 	2678 	2824
f 2784 	2785 	2783
f 2785 	2786 	2783
f 2797 	2783 	2786
f 2784 	2783 	2787
f 2783 	2777 	2787
f 2777 	2792 	2787
f 2663 	2918 	2788
f 2830 	2794 	2792
f 2519 	2512 	2788
f 2811 	2775 	2800
f 2519 	2788 	2859
f 1421 	2797 	1655
f 3003 	2778 	2780
f 2663 	2759 	2918
f 2743 	2799 	3516
f 3518 	3516 	2799
f 2800 	2775 	1271
f 1413 	2800 	1271
f 2540 	2457 	2634
f 2553 	2521 	2801
f 2634 	2799 	2540
f 2522 	2801 	2521
f 2801 	2522 	2807
f 2802 	2804 	1269
f 2804 	1268 	1269
f 2808 	2804 	2823
f 2801 	2807 	2803
f 2809 	1320 	1322
f 2809 	2806 	2805
f 1322 	2813 	2809
f 2811 	1413 	1414
f 2803 	2807 	2810
f 2811 	2800 	1413
f 2811 	1414 	1632
f 2809 	2813 	2806
f 2811 	1632 	2862
f 2786 	2815 	2797
f 2815 	1652 	2797
f 1652 	1653 	2797
f 2816 	2553 	2801
f 2801 	2803 	2816
f 2802 	2817 	2821
f 2819 	2820 	2680
f 2804 	2802 	2821
f 2923 	8762 	2820
f 2823 	2804 	2821
f 2520 	2553 	2824
f 2822 	2683 	1917
f 2819 	2676 	2873
f 2873 	2874 	2819
f 2824 	2553 	2816
f 2678 	2520 	2824
f 2932 	2930 	2822
f 2682 	2822 	2830
f 2822 	1917 	2932
f 2998 	2829 	2831
f 2806 	2813 	2359
f 2802 	2836 	2817
f 1269 	2836 	2802
f 2835 	3019 	2831
f 2803 	2810 	2832
f 2829 	2835 	2831
f 2817 	2836 	2829
f 2803 	2832 	2834
f 2829 	2836 	2835
f 2806 	2359 	2348
f 2838 	2816 	2803
f 2776 	2811 	2839
f 2809 	2842 	1311
f 2824 	2816 	2849
f 2849 	2816 	2838
f 2844 	2780 	2776
f 2844 	2776 	2839
f 2844 	2839 	2840
f 2803 	2834 	2841
f 2847 	2844 	2840
f 1436 	2842 	2843
f 2837 	2847 	2840
f 2803 	2841 	2838
f 2842 	2809 	2805
f 3477 	2847 	2837
f 1311 	2842 	1436
f 2811 	2862 	2839
f 2838 	2841 	2849
f 2849 	2781 	2824
f 2851 	2849 	2841
f 2851 	4783 	2849
f 2506 	962 	2852
f 2852 	1444 	1446
f 2781 	2849 	4783
f 2857 	3049 	2847
f 3049 	2857 	3048
f 2852 	2942 	2506
f 2837 	1660 	2360
f 1456 	2860 	1446
f 2641 	2639 	2859
f 2859 	2863 	2641
f 2859 	2788 	2925
f 1446 	2865 	2852
f 2860 	2865 	1446
f 2641 	2863 	2866
f 2819 	2921 	2820
f 2646 	2641 	2866
f 2874 	2881 	2819
f 2274 	2782 	2876
f 2929 	2884 	2830
f 2792 	2777 	2830
f 2930 	2929 	2822
f 2901 	2807 	2522
f 2650 	3093 	2883
f 2923 	2820 	2922
f 2839 	2862 	1631
f 2839 	1631 	2840
f 2883 	2651 	2650
f 2884 	2794 	2830
f 2817 	2996 	2886
f 2830 	2822 	2929
f 1917 	1955 	2932
f 2896 	2817 	2886
f 2886 	2904 	2896
f 2860 	2943 	2865
f 2821 	1641 	2823
f 2821 	2817 	2896
f 2842 	2805 	2895
f 1641 	2821 	2896
f 2896 	2904 	1641
f 2805 	2806 	2900
f 2898 	2900 	2806
f 2882 	2946 	2902
f 2901 	2882 	2902
f 2901 	2651 	2883
f 2807 	2902 	2810
f 1641 	2904 	1648
f 2901 	2902 	2807
f 1670 	1648 	2904
f 2904 	2914 	1670
f 2895 	2805 	2900
f 2882 	2901 	2883
f 2843 	2842 	2895
f 2911 	2843 	2895
f 2895 	5699 	2911
f 2759 	4864 	2919
f 2918 	2759 	2919
f 2921 	2819 	2881
f 2922 	2820 	2921
f 2915 	2918 	2919
f 2918 	2925 	2788
f 2925 	2918 	2915
f 2935 	2925 	2915
f 2935 	2915 	2912
f 2925 	2935 	2863
f 2863 	2859 	2925
f 2935 	2912 	2917
f 2898 	2806 	2348
f 2940 	2935 	2917
f 2348 	2350 	2898
f 2940 	2863 	2935
f 2866 	2863 	2940
f 2623 	2942 	2973
f 2623 	2506 	2942
f 2852 	2943 	2942
f 2832 	2810 	2902
f 2852 	2865 	2943
f 2832 	2902 	2949
f 2946 	5044 	2949
f 2902 	2946 	2949
f 2943 	2860 	2951
f 2895 	2960 	5699
f 2895 	2900 	2960
f 2900 	2898 	2961
f 2961 	2962 	2900
f 2900 	2962 	2960
f 2904 	2886 	2914
f 2743 	2961 	2350
f 2961 	2898 	2350
f 2743 	3516 	2961
f 2914 	2903 	1670
f 2942 	2943 	2972
f 2942 	2972 	2973
f 2837 	2840 	1631
f 2951 	2972 	2943
f 1631 	1660 	2837
f 2979 	2998 	2978
f 2978 	2998 	3078
f 2972 	2951 	2976
f 5719 	5715 	2960
f 3530 	2962 	3531
f 2961 	3531 	2962
f 2960 	2962 	5719
f 1517 	1514 	2983
f 1517 	2983 	2986
f 1529 	2988 	2989
f 1525 	1529 	2989
f 2913 	2914 	2996
f 2886 	2996 	2914
f 2913 	2998 	2979
f 2996 	2998 	2913
f 2817 	2829 	2996
f 2996 	2829 	2998
f 3002 	3003 	3005
f 3002 	3005 	3010
f 3002 	2778 	3003
f 3005 	3014 	3010
f 3014 	3015 	3010
f 3017 	3020 	3043
f 3017 	3021 	3020
f 3017 	3043 	3022
f 3018 	3017 	3022
f 3019 	3018 	3039
f 3039 	3018 	3022
f 2831 	3019 	3039
f 3046 	3048 	2857
f 3049 	2780 	2844
f 3049 	3003 	2780
f 3049 	2844 	2847
f 3049 	3048 	3005
f 3003 	3049 	3005
f 3048 	3055 	3005
f 3055 	3048 	3046
f 1575 	1574 	2956
f 2953 	2956 	1574
f 3065 	3066 	1576
f 1575 	3065 	1576
f 1575 	2956 	3065
f 3065 	2956 	3151
f 1579 	1578 	3069
f 3072 	1579 	3069
f 3014 	3005 	3055
f 2160 	1500 	3072
f 3075 	3318 	3076
f 3022 	3043 	3125
f 1590 	1588 	3080
f 2168 	2272 	3075
f 1595 	3143 	1596
f 1596 	3083 	1597
f 3087 	1597 	3083
f 3089 	2646 	2866
f 1600 	1553 	3089
f 2953 	1573 	3089
f 1574 	1573 	2953
f 3022 	3125 	3110
f 3110 	3078 	3022
f 2831 	3039 	3078
f 2831 	3078 	2998
f 3078 	3039 	3022
f 3078 	3110 	3112
f 2978 	3078 	3112
f 3114 	3134 	3111
f 3125 	3113 	3110
f 3112 	3110 	3113
f 3121 	3134 	3115
f 3763 	3113 	3135
f 3115 	3134 	3114
f 3121 	3131 	3134
f 3132 	3134 	3131
f 3135 	3020 	3118
f 3133 	3134 	3132
f 3125 	3020 	3135
f 3113 	3125 	3135
f 3107 	3134 	3105
f 3043 	3020 	3125
f 1605 	3094 	1606
f 3093 	1606 	3094
f 1569 	1568 	2650
f 3093 	2650 	1568
f 1605 	1597 	3094
f 3087 	3094 	1597
f 1827 	2808 	2823
f 5956 	2808 	1827
f 2823 	1831 	1827
f 3157 	3269 	2983
f 3269 	2986 	2983
f 1595 	1593 	3143
f 3143 	1593 	3080
f 3269 	2988 	2986
f 3148 	3066 	3065
f 2336 	1522 	1525
f 3149 	2336 	1525
f 3151 	3148 	3065
f 3148 	3165 	3164
f 3149 	1525 	2989
f 3149 	2989 	5366
f 3151 	2956 	2953
f 2953 	3147 	3151
f 3165 	3148 	3151
f 3149 	2451 	2336
f 1529 	2986 	2988
f 1529 	1517 	2986
f 3159 	3148 	3164
f 3066 	3148 	3159
f 2988 	3269 	3161
f 5366 	2988 	3161
f 3066 	3159 	3158
f 3317 	1855 	1887
f 3308 	3069 	3158
f 3158 	3069 	3066
f 3163 	3310 	3162
f 3105 	3273 	3106
f 3111 	3134 	3107
f 3051 	3106 	3891
f 3165 	3151 	3147
f 3159 	3164 	3180
f 3180 	3204 	3159
f 3134 	3227 	3105
f 3227 	3252 	3105
f 3273 	3105 	3266
f 3252 	3266 	3105
f 3270 	3273 	3266
f 3276 	3272 	3270
f 3271 	3278 	3276
f 3271 	3276 	3270
f 3891 	3106 	3273
f 3187 	3177 	3188
f 3179 	3660 	3189
f 3644 	3541 	3415
f 3159 	3204 	3158
f 3303 	3306 	3314
f 3162 	3329 	3328
f 3306 	3305 	1949
f 3306 	3383 	3305
f 3158 	3204 	3308
f 3314 	3306 	1949
f 3163 	3311 	3310
f 3309 	3310 	3307
f 2267 	3308 	3349
f 3329 	3162 	3310
f 3075 	2272 	3313
f 3313 	3318 	3075
f 3310 	3311 	3307
f 3303 	3314 	3312
f 3317 	3316 	1855
f 2272 	2381 	3313
f 3312 	3314 	2416
f 3307 	3316 	3317
f 3309 	3307 	3317
f 3376 	3306 	3303
f 3076 	3318 	3320
f 3320 	3080 	3076
f 911 	3314 	1976
f 911 	2416 	3314
f 2160 	3072 	3308
f 3308 	3072 	3069
f 2141 	2146 	3322
f 3312 	2482 	3378
f 3309 	2141 	3322
f 2146 	2161 	3322
f 3322 	2161 	6269
f 3329 	3309 	3322
f 3317 	1887 	2141
f 3309 	3317 	2141
f 6269 	3328 	3329
f 3324 	1948 	3305
f 2002 	1949 	3305
f 1948 	2002 	3305
f 6269 	3329 	3322
f 3329 	3310 	3309
f 3324 	3331 	1948
f 3331 	2026 	1948
f 3331 	3330 	2034
f 3330 	2030 	2034
f 3416 	3334 	3332
f 3231 	4803 	3228
f 4922 	3245 	1031
f 3251 	5205 	3248
f 4922 	1031 	3250
f 3253 	5062 	3254
f 5062 	5073 	11
f 5062 	11 	3254
f 3320 	3143 	3080
f 3351 	2030 	3330
f 3337 	3338 	2039
f 3308 	3204 	3349
f 2040 	3337 	2039
f 2267 	3349 	2394
f 3351 	3337 	2030
f 3350 	3313 	2381
f 3355 	2045 	2051
f 3355 	3357 	2050
f 3357 	1514 	2050
f 3350 	3318 	3313
f 3157 	2983 	3357
f 3359 	3350 	5423
f 3355 	2050 	2045
f 3318 	3350 	3359
f 3357 	2983 	1514
f 3360 	3320 	3318
f 3359 	3360 	3318
f 3538 	3320 	3360
f 3330 	3331 	3387
f 3331 	3324 	3387
f 3351 	3407 	3337
f 3363 	3365 	3364
f 3083 	3363 	3087
f 3083 	3365 	3363
f 3330 	3407 	3351
f 5829 	3366 	3368
f 3367 	3366 	6286
f 3367 	3368 	3366
f 3369 	3147 	2953
f 3157 	3357 	3415
f 3369 	2953 	3089
f 3369 	3490 	3147
f 3369 	3089 	2866
f 2176 	3368 	3367
f 2866 	2940 	3369
f 2289 	3371 	3370
f 3370 	6165 	2292
f 3369 	2940 	3490
f 3370 	2292 	2289
f 2039 	3338 	3371
f 3374 	3363 	3364
f 3376 	3375 	3306
f 3377 	3163 	3162
f 2482 	2705 	3378
f 3502 	3378 	2705
f 3378 	3303 	3312
f 3380 	3372 	3373
f 3373 	3377 	3380
f 3303 	3378 	3376
f 3162 	3380 	3377
f 3383 	3382 	3324
f 3383 	3324 	3305
f 3366 	3379 	6286
f 3386 	3380 	3162
f 3377 	3373 	5827
f 3383 	3375 	3616
f 3377 	5827 	3163
f 3375 	3383 	3306
f 3372 	3380 	3384
f 3330 	3387 	3388
f 3387 	3324 	3382
f 3386 	3384 	3380
f 3162 	3328 	3386
f 5854 	3391 	3390
f 3390 	3391 	3393
f 3392 	3390 	3393
f 3625 	3640 	3388
f 3372 	3393 	3391
f 3391 	3373 	3372
f 3427 	3392 	3393
f 3396 	3338 	3337
f 3371 	3338 	3400
f 3337 	3407 	3396
f 3400 	3338 	3396
f 3330 	3388 	3407
f 3398 	3421 	3420
f 3627 	7491 	3400
f 3396 	3628 	3627
f 3400 	3396 	3627
f 3413 	3357 	3355
f 3398 	5860 	3421
f 5857 	3421 	5860
f 3413 	3415 	3357
f 3413 	3644 	3415
f 3418 	3416 	3392
f 3625 	3388 	3387
f 3418 	3392 	3433
f 3418 	3433 	3334
f 3334 	3416 	3418
f 3392 	3416 	3390
f 3175 	3443 	3176
f 3194 	3798 	3181
f 3422 	3420 	3421
f 3423 	3422 	3421
f 3178 	3660 	3179
f 5857 	3423 	3421
f 3182 	3745 	3183
f 3752 	3754 	3183
f 3184 	3183 	3754
f 3185 	3753 	3172
f 3433 	3392 	3428
f 3428 	3392 	3427
f 3427 	6401 	3428
f 3178 	3177 	3660
f 3187 	3698 	3177
f 3427 	3393 	3372
f 3427 	3372 	3384
f 3192 	3795 	3794
f 3193 	3192 	3794
f 3847 	3846 	3195
f 3198 	3199 	3786
f 3787 	3786 	3199
f 3790 	3787 	3200
f 3433 	3333 	3334
f 3175 	3171 	3443
f 3436 	3443 	3171
f 3186 	3176 	3700
f 3169 	3168 	3446
f 3447 	3436 	3170
f 3171 	3170 	3436
f 3170 	3169 	3446
f 3170 	3446 	3447
f 6413 	3420 	3422
f 3173 	3451 	3174
f 3454 	3174 	3451
f 3454 	3451 	3478
f 3363 	3374 	3470
f 3471 	3093 	3472
f 3458 	3447 	3446
f 3474 	3458 	3589
f 3472 	3093 	3094
f 3457 	2355 	3456
f 3457 	2361 	2355
f 3471 	3472 	3475
f 3474 	3447 	3458
f 3470 	3475 	3472
f 3472 	3094 	3087
f 3480 	2857 	2847
f 3477 	3480 	2847
f 3454 	3478 	3476
f 3457 	3456 	3477
f 3472 	3087 	3363
f 2837 	2360 	3457
f 3457 	2360 	2361
f 2837 	3457 	3477
f 3456 	3480 	3477
f 3472 	3363 	3470
f 2857 	3480 	3694
f 3093 	3471 	2883
f 3480 	3456 	3694
f 3456 	3452 	3694
f 3475 	2882 	3471
f 3471 	2882 	2883
f 3413 	3642 	3644
f 2476 	1670 	2903
f 3482 	3371 	3400
f 2903 	3491 	3483
f 3475 	2946 	2882
f 2476 	2903 	3483
f 2903 	2914 	3491
f 3488 	3483 	3491
f 2699 	2697 	3498
f 3487 	3374 	3364
f 2493 	3483 	3488
f 2699 	3498 	3502
f 3488 	3486 	2495
f 2634 	2633 	3505
f 2799 	2634 	3505
f 3487 	3364 	3532
f 3656 	2495 	3486
f 2493 	3488 	2495
f 3491 	2914 	2913
f 3491 	2913 	2979
f 3491 	2979 	3493
f 3504 	3147 	3490
f 3493 	3488 	3491
f 3518 	3496 	3494
f 3493 	3503 	3486
f 3488 	3493 	3486
f 3490 	2940 	2917
f 3490 	2917 	3495
f 3510 	3628 	3499
f 3499 	3628 	3498
f 3497 	3504 	3490
f 3497 	3490 	3495
f 3500 	3501 	3506
f 3504 	3497 	3165
f 3147 	3504 	3165
f 3486 	3503 	3501
f 3513 	3628 	3512
f 3512 	3628 	3511
f 3511 	3510 	2728
f 3512 	3511 	2728
f 2728 	2735 	3512
f 2735 	3513 	3512
f 3514 	3475 	3470
f 3514 	5574 	3517
f 4995 	3496 	3505
f 3518 	3505 	3496
f 3518 	2799 	3505
f 3514 	3517 	3475
f 3494 	3516 	3518
f 3520 	3521 	5118
f 7500 	7501 	7614
f 3374 	3514 	3470
f 3513 	2973 	3525
f 2973 	2972 	3525
f 5718 	3525 	2972
f 3526 	3374 	3487
f 3475 	3517 	2946
f 3514 	3374 	3526
f 9681 	9683 	3315
f 3530 	3531 	3523
f 3494 	3531 	3516
f 3494 	3523 	3531
f 5673 	3532 	3533
f 5719 	2962 	3530
f 2961 	3516 	3531
f 5673 	3533 	3360
f 3534 	3535 	3536
f 3269 	3157 	3535
f 3536 	3535 	3157
f 3360 	3533 	3538
f 3157 	3415 	3541
f 3364 	3533 	3532
f 3320 	3538 	3143
f 3533 	3364 	3365
f 3616 	3375 	3617
f 3538 	3533 	3365
f 3083 	3538 	3365
f 3378 	3502 	3618
f 3538 	3083 	3143
f 3617 	3376 	3378
f 3617 	3378 	3618
f 3626 	3382 	3619
f 3382 	3383 	3619
f 3620 	3619 	3383
f 3387 	3382 	3626
f 3646 	3543 	3544
f 3436 	3474 	3479
f 3503 	3112 	3506
f 3543 	1737 	3544
f 3447 	3474 	3436
f 3567 	3571 	3460
f 3503 	3506 	3501
f 1737 	3546 	3544
f 3436 	3460 	3443
f 3493 	2979 	2978
f 3479 	3460 	3436
f 3503 	3493 	2978
f 3546 	3547 	3545
f 3503 	2978 	3112
f 3476 	3478 	3592
f 3546 	3545 	3544
f 3456 	3548 	3452
f 3777 	3592 	3478
f 2187 	2186 	3549
f 3456 	3550 	3548
f 3834 	3688 	3315
f 3570 	3551 	3552
f 3703 	3791 	3315
f 3918 	3551 	3549
f 3452 	3548 	3553
f 3554 	3553 	3548
f 3554 	3548 	3555
f 3548 	2499 	3555
f 3638 	3561 	3562
f 3460 	3479 	3567
f 3567 	3570 	3571
f 3570 	3552 	3571
f 3589 	3575 	3474
f 3575 	3567 	3479
f 3575 	3479 	3474
f 1405 	3570 	3582
f 3582 	3567 	3575
f 3567 	3582 	3570
f 3589 	3638 	3575
f 3589 	3561 	3638
f 3592 	3591 	3476
f 3545 	3547 	3564
f 3593 	1891 	2102
f 3632 	3591 	3592
f 3599 	3598 	1909
f 1912 	3599 	1909
f 3601 	2187 	3549
f 3601 	1405 	2236
f 3601 	2236 	2187
f 1405 	3601 	3570
f 3601 	3549 	3551
f 3570 	3601 	3551
f 1898 	3646 	3600
f 3602 	3600 	3615
f 3482 	3400 	7491
f 3599 	3806 	3598
f 3628 	3396 	3407
f 3614 	4681 	4679
f 3502 	3640 	3618
f 3498 	3640 	3502
f 3511 	3628 	3510
f 3627 	3628 	3513
f 3618 	3625 	3617
f 3619 	3617 	3626
f 3620 	3616 	3619
f 3617 	3619 	3616
f 3376 	3617 	3375
f 3615 	3600 	3611
f 3806 	3602 	3615
f 3383 	3616 	3620
f 3626 	3617 	3625
f 3640 	3498 	3628
f 3625 	3618 	3640
f 2074 	2070 	3730
f 3591 	3632 	3614
f 3632 	3592 	3631
f 3730 	2070 	3634
f 1959 	3634 	2070
f 3597 	3591 	3614
f 3604 	5474 	3631
f 4100 	3604 	3631
f 3643 	1958 	1969
f 3637 	3634 	1959
f 1405 	3582 	3638
f 3637 	1958 	3643
f 3387 	3626 	3625
f 3637 	1959 	1958
f 3593 	3652 	3639
f 3640 	3628 	3407
f 3407 	3388 	3640
f 3710 	3705 	3642
f 3593 	3639 	1890
f 3413 	3671 	3642
f 3641 	3541 	3644
f 3641 	3644 	3642
f 3639 	3643 	1890
f 1969 	1890 	3643
f 2304 	3645 	3647
f 3648 	3355 	2051
f 2051 	2304 	3648
f 3638 	3582 	3575
f 3638 	3562 	2224
f 2499 	3548 	3550
f 3734 	3634 	3651
f 3651 	3634 	3637
f 2499 	2501 	3555
f 2501 	3971 	3555
f 3456 	2355 	3550
f 2355 	2499 	3550
f 3651 	3637 	3643
f 2550 	2552 	2495
f 3656 	2550 	2495
f 3647 	3648 	2304
f 3486 	3663 	3656
f 3355 	3648 	3671
f 3663 	3486 	3501
f 3671 	3648 	3647
f 7628 	3645 	2303
f 3645 	3669 	3668
f 3667 	3500 	3797
f 3645 	3668 	3647
f 3668 	3669 	3706
f 3663 	3501 	3667
f 2551 	3663 	3667
f 3669 	7695 	3706
f 3667 	3657 	2551
f 3500 	3667 	3501
f 3706 	3671 	3668
f 3785 	3553 	3672
f 3647 	3668 	3671
f 3413 	3355 	3671
f 3669 	3645 	7628
f 3652 	3675 	3639
f 3675 	3820 	3678
f 3643 	3639 	3678
f 3639 	3675 	3678
f 3651 	3643 	3678
f 3681 	3658 	3659
f 3688 	3834 	3687
f 3681 	3684 	3658
f 3657 	3667 	3659
f 3659 	3667 	3681
f 3692 	3694 	3452
f 3046 	2857 	3694
f 3694 	3692 	3046
f 3695 	3046 	3692
f 3695 	3717 	3055
f 3858 	3680 	3683
f 3055 	3046 	3695
f 3703 	3315 	3702
f 3702 	3315 	3688
f 3704 	3113 	3701
f 3700 	3698 	3187
f 3700 	3187 	3186
f 3704 	3701 	3500
f 3796 	3797 	3701
f 3669 	7628 	7632
f 3701 	3699 	3796
f 3500 	3701 	3797
f 3706 	3705 	3710
f 3641 	3642 	3705
f 3506 	3112 	3704
f 3112 	3113 	3704
f 3710 	3642 	3671
f 3706 	3710 	3671
f 3500 	3506 	3704
f 3536 	5307 	3534
f 3768 	3717 	3695
f 3611 	3600 	3679
f 3646 	3679 	3600
f 3545 	3679 	3544
f 3544 	3679 	3646
f 3734 	3730 	3634
f 3735 	3736 	2086
f 3736 	2102 	2086
f 2102 	3736 	3593
f 2120 	2126 	3738
f 3738 	2126 	3598
f 2126 	1909 	3598
f 3660 	3177 	3698
f 3443 	3700 	3176
f 3698 	3680 	3660
f 3182 	3181 	3745
f 3752 	3745 	3772
f 3752 	3183 	3745
f 3451 	3753 	3478
f 3753 	3185 	3754
f 3185 	3184 	3754
f 3173 	3172 	3451
f 3451 	3172 	3753
f 3571 	3654 	3460
f 3761 	3654 	3762
f 3135 	3118 	3759
f 3761 	3762 	3698
f 3763 	3135 	3759
f 3761 	3698 	3700
f 3655 	3762 	3654
f 3764 	3779 	3699
f 3683 	3762 	3655
f 3763 	3759 	3701
f 3761 	3700 	3443
f 3761 	3443 	3460
f 3460 	3654 	3761
f 3762 	3683 	3680
f 3762 	3680 	3698
f 3654 	3571 	3895
f 3113 	3763 	3701
f 2089 	3742 	3741
f 2089 	3741 	2086
f 4553 	3768 	3767
f 2173 	3742 	2091
f 2120 	3769 	4045
f 3738 	3769 	2120
f 3768 	3695 	3692
f 3772 	3745 	3771
f 3767 	3821 	3770
f 3860 	3315 	3859
f 3776 	3777 	3753
f 3741 	3742 	3775
f 3754 	3752 	3772
f 3768 	3692 	3782
f 3742 	3999 	3775
f 3776 	3753 	3754
f 3741 	3773 	3735
f 3774 	3773 	3741
f 3736 	3773 	3801
f 3772 	3776 	3754
f 3735 	3773 	3736
f 3759 	3764 	3699
f 3792 	3315 	3791
f 3774 	3741 	3775
f 3777 	3776 	4084
f 3777 	3478 	3753
f 3315 	3861 	3108
f 3796 	3699 	3779
f 3779 	3778 	3803
f 3779 	3803 	3796
f 3699 	3701 	3759
f 3782 	3692 	3452
f 3782 	3452 	3553
f 3553 	3785 	3782
f 3873 	3108 	3861
f 3875 	3108 	3874
f 3788 	3197 	3786
f 3199 	3200 	3787
f 3768 	3782 	3785
f 3784 	3805 	3807
f 3786 	3853 	3788
f 4286 	3196 	3788
f 3197 	3788 	3196
f 3198 	3786 	3197
f 3200 	3189 	3790
f 3660 	3790 	3189
f 3680 	3790 	3660
f 3858 	3787 	3790
f 3677 	3796 	3803
f 3797 	3796 	3681
f 3796 	3677 	3684
f 3796 	3684 	3681
f 3681 	3667 	3797
f 3778 	3789 	3803
f 3801 	3979 	3652
f 3801 	3652 	3593
f 3593 	3736 	3801
f 3808 	3804 	3806
f 3672 	3805 	3784
f 3785 	3672 	3784
f 3615 	3844 	3806
f 3598 	3806 	3804
f 4104 	3807 	3805
f 3599 	3602 	3806
f 3677 	3803 	3789
f 3810 	3924 	3804
f 3804 	3808 	3810
f 3814 	3677 	3789
f 3807 	4104 	4110
f 3804 	3738 	3598
f 3738 	3804 	3924
f 3784 	3768 	3785
f 3819 	4449 	4412
f 3784 	3821 	3767
f 3821 	3784 	3807
f 3652 	3819 	3820
f 3820 	3675 	3652
f 3845 	3611 	3679
f 3823 	3679 	3545
f 3831 	3832 	3651
f 3678 	3820 	3833
f 3651 	3833 	3831
f 3832 	3730 	3734
f 3651 	3678 	3833
f 3768 	3784 	3767
f 3821 	3807 	3840
f 3734 	3651 	3832
f 3615 	3611 	3844
f 3821 	3840 	3770
f 3194 	3193 	3794
f 3611 	3845 	3844
f 3192 	3191 	3846
f 3795 	3192 	3846
f 3191 	3195 	3846
f 3844 	3808 	3806
f 3795 	3846 	3867
f 3819 	4412 	3820
f 3846 	3868 	3865
f 3851 	4577 	3848
f 3848 	4577 	4575
f 3194 	3794 	3798
f 3849 	3848 	4575
f 3745 	3181 	3798
f 3853 	3786 	3787
f 3788 	3853 	3864
f 3851 	4559 	4577
f 4559 	3851 	3778
f 3853 	3787 	3856
f 3845 	3679 	3823
f 4404 	4400 	3845
f 3790 	3680 	3858
f 3792 	3859 	3315
f 3861 	3315 	3860
f 3693 	3858 	3683
f 3858 	3693 	3856
f 3858 	3856 	3787
f 3864 	4287 	3788
f 3867 	3865 	4178
f 3865 	3868 	4189
f 3795 	3870 	3794
f 3795 	3867 	3870
f 3846 	3865 	3867
f 3847 	4810 	3868
f 3868 	3846 	3847
f 3876 	3798 	3794
f 3876 	3794 	3870
f 3054 	3052 	3946
f 3891 	3946 	3052
f 3051 	3891 	3052
f 3883 	3951 	3884
f 3882 	3054 	3946
f 3879 	3946 	3883
f 4400 	3844 	3845
f 3883 	3949 	3951
f 3870 	3867 	4195
f 3798 	3876 	3745
f 3745 	3876 	3771
f 3895 	3655 	3654
f 3551 	3895 	3552
f 3571 	3552 	3895
f 3820 	4412 	3833
f 3895 	3903 	3655
f 3904 	3655 	3903
f 3845 	3823 	4453
f 3683 	3655 	3904
f 4453 	4404 	3845
f 4453 	3823 	3564
f 3823 	3545 	3564
f 3549 	2186 	3931
f 3918 	3915 	3920
f 3924 	3810 	3911
f 3969 	3924 	3911
f 3895 	3551 	3918
f 3918 	3920 	3895
f 3920 	3903 	3895
f 3931 	3915 	3918
f 3549 	3931 	3918
f 3915 	3937 	3939
f 3939 	3920 	3915
f 3904 	3920 	3939
f 3920 	3904 	3903
f 3272 	3273 	3270
f 3879 	3882 	3946
f 3945 	3947 	3948
f 3949 	3883 	3946
f 3789 	3953 	6536
f 6549 	3952 	3848
f 3848 	3952 	3953
f 3851 	3848 	3953
f 4251 	4114 	3950
f 3778 	3851 	3953
f 3789 	3778 	3953
f 3955 	3945 	3948
f 3939 	3945 	3955
f 3939 	3937 	3945
f 3848 	3849 	6549
f 3956 	3955 	3950
f 3948 	3950 	3955
f 3904 	3955 	3956
f 3904 	3939 	3955
f 4115 	3693 	3950
f 3959 	2504 	2220
f 3950 	3693 	3956
f 3693 	3904 	3956
f 3693 	3683 	3904
f 3961 	2220 	2224
f 3562 	3961 	2224
f 3980 	3987 	3773
f 3976 	3774 	3775
f 3980 	3773 	3774
f 3555 	3971 	3554
f 3971 	3972 	3554
f 3769 	3738 	3975
f 3971 	3974 	3972
f 3975 	3924 	3969
f 3971 	2501 	3959
f 3924 	3975 	3738
f 3971 	3959 	3974
f 3979 	4502 	4529
f 2551 	3657 	7195
f 3976 	3980 	3774
f 3976 	4316 	4597
f 3979 	4449 	3819
f 3987 	3979 	3773
f 3652 	3979 	3819
f 3801 	3773 	3979
f 3742 	2173 	3999
f 3775 	3999 	4122
f 4107 	3592 	4021
f 2179 	3998 	3999
f 2179 	3999 	2173
f 2185 	4040 	4037
f 4204 	4165 	4045
f 2120 	4045 	2188
f 4045 	4040 	2188
f 4040 	2185 	2188
f 4045 	3975 	4204
f 3975 	4045 	3769
f 4051 	4157 	4054
f 4054 	2195 	4037
f 4056 	2197 	2195
f 4054 	4056 	2195
f 2254 	4058 	4070
f 4065 	3998 	2179
f 2179 	2259 	4065
f 4065 	2259 	2249
f 4070 	4125 	4074
f 4070 	2249 	2251
f 4074 	4079 	4065
f 4074 	2249 	4070
f 4065 	2249 	4074
f 4058 	4078 	4125
f 3657 	3659 	7195
f 4167 	4038 	3771
f 4038 	3962 	4010
f 4095 	3962 	4200
f 4010 	4085 	4038
f 3771 	4038 	4085
f 3772 	3771 	4085
f 4085 	3776 	3772
f 3776 	4085 	4084
f 3777 	4021 	3592
f 4099 	3553 	3554
f 4021 	3777 	4084
f 4094 	3554 	3972
f 4009 	4084 	4010
f 4085 	4010 	4084
f 4107 	4084 	4009
f 4107 	4021 	4084
f 4098 	4099 	4094
f 4103 	5759 	4097
f 4098 	4094 	7847
f 4103 	4095 	5759
f 3962 	4170 	4200
f 3672 	3553 	4099
f 4099 	4098 	3672
f 4097 	4009 	4010
f 4097 	4010 	4103
f 3554 	4094 	4099
f 4009 	4097 	4100
f 3805 	3672 	4098
f 4009 	4100 	4107
f 4010 	3962 	4103
f 3805 	4098 	4104
f 4095 	4103 	3962
f 3604 	4100 	5774
f 3592 	4107 	3631
f 5774 	5452 	3604
f 4107 	4100 	3631
f 3853 	3856 	4112
f 3807 	4110 	3840
f 3950 	4112 	4115
f 4115 	4112 	3856
f 3843 	3840 	4110
f 3856 	3693 	4115
f 4110 	4109 	3843
f 3014 	4121 	3015
f 4079 	4080 	3998
f 4079 	3998 	4065
f 4070 	4058 	4125
f 4223 	4125 	4224
f 4074 	4126 	4079
f 4074 	4125 	4126
f 4125 	4078 	4224
f 4122 	3998 	4080
f 4122 	3999 	3998
f 5409 	2381 	2376
f 2376 	4153 	5409
f 2389 	4148 	4058
f 4058 	4148 	4078
f 3349 	5410 	2394
f 4140 	4056 	4157
f 4140 	2197 	4056
f 4112 	3864 	3853
f 4112 	3950 	4114
f 4112 	4144 	3864
f 4114 	4145 	4112
f 4140 	2199 	2197
f 4140 	4134 	2199
f 4152 	2376 	4134
f 4152 	4153 	2376
f 3020 	3021 	4124
f 4124 	6369 	6368
f 4362 	4153 	4152
f 4124 	6368 	4155
f 6347 	6346 	4119
f 4121 	4119 	6346
f 4351 	4158 	4157
f 3015 	4121 	6346
f 4119 	4121 	4159
f 4152 	4158 	4362
f 4159 	4121 	4160
f 4054 	4157 	4056
f 4157 	4158 	4140
f 4158 	4152 	4140
f 4152 	4134 	4140
f 3014 	4160 	4121
f 4164 	4165 	4163
f 4168 	4155 	4172
f 4145 	4144 	4112
f 4123 	4172 	4155
f 4168 	4169 	4124
f 4124 	4155 	4168
f 4124 	4169 	3020
f 3118 	3020 	4169
f 4167 	4170 	4038
f 3962 	4038 	4170
f 3876 	3870 	4167
f 3876 	4167 	3771
f 4172 	4194 	4168
f 4169 	4168 	3118
f 4159 	4174 	4119
f 4178 	3865 	4177
f 4205 	4179 	4174
f 6347 	4119 	4174
f 4182 	1353 	4179
f 4230 	1363 	4182
f 3014 	3055 	4185
f 4185 	4160 	3014
f 3865 	4189 	4177
f 4185 	3055 	3717
f 3717 	4186 	4185
f 4186 	4188 	4159
f 4185 	4186 	4159
f 4159 	4160 	4185
f 3867 	4178 	4195
f 4178 	4177 	4265
f 4198 	4168 	4194
f 4177 	4266 	4265
f 4195 	4167 	3870
f 4198 	3118 	4168
f 4167 	4195 	4170
f 4195 	4178 	4247
f 4170 	4195 	4247
f 3764 	3759 	4198
f 3759 	3118 	4198
f 4162 	4164 	4163
f 4174 	4159 	4203
f 4159 	4188 	4203
f 4206 	4205 	4203
f 4188 	4206 	4203
f 4040 	4045 	4165
f 4164 	4037 	4040
f 4164 	4054 	4037
f 4164 	4040 	4165
f 4054 	4164 	4051
f 4205 	4208 	4182
f 4179 	4205 	4182
f 4205 	4174 	4203
f 4208 	4206 	4207
f 4208 	4205 	4206
f 3969 	4211 	4204
f 4403 	4208 	4207
f 4163 	4204 	4211
f 3969 	4204 	3975
f 4163 	4165 	4204
f 1360 	4214 	4216
f 4123 	1360 	4216
f 4079 	4219 	4080
f 4172 	4123 	4216
f 4214 	4218 	4227
f 4216 	4214 	4227
f 4226 	4219 	4079
f 4227 	4194 	4172
f 4126 	4226 	4079
f 4227 	4172 	4216
f 4222 	4226 	4126
f 4182 	4208 	4230
f 4125 	4223 	4222
f 1366 	1363 	4233
f 4222 	4126 	4125
f 4237 	3523 	4236
f 4236 	3523 	4215
f 4200 	4247 	4240
f 4200 	4170 	4247
f 4248 	4249 	4266
f 3950 	3948 	4251
f 4145 	4114 	4254
f 4114 	4251 	4254
f 4265 	4266 	4249
f 4249 	4247 	4265
f 4240 	4247 	4249
f 4242 	5362 	3523
f 4237 	4242 	3523
f 4260 	4175 	5235
f 4189 	4175 	4260
f 4273 	4274 	4262
f 4280 	4288 	4262
f 4271 	4189 	4260
f 4177 	4271 	4266
f 4189 	4271 	4177
f 4280 	4262 	4274
f 4247 	4178 	4265
f 4287 	4286 	3788
f 4286 	4278 	4283
f 4286 	4287 	4278
f 4283 	3203 	4286
f 3203 	4283 	3202
f 4283 	5063 	3201
f 4296 	4287 	3864
f 3203 	3196 	4286
f 4296 	3864 	4144
f 4254 	4298 	4145
f 4144 	4145 	4296
f 4296 	4145 	4298
f 4305 	4287 	4296
f 5083 	4278 	4305
f 4278 	4287 	4305
f 4305 	4304 	5083
f 4254 	4307 	4298
f 4164 	4358 	4051
f 3775 	4122 	4316
f 4316 	3976 	3775
f 4325 	4222 	4223
f 5681 	4223 	4224
f 4325 	4223 	5681
f 4219 	4316 	4080
f 4316 	4122 	4080
f 4230 	4233 	1363
f 4222 	4325 	4330
f 4233 	4377 	1366
f 4163 	4589 	4162
f 5821 	3332 	4334
f 4338 	4304 	4305
f 4305 	4296 	4338
f 4338 	4312 	4304
f 4346 	4272 	4262
f 4338 	4298 	4307
f 4339 	4338 	4307
f 4298 	4338 	4296
f 4443 	3209 	3208
f 4443 	3210 	3209
f 7778 	4345 	4262
f 4273 	4262 	4272
f 4422 	4425 	2047
f 4425 	3214 	3213
f 4513 	3216 	3215
f 4513 	3217 	3216
f 4490 	3219 	3218
f 4224 	4148 	5725
f 4148 	4224 	4078
f 4334 	4353 	4333
f 4334 	4357 	4353
f 4351 	4157 	4051
f 4158 	4351 	4350
f 4333 	4367 	4354
f 3334 	4334 	3332
f 3334 	4357 	4334
f 4358 	4351 	4051
f 4353 	4357 	4444
f 4517 	4813 	3220
f 4367 	4349 	4331
f 4367 	4333 	4353
f 3210 	4438 	3205
f 3219 	4491 	3211
f 4444 	4357 	4445
f 4367 	4331 	4354
f 4367 	4353 	4444
f 4422 	3211 	4491
f 3214 	4432 	3168
f 3215 	4512 	4513
f 4357 	3333 	4445
f 4490 	3218 	3217
f 4357 	3334 	3333
f 4491 	3219 	4490
f 3225 	3224 	4517
f 3226 	4515 	3224
f 4508 	3226 	3223
f 4373 	4372 	4349
f 3215 	3228 	4512
f 4349 	4372 	4331
f 3234 	4810 	3190
f 3234 	3233 	4810
f 4358 	4631 	4351
f 4362 	4383 	4153
f 4385 	4362 	4350
f 4386 	4227 	4218
f 5766 	4383 	4385
f 4385 	4383 	4362
f 4386 	4194 	4227
f 4358 	4164 	4162
f 4362 	4158 	4350
f 4388 	4575 	4386
f 3810 	4390 	3911
f 4218 	4384 	4388
f 4392 	4390 	3810
f 4395 	4384 	4218
f 4372 	4373 	4395
f 3810 	3808 	4392
f 4395 	4373 	4384
f 4213 	4372 	4395
f 3844 	4400 	4392
f 4218 	4214 	4395
f 4395 	4214 	4213
f 4218 	4388 	4386
f 3808 	3844 	4392
f 4426 	4403 	4401
f 4833 	3242 	3244
f 3225 	4517 	3220
f 4925 	3247 	3246
f 3250 	3247 	4925
f 4450 	3892 	3831
f 3202 	4283 	3201
f 3251 	3261 	5205
f 3264 	5208 	3261
f 3262 	11 	5073
f 4417 	4233 	4230
f 2047 	3211 	4422
f 4421 	4424 	4425
f 4420 	4419 	4423
f 4418 	3886 	4423
f 4434 	4423 	3886
f 3884 	3951 	3886
f 4417 	4230 	4426
f 4422 	4421 	4425
f 3213 	2047 	4425
f 4401 	4417 	4426
f 4208 	4426 	4230
f 4432 	3214 	4425
f 4208 	4403 	4426
f 4431 	4432 	4425
f 4423 	4430 	4420
f 4425 	4424 	4431
f 3446 	3168 	4432
f 4430 	4423 	4433
f 4431 	3589 	3458
f 4432 	4431 	3458
f 3458 	3446 	4432
f 4434 	3886 	3951
f 4431 	3561 	3589
f 4419 	4418 	4423
f 4433 	4423 	4437
f 4439 	3206 	3454
f 3174 	3454 	3206
f 4373 	4349 	4440
f 3454 	3476 	4439
f 4373 	4440 	4429
f 4439 	4441 	3206
f 3207 	3206 	4441
f 4349 	4367 	4440
f 4442 	4443 	3208
f 3221 	3205 	4507
f 4438 	4507 	3205
f 4446 	4440 	4367
f 4444 	4446 	4367
f 4444 	3857 	4446
f 4444 	4445 	3857
f 3833 	4412 	4450
f 4445 	3866 	3857
f 4450 	3831 	3833
f 3857 	4594 	4446
f 3333 	3866 	4445
f 4400 	4404 	4497
f 4453 	4497 	4404
f 4497 	4466 	4400
f 3564 	6807 	4453
f 4449 	6879 	4412
f 4412 	6879 	6873
f 4380 	4377 	4460
f 4443 	4438 	3210
f 3208 	3207 	4442
f 4441 	4442 	3207
f 4439 	4475 	4441
f 4476 	3476 	3591
f 4476 	3591 	3597
f 4439 	3476 	4476
f 4439 	4476 	4475
f 4468 	4438 	4443
f 4469 	4468 	4443
f 4481 	4441 	4475
f 4441 	4481 	4442
f 4469 	4481 	4680
f 4481 	4469 	4443
f 4481 	4443 	4442
f 4460 	4462 	4371
f 4371 	4380 	4460
f 4534 	4455 	4456
f 4460 	4534 	4456
f 4462 	4460 	4456
f 4491 	4487 	4421
f 4457 	4462 	4456
f 4422 	4491 	4421
f 4619 	4488 	4490
f 4488 	4487 	4491
f 4466 	4497 	7007
f 4497 	4453 	6886
f 3976 	4597 	4503
f 4531 	4502 	3987
f 4502 	3979 	3987
f 4488 	4491 	4490
f 4438 	4468 	4507
f 4507 	4523 	4509
f 4508 	3223 	3222
f 4509 	4508 	3222
f 4508 	4515 	3226
f 4507 	4509 	3221
f 3222 	3221 	4509
f 4513 	4514 	3217
f 4490 	3217 	4514
f 4517 	3224 	4515
f 4619 	4514 	4513
f 4514 	4619 	4490
f 4493 	4528 	4457
f 4374 	4371 	4528
f 4371 	4462 	4528
f 4529 	6879 	4449
f 4462 	4457 	4528
f 4528 	4493 	4539
f 4529 	4449 	3979
f 4503 	4540 	4531
f 4373 	4429 	4384
f 4503 	4531 	3976
f 3987 	3980 	4531
f 3976 	4531 	3980
f 4377 	4534 	4460
f 4534 	4401 	4455
f 4233 	4417 	4534
f 4417 	4401 	4534
f 4534 	4377 	4233
f 4502 	4531 	4538
f 206 	6875 	4539
f 4541 	4539 	6875
f 4541 	3422 	4542
f 4539 	189 	206
f 189 	4539 	4493
f 4538 	4529 	4502
f 4544 	4374 	4528
f 4544 	4546 	4374
f 4544 	4542 	4547
f 4544 	4547 	4546
f 4547 	4542 	3422
f 3423 	4547 	3422
f 4529 	4538 	4548
f 4539 	4544 	4528
f 4541 	4544 	4539
f 6879 	4529 	4548
f 4544 	4541 	4542
f 4552 	4553 	3767
f 4543 	4540 	4503
f 4553 	3717 	3768
f 4540 	4538 	4531
f 3770 	4552 	3767
f 4552 	4188 	4186
f 4552 	4186 	4553
f 3717 	4553 	4186
f 4555 	4554 	3969
f 4569 	4557 	4552
f 3911 	4390 	4555
f 4578 	4555 	4390
f 3764 	4198 	4559
f 4559 	4198 	4194
f 3969 	3911 	4555
f 4559 	4194 	4386
f 4559 	3778 	3779
f 4561 	4562 	4578
f 3779 	3764 	4559
f 4390 	4564 	4561
f 4552 	4557 	4188
f 4392 	4564 	4390
f 4400 	4466 	4564
f 4557 	4207 	4206
f 4206 	4188 	4557
f 4400 	4564 	4392
f 4466 	7104 	4564
f 4569 	4552 	3770
f 3840 	4569 	3770
f 3843 	4748 	4571
f 7111 	4466 	7007
f 4557 	4569 	4572
f 7111 	7104 	4466
f 4571 	4572 	4569
f 4571 	4746 	4572
f 4557 	4572 	4207
f 4538 	4540 	7141
f 4538 	7141 	7187
f 3840 	4571 	4569
f 4543 	7141 	4540
f 3840 	3843 	4571
f 4386 	4575 	4577
f 4591 	3925 	3849
f 4578 	4580 	4574
f 4578 	4554 	4555
f 4578 	4574 	4554
f 4388 	4384 	4575
f 4384 	4429 	4582
f 4582 	4429 	4591
f 4591 	3849 	4582
f 4575 	4384 	4582
f 4575 	4582 	3849
f 4583 	4580 	4578
f 4386 	4577 	4559
f 4562 	4583 	4578
f 4390 	4561 	4578
f 4583 	191 	4580
f 4207 	4572 	4585
f 4401 	4584 	4455
f 4207 	4585 	4403
f 4403 	4584 	4401
f 4403 	4585 	4584
f 4571 	4748 	4746
f 4440 	4659 	4429
f 4589 	4588 	4162
f 4659 	4440 	4446
f 4588 	4630 	4162
f 4659 	4446 	4594
f 4630 	4358 	4162
f 4507 	4468 	4526
f 4523 	4507 	4526
f 4508 	4523 	4522
f 4523 	4508 	4509
f 4597 	4316 	4219
f 4597 	4219 	4598
f 4605 	4219 	4226
f 4605 	4598 	4219
f 4605 	4226 	4222
f 4605 	4222 	4330
f 4589 	4643 	4588
f 4589 	4618 	4643
f 4642 	4588 	4643
f 4722 	4515 	4617
f 4522 	4617 	4508
f 4508 	4617 	4515
f 4597 	4620 	4503
f 4597 	4598 	4620
f 4620 	7553 	4543
f 4624 	4622 	4626
f 4487 	4622 	4624
f 4620 	4543 	4503
f 4622 	6904 	4626
f 4554 	4618 	3969
f 4618 	4211 	3969
f 4163 	4211 	4618
f 4163 	4618 	4589
f 4358 	4630 	4631
f 4350 	4631 	4633
f 4350 	4351 	4631
f 4385 	4350 	4633
f 4630 	4635 	4637
f 4637 	4631 	4630
f 4637 	4633 	4631
f 4642 	4630 	4588
f 4630 	4642 	4635
f 4644 	4643 	4618
f 4554 	4574 	4644
f 4554 	4644 	4618
f 4647 	4644 	4574
f 4647 	4643 	4644
f 4580 	4647 	4574
f 4643 	4647 	4648
f 4648 	4642 	4643
f 4648 	7573 	4642
f 4647 	339 	4648
f 4651 	4650 	4652
f 4651 	4652 	4653
f 2483 	4651 	4653
f 1742 	2483 	4653
f 4656 	4650 	4651
f 4656 	4657 	4650
f 4624 	4626 	4632
f 3925 	4591 	3926
f 4656 	4651 	2488
f 4591 	4429 	4659
f 2483 	2488 	4651
f 4591 	4659 	3926
f 3546 	1737 	4653
f 190 	192 	4661
f 4653 	1737 	1742
f 192 	194 	4661
f 194 	189 	4661
f 4661 	189 	4493
f 4652 	3546 	4653
f 4667 	4650 	4657
f 4706 	4667 	4657
f 4668 	4669 	6801
f 4668 	6801 	4670
f 4667 	4668 	4652
f 4650 	4667 	4652
f 4670 	3547 	4652
f 4670 	4652 	4668
f 3546 	4652 	3547
f 4626 	6907 	4671
f 3564 	4670 	6807
f 4626 	4671 	4632
f 3564 	3547 	4670
f 4671 	3561 	4632
f 3562 	4671 	3961
f 4424 	4624 	4632
f 4671 	3562 	3561
f 4424 	4421 	4624
f 4632 	4431 	4424
f 3561 	4431 	4632
f 4624 	4421 	4487
f 4469 	4674 	4468
f 4469 	4677 	4674
f 4476 	3597 	4679
f 3597 	3614 	4679
f 4476 	4679 	4475
f 4475 	4679 	4481
f 4681 	3614 	5480
f 4679 	4681 	4689
f 4679 	4689 	4680
f 4469 	4680 	4677
f 4481 	4679 	4680
f 4680 	4687 	4677
f 4689 	6926 	4687
f 190 	4704 	4703
f 190 	4661 	4704
f 4703 	4704 	4455
f 4689 	4687 	4680
f 4622 	4487 	4488
f 4622 	4488 	4714
f 4706 	4672 	4667
f 4488 	4619 	4714
f 7068 	4622 	4714
f 4669 	4672 	6828
f 4708 	4672 	4720
f 4526 	4468 	4674
f 4674 	4733 	4526
f 4706 	4720 	4672
f 4736 	4617 	4522
f 4740 	4522 	4523
f 4740 	4741 	4522
f 4515 	4722 	4517
f 4736 	4722 	4617
f 4704 	4456 	4455
f 4704 	4661 	4456
f 4456 	4661 	4457
f 4726 	4800 	4619
f 4493 	4457 	4661
f 4619 	4513 	4726
f 4714 	4619 	4800
f 4719 	4726 	4513
f 4513 	4512 	4719
f 4740 	4526 	4733
f 4523 	4526 	4740
f 4522 	4741 	4736
f 4584 	4703 	4455
f 4743 	190 	4703
f 4744 	196 	4743
f 4736 	7074 	4745
f 196 	200 	4743
f 4743 	4703 	4584
f 7307 	4875 	4745
f 4745 	4875 	4722
f 4743 	4584 	4744
f 4746 	4585 	4572
f 4746 	4584 	4585
f 4722 	4736 	4745
f 4746 	4748 	4744
f 4744 	4584 	4746
f 4748 	196 	4744
f 4668 	4672 	4669
f 4748 	8179 	196
f 200 	6768 	4743
f 4743 	6768 	190
f 4668 	4667 	4672
f 1268 	4754 	1269
f 1271 	4755 	1254
f 1363 	4760 	1353
f 1360 	4758 	1359
f 4760 	1363 	4759
f 1366 	4759 	1363
f 4763 	2748 	4756
f 4756 	2748 	2074
f 4756 	2074 	3730
f 4757 	4761 	2749
f 2749 	2748 	4763
f 4757 	2749 	4763
f 2756 	2749 	4761
f 4761 	4765 	2767
f 4765 	4865 	2758
f 4765 	2758 	2767
f 2781 	4783 	2488
f 4656 	2488 	4783
f 4783 	4657 	4656
f 4767 	4763 	4756
f 3730 	5135 	4767
f 4756 	3730 	4767
f 4769 	4770 	4757
f 4761 	4757 	4770
f 4772 	5133 	4769
f 4772 	4769 	4757
f 4767 	4772 	4763
f 4757 	4763 	4772
f 4887 	4782 	2851
f 4783 	4784 	4657
f 4782 	4894 	4784
f 2851 	4782 	4783
f 4782 	4784 	4783
f 4719 	4792 	4798
f 4798 	4726 	4719
f 4800 	4726 	4798
f 4921 	4802 	3229
f 4865 	4797 	4799
f 4802 	4803 	3231
f 4802 	3231 	3230
f 4719 	4803 	4804
f 4803 	4719 	4512
f 4512 	3228 	4803
f 4804 	4806 	4805
f 4804 	4803 	4806
f 4807 	4805 	4806
f 4804 	4805 	4719
f 4808 	1156 	658
f 4806 	4937 	4807
f 4806 	4803 	4802
f 4792 	4719 	4805
f 4809 	1156 	4808
f 3868 	4810 	4811
f 3195 	3190 	3847
f 3847 	3190 	4810
f 3260 	5069 	3233
f 1221 	1156 	4809
f 4189 	3868 	4811
f 4175 	4189 	4811
f 1221 	4809 	4886
f 4886 	1223 	1221
f 4814 	4838 	3237
f 4812 	4814 	3237
f 4812 	3237 	3236
f 3236 	3235 	4812
f 4813 	4812 	3235
f 3235 	3220 	4813
f 4825 	4823 	4822
f 4827 	5215 	3232
f 4825 	4822 	4836
f 4833 	4827 	3242
f 3243 	3242 	4827
f 4841 	3240 	3239
f 4822 	4823 	4830
f 9071 	4822 	4830
f 4826 	3240 	4841
f 4808 	652 	4825
f 4824 	3241 	3240
f 3240 	4826 	4824
f 3241 	4824 	3244
f 4833 	3244 	4824
f 3238 	3237 	4838
f 3238 	4838 	3239
f 4841 	3239 	4838
f 4808 	4825 	4836
f 4833 	4824 	4847
f 4883 	4824 	4826
f 4843 	4827 	4833
f 4826 	4841 	4882
f 4808 	4836 	4849
f 4841 	4838 	4882
f 4849 	4836 	4839
f 4849 	4809 	4808
f 4849 	4856 	4809
f 4833 	4847 	4858
f 4843 	4833 	4858
f 4858 	4847 	4897
f 4799 	4797 	4961
f 4811 	5235 	4175
f 4864 	4865 	4799
f 2758 	4865 	4864
f 4869 	4867 	4866
f 4873 	4867 	4869
f 2759 	2758 	4864
f 4869 	4866 	4880
f 4869 	4812 	4873
f 4875 	4867 	4871
f 5042 	4870 	4872
f 4867 	4873 	4871
f 4871 	4873 	4813
f 4813 	4873 	4812
f 4812 	4869 	4814
f 4722 	4875 	4871
f 4963 	4879 	4872
f 4517 	4871 	4813
f 4871 	4517 	4722
f 4814 	4869 	4838
f 2832 	4872 	4879
f 4880 	4838 	4869
f 4866 	4911 	4880
f 4826 	4882 	4883
f 4847 	4824 	4883
f 4856 	4849 	4839
f 4880 	4882 	4838
f 4886 	4809 	4856
f 4886 	4856 	294
f 4914 	4847 	4883
f 4879 	2834 	2832
f 4883 	4882 	4914
f 4887 	2841 	2834
f 2851 	2841 	4887
f 4887 	2834 	4879
f 4896 	5285 	5219
f 4843 	4858 	4897
f 4843 	4897 	4896
f 4896 	5219 	4843
f 4894 	4782 	4977
f 4894 	4706 	4784
f 4706 	4657 	4784
f 4761 	4770 	4951
f 4856 	4839 	4905
f 4856 	4905 	294
f 294 	9035 	4886
f 4905 	4939 	294
f 7349 	4916 	4911
f 4916 	4880 	4911
f 4882 	4880 	4916
f 4882 	4916 	4914
f 4917 	4847 	4914
f 4917 	4897 	4847
f 4919 	4836 	4822
f 4839 	4836 	4919
f 4921 	3229 	3245
f 3230 	3229 	4802
f 3245 	4922 	4921
f 4924 	4925 	3246
f 3249 	3248 	4926
f 3246 	4926 	4924
f 4926 	3246 	3249
f 4927 	4922 	3250
f 3250 	4925 	4927
f 4945 	4924 	4926
f 118 	124 	4930
f 5056 	4922 	4927
f 4935 	4933 	4936
f 4933 	4937 	4936
f 4930 	124 	596
f 4936 	5055 	4935
f 4807 	4937 	4933
f 4937 	4921 	4922
f 4802 	4921 	4937
f 4937 	4922 	4936
f 345 	294 	4939
f 4937 	4806 	4802
f 5056 	4936 	4922
f 4939 	4905 	4839
f 4939 	4839 	4930
f 4942 	4941 	4940
f 4942 	4945 	4941
f 4939 	4930 	596
f 4920 	4941 	4946
f 4941 	4945 	4946
f 2701 	5322 	4996
f 4948 	4797 	4898
f 4955 	5004 	4952
f 4951 	4898 	4797
f 4951 	4765 	4761
f 4957 	5004 	4955
f 4865 	4951 	4797
f 4765 	4951 	4865
f 4961 	4797 	4948
f 4957 	4959 	5004
f 4963 	4870 	4962
f 4870 	5979 	4962
f 4872 	4870 	4963
f 4970 	4962 	4964
f 4963 	4962 	4970
f 4971 	5003 	4959
f 4974 	5003 	4972
f 4973 	5003 	4971
f 4887 	4963 	4970
f 4976 	5003 	4974
f 4963 	4887 	4879
f 4977 	4964 	5257
f 4978 	5003 	4976
f 4979 	5003 	4978
f 4970 	4964 	4977
f 4977 	4887 	4970
f 4980 	5003 	4979
f 4977 	4782 	4887
f 4973 	4972 	5003
f 5004 	4959 	5003
f 4799 	2919 	4864
f 2919 	4799 	4984
f 4984 	5021 	2919
f 4999 	4996 	4995
f 5378 	4993 	4996
f 4983 	5003 	4981
f 4980 	4981 	5003
f 5003 	4983 	5001
f 2919 	5021 	2915
f 4993 	4995 	4996
f 5005 	4995 	3505
f 4999 	4995 	5005
f 5003 	5001 	5006
f 5005 	3505 	2633
f 5256 	4995 	4993
f 3527 	5118 	3521
f 5018 	5020 	5118
f 5018 	5118 	5019
f 5024 	3520 	5118
f 5020 	5024 	5118
f 5021 	5076 	5075
f 5021 	4984 	5076
f 5021 	5075 	5002
f 3495 	2917 	5022
f 5002 	5022 	2912
f 2912 	5021 	5002
f 2912 	2915 	5021
f 2912 	5022 	2917
f 2946 	5574 	5033
f 2946 	3517 	5574
f 5042 	5027 	5984
f 2949 	5044 	2832
f 7585 	4935 	5055
f 5055 	4940 	7577
f 7579 	5055 	7577
f 7579 	7585 	5055
f 5055 	4936 	5056
f 5056 	4940 	5055
f 4940 	5056 	4942
f 4925 	4942 	5056
f 4927 	4925 	5056
f 4942 	4925 	4924
f 4924 	4945 	4942
f 4926 	4946 	4945
f 5044 	5042 	4872
f 3253 	5063 	5062
f 4278 	5083 	5063
f 4283 	4278 	5063
f 3253 	3201 	5063
f 2832 	5044 	4872
f 5065 	5066 	5067
f 5068 	5019 	5118
f 5072 	5068 	5118
f 5042 	5044 	5033
f 5042 	5033 	5027
f 4810 	3233 	5069
f 5033 	5044 	2946
f 5190 	5073 	5062
f 4984 	4799 	5076
f 3260 	3259 	5069
f 5077 	5069 	3259
f 5070 	5128 	5117
f 5080 	5078 	5189
f 4799 	4961 	5076
f 3256 	5215 	3257
f 5078 	5080 	3257
f 3258 	3257 	5080
f 5077 	3259 	5080
f 5080 	3259 	3258
f 5372 	5075 	5076
f 5075 	5348 	5347
f 5075 	5347 	5095
f 5083 	4304 	5241
f 5063 	5083 	5062
f 5083 	5241 	5082
f 5083 	5082 	5062
f 5089 	5079 	5081
f 5079 	8359 	8372
f 8373 	5079 	8372
f 5069 	5077 	5085
f 5085 	5086 	5069
f 4810 	5086 	4811
f 5235 	4811 	5086
f 4810 	5069 	5086
f 5089 	5081 	5139
f 8359 	5079 	5089
f 5002 	5091 	5022
f 5110 	5118 	5109
f 5109 	5118 	5111
f 5111 	5118 	5113
f 5114 	5113 	5118
f 5118 	5110 	5072
f 3527 	3528 	5118
f 5114 	5118 	5116
f 5095 	5091 	5002
f 5075 	5095 	5002
f 5443 	5125 	5151
f 5128 	5070 	178
f 178 	179 	5128
f 5119 	5117 	5155
f 5155 	5125 	5119
f 179 	184 	5128
f 184 	253 	5128
f 5135 	3730 	3832
f 4767 	5135 	5158
f 5134 	4767 	5158
f 5140 	4772 	5134
f 4767 	5134 	4772
f 5133 	4772 	5140
f 221 	5139 	5152
f 5152 	5139 	5263
f 5152 	5263 	5148
f 6860 	6861 	3892
f 221 	5152 	223
f 223 	5152 	255
f 5155 	5117 	5128
f 5134 	5158 	6869
f 5154 	5158 	5135
f 3831 	3892 	5154
f 3832 	3831 	5154
f 5154 	5135 	3832
f 5171 	5182 	6900
f 5085 	5077 	5080
f 5092 	5085 	5080
f 6869 	5182 	5134
f 5134 	5171 	5140
f 5171 	5134 	5182
f 5092 	5080 	5189
f 5140 	5171 	5133
f 5133 	5270 	5198
f 5082 	5190 	5062
f 5133 	5198 	5192
f 5133 	5192 	4769
f 4770 	4769 	5192
f 5196 	5225 	5194
f 4770 	5192 	4951
f 5196 	5073 	5190
f 5226 	5196 	5190
f 5194 	3263 	5196
f 3262 	5196 	3263
f 4843 	5219 	5215
f 4827 	4843 	5215
f 5078 	3257 	5215
f 3232 	3243 	4827
f 3256 	3232 	5215
f 5205 	3261 	5208
f 5194 	5208 	3263
f 3264 	3263 	5208
f 3262 	5073 	5196
f 5189 	5078 	5215
f 5189 	5215 	5219
f 4898 	5192 	5198
f 5224 	5194 	5225
f 3496 	4210 	3494
f 5196 	5226 	5225
f 5116 	5118 	5229
f 5191 	4898 	5198
f 4898 	4951 	5192
f 5224 	5278 	5205
f 5205 	5208 	5224
f 4898 	5191 	5247
f 5208 	5194 	5224
f 5085 	5234 	5235
f 5086 	5085 	5235
f 5085 	5092 	5234
f 4948 	4898 	5247
f 4948 	5247 	4961
f 5270 	5133 	5171
f 5267 	5254 	5241
f 5288 	5286 	5191
f 5092 	5250 	5234
f 5219 	5246 	5189
f 5246 	5092 	5189
f 4961 	5247 	5244
f 5231 	5232 	5404
f 5246 	7609 	5250
f 3315 	3108 	5118
f 5246 	5250 	5092
f 4706 	4894 	5251
f 5254 	5226 	5190
f 5232 	5229 	5404
f 5118 	5404 	5229
f 3108 	5404 	5118
f 5273 	5404 	5277
f 5251 	4708 	4720
f 5254 	5190 	5082
f 5082 	5241 	5254
f 3108 	5277 	5404
f 5254 	5249 	5226
f 4706 	5251 	4720
f 5404 	5260 	5261
f 5155 	5151 	5125
f 5155 	5128 	253
f 5257 	5251 	4977
f 253 	5151 	5155
f 5081 	5101 	5139
f 5251 	4894 	4977
f 5262 	7590 	5259
f 5263 	5139 	5101
f 4260 	5235 	5259
f 5262 	5234 	5258
f 5235 	5234 	5262
f 5257 	4964 	6012
f 5259 	5235 	5262
f 5241 	5266 	5267
f 5241 	4304 	5266
f 4304 	4312 	5266
f 5258 	5234 	5250
f 5268 	5198 	5270
f 5258 	5250 	7609
f 5148 	5272 	5265
f 5219 	5285 	5246
f 5277 	3108 	5349
f 5349 	3108 	5344
f 5267 	7640 	5249
f 5254 	5267 	5249
f 5260 	5404 	5273
f 5275 	4920 	5278
f 5278 	5224 	5276
f 5278 	5276 	5275
f 5280 	5276 	5224
f 5288 	5191 	5279
f 5198 	5268 	5279
f 5256 	5282 	4995
f 5281 	5283 	5564
f 4896 	7319 	5285
f 5191 	5198 	5279
f 5281 	8423 	5283
f 5244 	5286 	5287
f 5566 	5281 	5564
f 5284 	4995 	5282
f 5225 	5280 	5224
f 5249 	5280 	5225
f 5225 	5226 	5249
f 5276 	5280 	7704
f 5247 	5191 	5286
f 5284 	5291 	4995
f 5290 	5289 	3496
f 5247 	5286 	5244
f 5290 	3496 	5291
f 5148 	5263 	5272
f 3496 	4995 	5291
f 5289 	5293 	3496
f 4209 	3494 	4210
f 4142 	3494 	4209
f 4946 	5278 	4920
f 4946 	4926 	5278
f 5278 	4926 	5205
f 4926 	3248 	5205
f 5302 	2071 	5298
f 5303 	5576 	5294
f 5287 	5286 	6016
f 5293 	4210 	3496
f 5308 	4262 	5307
f 5251 	5304 	4708
f 5736 	5737 	5309
f 5312 	5648 	5311
f 5736 	5307 	4262
f 6122 	6125 	5304
f 5310 	5736 	5309
f 5257 	5304 	5251
f 1687 	5302 	5665
f 5315 	5308 	5307
f 1687 	5665 	2632
f 5318 	5310 	5317
f 5309 	5317 	5310
f 2071 	5302 	1687
f 5311 	5319 	5312
f 5316 	5314 	8531
f 2701 	2496 	5322
f 5323 	5438 	5436
f 2052 	5336 	2071
f 5323 	5326 	5321
f 3523 	3494 	4215
f 5327 	5306 	8534
f 5326 	5323 	5328
f 8534 	5324 	5327
f 5323 	5436 	5328
f 5671 	5263 	5101
f 5333 	5326 	5328
f 5329 	5333 	5328
f 5336 	5326 	5333
f 292 	5363 	5337
f 5321 	5336 	2052
f 5336 	5321 	5326
f 5298 	5336 	5333
f 5339 	5698 	5331
f 5298 	2071 	5336
f 5148 	225 	255
f 5337 	5363 	5334
f 2138 	5438 	5323
f 5692 	5339 	5292
f 2138 	5435 	5438
f 255 	5152 	5148
f 5435 	2138 	1877
f 5346 	5342 	3108
f 5344 	3108 	5342
f 5376 	5350 	5347
f 4142 	4215 	3494
f 5351 	5352 	5347
f 5148 	5265 	5340
f 5378 	4996 	5322
f 5350 	5351 	5347
f 225 	5148 	5340
f 5091 	5095 	5347
f 5347 	5352 	5091
f 5363 	225 	5340
f 5363 	5265 	5264
f 5363 	5340 	5265
f 5334 	5363 	5264
f 5369 	3149 	5366
f 2496 	3149 	5369
f 2496 	5369 	5322
f 5369 	5378 	5322
f 5372 	5348 	5075
f 2988 	5366 	2989
f 5347 	5348 	5376
f 5374 	5713 	5373
f 5378 	5400 	5399
f 5378 	5369 	5400
f 5361 	3523 	5362
f 5361 	5373 	3523
f 5372 	5377 	5348
f 5399 	4993 	5378
f 5377 	5376 	5348
f 5379 	5380 	5713
f 2121 	2164 	5355
f 5372 	5244 	5377
f 5380 	5381 	5713
f 4961 	5244 	5372
f 5076 	4961 	5372
f 5709 	5713 	5381
f 5244 	5287 	5377
f 5384 	5707 	5386
f 5384 	5341 	5710
f 5384 	5710 	5707
f 3164 	3165 	5387
f 5391 	5396 	5394
f 5396 	5397 	5394
f 5397 	5396 	3204
f 5398 	5399 	5400
f 3204 	3180 	5397
f 5851 	5389 	5393
f 5366 	5319 	5398
f 5400 	5369 	5398
f 5366 	5398 	5369
f 5851 	5393 	5416
f 3180 	3164 	5397
f 5387 	5397 	3164
f 5736 	5310 	3534
f 3535 	3534 	5310
f 5310 	5318 	3535
f 3269 	3535 	5318
f 5412 	5405 	5404
f 5403 	5404 	5405
f 5261 	5271 	5404
f 5404 	5271 	5274
f 5274 	5413 	5404
f 3269 	5318 	3161
f 5317 	3161 	5318
f 5406 	5407 	5408
f 5231 	5404 	5233
f 5365 	5233 	5404
f 5403 	5365 	5404
f 5406 	5408 	5309
f 5317 	5408 	3161
f 5408 	5407 	3161
f 5366 	3161 	5407
f 5366 	5407 	5319
f 5396 	5459 	5420
f 5309 	5408 	5317
f 5398 	5311 	5399
f 5459 	5396 	5391
f 5412 	5404 	5413
f 5399 	5869 	4993
f 5396 	5420 	3204
f 5311 	5398 	5319
f 5410 	4148 	2394
f 5736 	3534 	5307
f 3157 	5315 	3536
f 5307 	3536 	5315
f 5308 	5315 	3541
f 3157 	3541 	5315
f 2381 	5409 	3350
f 5309 	5648 	5406
f 5407 	5406 	5312
f 5648 	5312 	5406
f 5418 	5393 	5415
f 5319 	5407 	5312
f 5418 	5416 	5393
f 5410 	3349 	5420
f 5420 	3349 	3204
f 9322 	5402 	5415
f 3350 	5409 	5423
f 5415 	5402 	5418
f 5418 	5402 	5431
f 3873 	3874 	3108
f 3359 	5423 	5425
f 5346 	3108 	5354
f 5353 	5354 	3108
f 5427 	3108 	5444
f 5427 	5353 	3108
f 5455 	5444 	3108
f 5395 	5388 	5613
f 5283 	5430 	5797
f 5359 	5357 	2161
f 5864 	5418 	5431
f 2161 	2146 	5359
f 5355 	5359 	2146
f 2121 	5355 	2146
f 5430 	5432 	5797
f 5443 	5370 	5125
f 2177 	5435 	1877
f 5370 	5443 	5368
f 5443 	5448 	5368
f 5455 	3108 	5454
f 6300 	5445 	5435
f 5434 	5436 	5445
f 5438 	5435 	5445
f 5436 	5438 	5445
f 5368 	5448 	5447
f 5448 	5443 	309
f 313 	5448 	309
f 5435 	2177 	3367
f 3875 	5462 	3108
f 5641 	2635 	5450
f 5451 	5449 	5472
f 5451 	710 	5449
f 706 	5449 	710
f 5447 	5451 	5472
f 3359 	5673 	3360
f 5456 	5466 	6202
f 5425 	5673 	3359
f 701 	593 	5456
f 5334 	5456 	5337
f 4148 	5410 	5460
f 313 	312 	5451
f 5454 	3108 	5462
f 5460 	5420 	5459
f 5460 	5410 	5420
f 5447 	5448 	5451
f 5451 	5448 	313
f 4148 	5460 	5725
f 5456 	5334 	5465
f 5456 	5465 	5466
f 5465 	5334 	5760
f 5833 	5897 	5466
f 5465 	5833 	5466
f 3604 	5452 	5469
f 5466 	5897 	5467
f 5469 	5474 	3604
f 5472 	5449 	5471
f 5835 	5447 	5472
f 5474 	5480 	3614
f 5474 	3614 	3632
f 5474 	3632 	3631
f 5477 	5283 	8423
f 5478 	5441 	5540
f 5479 	4681 	5480
f 5313 	5395 	5482
f 5479 	6920 	4681
f 5799 	5432 	5442
f 5314 	5313 	5482
f 2248 	5450 	2213
f 5452 	5450 	2248
f 5452 	5641 	5450
f 5442 	5804 	5799
f 2245 	5484 	5469
f 5482 	5485 	5314
f 2248 	2245 	5469
f 5314 	5485 	8531
f 5469 	5452 	2248
f 5474 	5469 	5484
f 6920 	5479 	5486
f 5482 	8458 	5485
f 5486 	2537 	2533
f 5487 	5486 	2533
f 5306 	5316 	8531
f 5484 	5480 	5474
f 5479 	5484 	5486
f 5484 	2245 	5486
f 5484 	5479 	5480
f 2619 	5496 	5495
f 2632 	5501 	2621
f 5341 	5384 	5500
f 5499 	5501 	5644
f 5745 	5489 	5502
f 5501 	5496 	2621
f 5496 	5501 	5499
f 5476 	5423 	5475
f 5425 	5423 	5476
f 5409 	5475 	5423
f 5514 	5489 	5745
f 5425 	5476 	5515
f 5425 	5515 	5673
f 3931 	2186 	5495
f 3915 	3931 	5496
f 5495 	5496 	3931
f 3945 	3937 	5499
f 5507 	5500 	5384
f 5499 	3937 	3915
f 5496 	5499 	3915
f 5386 	5507 	5384
f 1199 	1278 	5519
f 1199 	5519 	1202
f 1225 	1202 	5519
f 5070 	5517 	5074
f 5818 	5524 	5520
f 5645 	5501 	2632
f 5818 	5525 	5524
f 5520 	5524 	5829
f 5409 	4153 	5475
f 5523 	8350 	5517
f 4153 	4383 	5475
f 5517 	8350 	5074
f 5523 	5477 	8422
f 5283 	5477 	5528
f 5528 	5477 	5523
f 5387 	5601 	5397
f 5526 	5528 	5517
f 5523 	5517 	5528
f 5538 	5601 	5387
f 5091 	5531 	5022
f 5531 	3495 	5022
f 5531 	5533 	3495
f 5532 	5525 	5828
f 5534 	5070 	5117
f 5117 	5535 	5534
f 5117 	5536 	5535
f 5547 	5537 	5853
f 5539 	5534 	5535
f 5853 	5854 	5547
f 5387 	3165 	5538
f 5535 	5540 	5539
f 5535 	5536 	5540
f 5538 	3165 	3497
f 5536 	5542 	5540
f 5987 	5527 	5537
f 5442 	5539 	5540
f 3497 	3495 	5533
f 5533 	5529 	5538
f 5538 	3497 	5533
f 5545 	5548 	5549
f 5433 	5595 	5546
f 5545 	5549 	3487
f 5549 	3526 	3487
f 5562 	5549 	5548
f 5542 	5536 	5554
f 5517 	5534 	5539
f 5517 	5070 	5534
f 5526 	5517 	5539
f 3514 	5562 	5574
f 5560 	5518 	6001
f 5549 	5562 	3514
f 5269 	5563 	5300
f 5390 	5439 	5582
f 5390 	5582 	5388
f 5563 	5269 	5281
f 5566 	5563 	5281
f 5442 	5432 	5526
f 5564 	5865 	5566
f 5797 	5962 	5564
f 5294 	5572 	5292
f 5528 	5526 	5430
f 5562 	5570 	5569
f 5573 	5572 	5294
f 5283 	5528 	5430
f 5548 	5570 	5562
f 5430 	5526 	5432
f 5562 	5569 	5574
f 5300 	5563 	5575
f 5300 	5575 	5576
f 5569 	5027 	5033
f 5303 	5300 	5576
f 5033 	5574 	5569
f 5540 	5441 	5442
f 5542 	5478 	5540
f 5549 	3514 	3526
f 5481 	5542 	5554
f 5481 	5478 	5542
f 5539 	5442 	5526
f 5581 	5533 	5610
f 5582 	5439 	5695
f 5610 	5533 	5531
f 5546 	5431 	5433
f 5864 	5431 	5546
f 5533 	5581 	5529
f 5593 	5529 	5581
f 5433 	5611 	5595
f 5593 	5587 	5529
f 1198 	5611 	5433
f 5587 	5824 	5601
f 5587 	5601 	5529
f 5611 	1198 	1187
f 5538 	5529 	5601
f 5601 	5824 	5394
f 5604 	5546 	5595
f 5394 	5397 	5601
f 6433 	5607 	5605
f 5604 	5595 	5611
f 5548 	5545 	5607
f 5610 	5531 	5091
f 5593 	5581 	5858
f 5582 	5695 	5622
f 5858 	5581 	5610
f 5610 	5091 	5840
f 1464 	5627 	5611
f 1464 	5611 	1187
f 5605 	5607 	5619
f 5617 	5613 	5615
f 5607 	5545 	5619
f 5615 	5582 	5622
f 5545 	5620 	5619
f 5621 	5582 	5615
f 5613 	5621 	5615
f 3487 	5620 	5545
f 5615 	5079 	5617
f 5615 	5081 	5079
f 5622 	5695 	5671
f 5622 	5671 	5081
f 5624 	5742 	5625
f 5604 	5611 	5627
f 5636 	5624 	5625
f 5604 	5627 	5638
f 5759 	5758 	5624
f 1997 	2001 	1816
f 1236 	1227 	5632
f 1236 	5632 	1943
f 5759 	5629 	5631
f 2003 	2004 	5632
f 5759 	5624 	5629
f 5741 	5743 	5648
f 5629 	5624 	5636
f 5632 	1816 	2001
f 5637 	2635 	5631
f 5629 	5636 	5631
f 5901 	2672 	5636
f 5636 	5637 	5631
f 2670 	2635 	5637
f 2670 	5637 	2672
f 5636 	2672 	5637
f 5625 	5901 	5636
f 5635 	5627 	1464
f 5627 	5635 	5638
f 5631 	2635 	5641
f 5635 	5642 	5640
f 5638 	5635 	5640
f 2006 	2007 	5632
f 1436 	5642 	5635
f 5644 	5645 	5664
f 5646 	5632 	2005
f 5645 	5644 	5501
f 2006 	5632 	5646
f 5604 	5638 	5647
f 5644 	3945 	5499
f 5644 	5664 	5650
f 3945 	5644 	3947
f 5638 	5640 	5647
f 3947 	5644 	5650
f 6155 	5647 	5640
f 3947 	5650 	5651
f 5652 	3947 	5651
f 5738 	5746 	5309
f 5737 	5738 	5309
f 5651 	5653 	5654
f 5651 	5654 	5652
f 2843 	5642 	1436
f 5652 	3948 	3947
f 5652 	4251 	3948
f 5668 	2911 	5699
f 5573 	5294 	5576
f 4254 	5652 	5654
f 4254 	4251 	5652
f 5654 	5653 	6042
f 5658 	5657 	5306
f 5640 	5642 	5661
f 5657 	5314 	5316
f 5661 	5659 	5640
f 5663 	5313 	5314
f 5657 	5663 	5314
f 5664 	5645 	5662
f 5663 	5656 	5313
f 5665 	5298 	5662
f 5665 	5302 	5298
f 5657 	5316 	5306
f 5645 	5665 	5662
f 5642 	2843 	5661
f 5666 	5306 	5327
f 5661 	5668 	5659
f 5658 	5306 	5666
f 5666 	5327 	5324
f 2911 	5661 	2843
f 5667 	5666 	5324
f 5615 	5622 	5081
f 4755 	5576 	5575
f 5081 	5671 	5101
f 5670 	5620 	5623
f 5670 	5619 	5620
f 5664 	5662 	5676
f 5645 	2632 	5665
f 5661 	2911 	5668
f 5298 	5333 	5696
f 5620 	3532 	5673
f 5736 	4262 	5734
f 5623 	5620 	5673
f 5620 	3487 	3532
f 5673 	5515 	5623
f 5311 	5648 	5743
f 5740 	5741 	5648
f 5263 	5671 	5680
f 5536 	5117 	5119
f 5119 	5125 	5536
f 5125 	5684 	5536
f 5684 	5554 	5536
f 5683 	5459 	5391
f 5692 	5292 	5572
f 5699 	5706 	5668
f 5692 	3002 	5698
f 5698 	5339 	5692
f 5692 	5572 	3002
f 5676 	5696 	5700
f 5698 	5330 	5331
f 3015 	5672 	5698
f 5698 	5672 	5330
f 5298 	5696 	5662
f 5696 	5676 	5662
f 5650 	5676 	5651
f 5710 	5341 	5705
f 5705 	5341 	6036
f 5699 	2960 	5715
f 5676 	5700 	5708
f 5676 	5650 	5664
f 5667 	5383 	5704
f 5383 	5667 	5324
f 5699 	5715 	5706
f 5704 	5383 	5386
f 5700 	6032 	5708
f 5707 	5704 	5386
f 7069 	5706 	5714
f 5708 	5651 	5676
f 5709 	5714 	5713
f 5714 	5715 	5713
f 5715 	5719 	5713
f 5716 	5744 	5712
f 5714 	5706 	5715
f 2972 	7485 	5718
f 4325 	7343 	7373
f 5680 	5695 	5720
f 5671 	5695 	5680
f 5683 	5722 	5459
f 5725 	5460 	5763
f 5678 	5749 	5674
f 5722 	5723 	5459
f 5763 	5460 	5723
f 5723 	5460 	5459
f 5684 	5800 	5554
f 5674 	5748 	5728
f 5753 	5803 	5729
f 5678 	5272 	5680
f 5674 	5728 	5264
f 5728 	5753 	5729
f 5728 	5748 	5753
f 5674 	5264 	5265
f 5678 	5674 	5272
f 5265 	5272 	5674
f 5728 	5729 	5760
f 5735 	5476 	5475
f 5264 	5728 	5760
f 5680 	5272 	5263
f 5735 	5475 	5732
f 5648 	5309 	5746
f 5388 	5582 	5621
f 5621 	5613 	5388
f 5735 	5515 	5476
f 5740 	5648 	5739
f 5482 	5395 	5613
f 5482 	5613 	8458
f 5743 	5750 	5311
f 5750 	5929 	5311
f 5439 	5440 	5720
f 5742 	5624 	5712
f 5720 	5695 	5439
f 5720 	5440 	5514
f 5712 	5744 	5742
f 5739 	5648 	5746
f 5502 	5748 	5745
f 5514 	5749 	5720
f 5744 	5716 	5717
f 5846 	5893 	5717
f 5745 	5749 	5514
f 5751 	4262 	5757
f 5753 	5748 	5502
f 5749 	5680 	5720
f 5717 	5752 	5744
f 5749 	5745 	5674
f 5678 	5680 	5749
f 5674 	5745 	5748
f 5753 	5502 	5516
f 5734 	4262 	5733
f 5757 	4262 	5790
f 6033 	5653 	5708
f 5733 	4262 	5751
f 5653 	5651 	5708
f 4095 	4200 	5812
f 5758 	5759 	4095
f 5812 	5758 	4095
f 5624 	5758 	5812
f 5785 	5757 	5790
f 4097 	5759 	5762
f 3523 	5713 	5719
f 3523 	5719 	3530
f 5763 	5681 	5725
f 3523 	5373 	5713
f 5374 	5379 	5713
f 5681 	4224 	5725
f 4383 	5766 	5475
f 5768 	7725 	5767
f 5769 	7684 	5767
f 5765 	5767 	7684
f 5766 	5732 	5475
f 5766 	4385 	7377
f 7376 	5732 	5766
f 5723 	5722 	5773
f 5762 	5641 	5774
f 4100 	5762 	5774
f 5762 	4100 	4097
f 5762 	5631 	5641
f 7540 	8005 	5778
f 5773 	5798 	5723
f 5780 	7787 	5779
f 7782 	7787 	5780
f 7787 	7796 	5782
f 5722 	5683 	5773
f 5777 	5778 	7782
f 5790 	5792 	5785
f 5781 	5782 	7791
f 5732 	7376 	5786
f 5732 	5786 	5954
f 5777 	5793 	5778
f 5390 	5788 	5802
f 5779 	5795 	5780
f 5390 	5388 	5789
f 5390 	5789 	5788
f 5794 	5780 	5795
f 5789 	5388 	5395
f 5791 	5789 	5395
f 5781 	5796 	5782
f 5954 	5735 	5732
f 4288 	4289 	4262
f 5754 	5755 	4262
f 5791 	5395 	5313
f 5283 	5797 	5564
f 5432 	5799 	5797
f 5264 	5760 	5334
f 5797 	5799 	5962
f 5800 	5520 	5481
f 5390 	5802 	5439
f 5481 	5554 	5800
f 5631 	5762 	5759
f 5440 	5439 	5802
f 5802 	5801 	5440
f 5442 	5441 	5804
f 5441 	5805 	5804
f 5760 	5729 	5803
f 5478 	5806 	5441
f 5452 	5774 	5641
f 5806 	5805 	5441
f 5807 	5481 	5520
f 5807 	5806 	5481
f 5368 	5809 	5810
f 5478 	5481 	5806
f 5850 	5873 	5811
f 5814 	4248 	5811
f 5810 	5370 	5368
f 5810 	5125 	5370
f 5810 	5684 	5125
f 5808 	5809 	5368
f 5716 	5712 	5812
f 5368 	5835 	5808
f 5716 	5812 	5813
f 5956 	5789 	5791
f 4200 	5813 	5812
f 4200 	4240 	5813
f 5800 	5810 	5809
f 5865 	5564 	5962
f 1844 	5966 	5804
f 5800 	5684 	5810
f 5828 	5809 	5808
f 5791 	5313 	5656
f 5818 	5800 	5809
f 7392 	5786 	7376
f 5514 	5801 	5819
f 5801 	5514 	5440
f 5818 	5828 	5525
f 5817 	5489 	5816
f 5502 	5489 	5817
f 5809 	5828 	5818
f 5818 	5520 	5800
f 5816 	5489 	5514
f 5516 	5820 	5753
f 5819 	5816 	5514
f 5516 	5817 	5815
f 5516 	5502 	5817
f 5527 	5989 	5820
f 5530 	5527 	5820
f 5516 	5815 	5827
f 5820 	5516 	5530
f 5821 	5518 	5855
f 5803 	5753 	5820
f 5803 	5820 	5989
f 5683 	5391 	5824
f 5807 	5520 	5825
f 2176 	5807 	5825
f 5824 	5822 	5683
f 5827 	5527 	5530
f 5532 	5828 	5823
f 5516 	5827 	5530
f 5827 	5826 	5527
f 5822 	5824 	5587
f 5828 	5847 	5823
f 5829 	5825 	5520
f 5524 	5525 	5829
f 5808 	5847 	5828
f 5525 	5830 	5829
f 5831 	5525 	5532
f 5831 	5830 	5525
f 5832 	5760 	5803
f 5391 	5394 	5824
f 5465 	5760 	5832
f 5833 	5465 	5832
f 5822 	5587 	5834
f 5593 	5838 	5834
f 5593 	5834 	5587
f 5836 	5835 	5472
f 5882 	5834 	5838
f 5368 	5447 	5835
f 5840 	5352 	5351
f 5840 	5351 	5842
f 5833 	5832 	5839
f 5832 	5803 	5839
f 5842 	5843 	5840
f 4248 	5814 	5846
f 4240 	4249 	5813
f 5839 	5987 	5841
f 4249 	4248 	5846
f 5836 	5849 	5847
f 4249 	5846 	5813
f 5091 	5352 	5840
f 5846 	5716 	5813
f 4254 	5654 	6042
f 5624 	5812 	5712
f 3373 	3391 	5826
f 5537 	5826 	5853
f 5537 	5527 	5826
f 5547 	5854 	5560
f 5853 	3391 	5854
f 5854 	5855 	5560
f 5518 	5560 	5855
f 5857 	5550 	5556
f 5840 	5843 	5858
f 5610 	5840 	5858
f 5838 	5858 	5843
f 5864 	5948 	5416
f 5556 	5859 	5857
f 5532 	5860 	5831
f 5838 	5593 	5858
f 5860 	5532 	5543
f 5857 	5860 	5543
f 5857 	5543 	5550
f 5855 	5854 	3416
f 3332 	5821 	3416
f 3416 	5821 	5855
f 5860 	3398 	5831
f 1254 	5563 	5566
f 1254 	5566 	1417
f 1425 	1417 	5865
f 5566 	5865 	1417
f 1698 	1425 	5961
f 5575 	5563 	4755
f 5563 	1254 	4755
f 5576 	4755 	1271
f 5576 	1271 	5573
f 2775 	5573 	1271
f 5755 	5761 	4262
f 5754 	4262 	4291
f 4289 	4291 	4262
f 5663 	1268 	5656
f 2808 	5656 	1268
f 5658 	1269 	5657
f 4754 	5657 	1269
f 5864 	5416 	5418
f 5761 	5790 	4262
f 4754 	1268 	5657
f 5663 	5657 	1268
f 4260 	5259 	5852
f 5850 	4260 	5852
f 5546 	6198 	5864
f 4248 	5850 	5811
f 5850 	4271 	4260
f 5850 	4248 	4266
f 4266 	4271 	5850
f 5868 	4993 	5869
f 5852 	5873 	5850
f 5876 	5873 	6056
f 5879 	5877 	5878
f 5773 	5683 	5863
f 5879 	5878 	5931
f 5881 	5834 	5882
f 5389 	5851 	5883
f 5843 	5882 	5838
f 6562 	5882 	5843
f 5930 	5964 	5311
f 5822 	5863 	5683
f 5870 	5877 	5879
f 5889 	5869 	5399
f 5881 	6565 	6566
f 5835 	5847 	5808
f 5835 	5836 	5847
f 7449 	5892 	5881
f 5811 	5873 	5876
f 5823 	5847 	5849
f 5846 	5717 	5716
f 5897 	5839 	5841
f 5876 	5871 	5811
f 5893 	5814 	5811
f 5895 	5897 	5841
f 5811 	5871 	5893
f 5895 	5467 	5897
f 5814 	5893 	5846
f 2667 	2672 	5901
f 5908 	2644 	5901
f 5066 	5902 	5067
f 2667 	5901 	2644
f 5833 	5839 	5897
f 5742 	5904 	5901
f 5901 	5625 	5742
f 5836 	5472 	5471
f 5066 	5065 	5981
f 5065 	5067 	5902
f 5471 	8039 	5065
f 5471 	5065 	5836
f 5065 	5902 	5836
f 5742 	5744 	5904
f 5906 	5904 	5744
f 5906 	5908 	5904
f 5916 	5910 	5906
f 5910 	5908 	5906
f 5908 	5910 	2164
f 5901 	5904 	5908
f 5908 	2164 	2163
f 5329 	5700 	5696
f 5696 	5333 	5329
f 5911 	5933 	5916
f 5912 	5911 	5916
f 5916 	5906 	5912
f 5919 	5752 	5717
f 5893 	5871 	5919
f 5893 	5919 	5717
f 5871 	5923 	5919
f 5933 	5911 	5924
f 5919 	5923 	5911
f 5911 	5752 	5919
f 5911 	5923 	5924
f 5909 	5917 	6175
f 5964 	5965 	5311
f 5929 	5930 	5311
f 5744 	5912 	5906
f 5911 	5912 	5752
f 5890 	5889 	5311
f 5883 	5932 	5878
f 5744 	5752 	5912
f 5878 	5932 	5931
f 5355 	2164 	5910
f 5851 	5416 	5948
f 5932 	5883 	5851
f 5932 	5851 	5934
f 5916 	5933 	5355
f 5910 	5916 	5355
f 5923 	5918 	5924
f 5935 	5924 	5918
f 5881 	6566 	7449
f 5891 	5863 	5822
f 5891 	5822 	5892
f 5892 	5822 	5834
f 5834 	5881 	5892
f 5932 	5940 	5931
f 5735 	5942 	5515
f 5931 	5940 	5939
f 5948 	5934 	5851
f 6175 	5861 	5909
f 5942 	5943 	5946
f 5942 	5946 	5670
f 5942 	5623 	5515
f 5940 	5934 	5950
f 5942 	5670 	5623
f 5940 	5932 	5934
f 5658 	5666 	1269
f 1269 	5666 	2836
f 5619 	5670 	5946
f 5399 	5311 	5889
f 2835 	2836 	5667
f 5666 	5667 	2836
f 5667 	5704 	2835
f 5619 	5946 	5952
f 5572 	5573 	2778
f 2775 	2778 	5573
f 5952 	5605 	5619
f 3002 	5572 	2778
f 6369 	5953 	6368
f 3021 	5953 	6369
f 5710 	5705 	5953
f 5710 	5953 	3017
f 3021 	3017 	5953
f 3019 	2835 	5704
f 3018 	3019 	5707
f 5704 	5707 	3019
f 5710 	3017 	5707
f 3018 	5707 	3017
f 3002 	3010 	5698
f 5698 	3010 	3015
f 5956 	5957 	5958
f 7482 	5955 	5954
f 5801 	5802 	1855
f 5819 	5801 	3316
f 1719 	1854 	5788
f 5954 	5942 	5735
f 5789 	5958 	5788
f 1719 	5788 	5958
f 1850 	1861 	5807
f 5806 	5807 	1861
f 5946 	5943 	5955
f 5954 	5955 	5943
f 5956 	5958 	5789
f 5954 	5943 	5942
f 5805 	1835 	5804
f 5786 	7482 	5954
f 5806 	1861 	1835
f 5805 	5806 	1835
f 2808 	5956 	5656
f 5961 	5962 	5960
f 5865 	5962 	5961
f 1698 	5961 	5960
f 5965 	5928 	5311
f 5961 	1425 	5865
f 5967 	5928 	5965
f 7473 	5773 	5863
f 1706 	5966 	1844
f 5799 	5804 	5966
f 5968 	5928 	5967
f 5804 	1835 	1844
f 5863 	5891 	7473
f 5966 	5960 	5962
f 5969 	5928 	5968
f 5966 	1706 	5960
f 1706 	1699 	5960
f 5962 	5799 	5966
f 5963 	5928 	5969
f 5928 	5927 	5311
f 5927 	5890 	5311
f 1855 	3316 	5801
f 5819 	3316 	5816
f 3307 	5816 	3316
f 5952 	5946 	5970
f 5817 	5816 	3311
f 3307 	3311 	5816
f 5817 	3311 	5815
f 3163 	5815 	3311
f 5970 	6649 	6650
f 5791 	5656 	5956
f 3373 	5826 	5827
f 5955 	5970 	5946
f 3163 	5827 	5815
f 5853 	5826 	3391
f 1850 	5807 	2176
f 5854 	3390 	3416
f 5253 	4993 	5255
f 5971 	4993 	5868
f 5256 	4993 	5253
f 5859 	3423 	5857
f 6650 	5952 	5970
f 5859 	6345 	3423
f 3366 	5829 	5830
f 5973 	4993 	5972
f 5831 	3398 	3379
f 5972 	4993 	5971
f 5255 	4993 	5973
f 5895 	5841 	5903
f 5903 	8016 	5895
f 5998 	5976 	5903
f 5829 	3368 	5825
f 2176 	5825 	3368
f 3366 	5830 	3379
f 5831 	3379 	5830
f 4870 	5042 	5974
f 5982 	5975 	5974
f 8016 	5903 	5976
f 5974 	5979 	4870
f 4962 	5979 	6000
f 5849 	5902 	5066
f 5066 	5981 	5849
f 5065 	8039 	5981
f 5984 	5982 	5974
f 5849 	5836 	5902
f 5042 	5984 	5974
f 5989 	5839 	5803
f 5984 	5027 	5569
f 5989 	5527 	5987
f 5839 	5989 	5987
f 5987 	5537 	5547
f 5996 	6004 	5550
f 5543 	5996 	5550
f 5996 	5849 	5981
f 5992 	6416 	5993
f 5981 	6004 	5996
f 5849 	5996 	5823
f 5995 	5979 	5974
f 5532 	5823 	5996
f 5532 	5996 	5543
f 5991 	5990 	5999
f 5999 	6000 	5991
f 5903 	5841 	5998
f 5995 	5974 	5975
f 5841 	5987 	5998
f 6411 	5922 	9537
f 5976 	5998 	6001
f 5987 	5547 	5998
f 5560 	6001 	5998
f 6003 	5993 	6416
f 5998 	5547 	5560
f 5995 	5991 	6000
f 6004 	5556 	5550
f 6000 	5999 	6005
f 6004 	8170 	5556
f 6000 	5979 	5995
f 9538 	5993 	6003
f 5257 	6010 	5304
f 6012 	6005 	6010
f 6012 	6000 	6005
f 5257 	6012 	6010
f 5939 	6458 	6013
f 4962 	6000 	6012
f 4964 	4962 	6012
f 6013 	5879 	5931
f 8028 	6016 	6017
f 5939 	6013 	5931
f 6016 	5286 	5288
f 5992 	5870 	6013
f 6016 	5288 	6017
f 6013 	5870 	5879
f 6013 	6416 	5992
f 6314 	7210 	6019
f 8027 	6016 	8028
f 6019 	7210 	7211
f 1225 	5519 	6035
f 6020 	6016 	8027
f 6187 	5866 	5861
f 5287 	6016 	6020
f 6029 	6022 	6023
f 5377 	5287 	6020
f 6151 	6122 	6005
f 6198 	5546 	6030
f 6029 	6026 	6025
f 5935 	5937 	6027
f 5357 	6027 	5937
f 6198 	5948 	5864
f 6027 	5924 	5935
f 1278 	6187 	6024
f 5933 	5924 	6027
f 5359 	5933 	5357
f 6022 	6029 	6025
f 5933 	6027 	5357
f 5355 	5933 	5359
f 6028 	6026 	6031
f 5647 	6299 	6030
f 6031 	7508 	6028
f 5918 	6140 	5935
f 6140 	6102 	5935
f 5546 	5604 	6030
f 5918 	5876 	6140
f 6030 	5604 	5647
f 5876 	6145 	6140
f 6029 	6031 	6026
f 5918 	5923 	5871
f 5876 	5918 	5871
f 6015 	6028 	6008
f 5519 	1278 	6024
f 6034 	6026 	6028
f 6098 	6032 	5700
f 6187 	6210 	6024
f 6034 	6028 	6015
f 5708 	6032 	6033
f 5653 	6033 	6042
f 6028 	7509 	6008
f 5873 	5852 	6038
f 6040 	6215 	6036
f 6042 	4307 	4254
f 6064 	4339 	6048
f 6042 	6048 	4307
f 4307 	6048 	4339
f 5980 	6050 	6974
f 4339 	6064 	6054
f 6054 	4338 	4339
f 4338 	6054 	4312
f 6055 	7142 	6053
f 5852 	5259 	6038
f 5873 	6038 	6056
f 6055 	6137 	7142
f 6054 	6064 	6067
f 6073 	6084 	6221
f 6145 	5876 	6056
f 6078 	6048 	6042
f 6078 	6064 	6048
f 6081 	6220 	6080
f 6078 	6086 	6066
f 6064 	6078 	6066
f 6032 	6078 	6033
f 6033 	6078 	6042
f 6073 	7355 	6084
f 6098 	6092 	6091
f 6091 	6078 	6032
f 6086 	6078 	6091
f 6097 	5434 	6135
f 6101 	5518 	5821
f 6097 	5436 	5434
f 5328 	5436 	6097
f 6087 	6093 	7714
f 6098 	6097 	6135
f 5329 	5328 	6097
f 6098 	5329 	6097
f 6087 	7714 	6088
f 6091 	6032 	6098
f 5700 	5329 	6098
f 5937 	5935 	6102
f 7364 	5518 	6101
f 6247 	6086 	6107
f 6092 	6107 	6091
f 6086 	6091 	6107
f 6903 	8136 	6017
f 6094 	7499 	7441
f 7499 	6094 	6119
f 6081 	6119 	6220
f 1225 	6035 	1429
f 5304 	6010 	6122
f 6119 	6318 	6220
f 6081 	7499 	6119
f 6144 	6321 	6112
f 6122 	6010 	6005
f 6035 	6518 	1429
f 1429 	6518 	6134
f 1429 	6134 	1423
f 6108 	6135 	5434
f 6107 	6115 	6247
f 6135 	6108 	6107
f 6092 	6135 	6107
f 6137 	6055 	6328
f 6135 	6092 	6098
f 6137 	6328 	6128
f 6188 	6086 	6247
f 6086 	6188 	6066
f 6130 	6338 	6142
f 6144 	8006 	6142
f 1458 	1423 	6134
f 6153 	6129 	6148
f 6037 	6118 	6149
f 6153 	6148 	6151
f 6151 	6005 	5999
f 5999 	6153 	6151
f 1159 	6120 	6678
f 5990 	6153 	5999
f 6844 	5640 	5659
f 6155 	5640 	6844
f 6151 	6148 	6157
f 6122 	6151 	6157
f 1870 	1931 	6160
f 6165 	6166 	6160
f 6170 	6161 	5990
f 6165 	6160 	1931
f 6167 	6023 	6022
f 1931 	1930 	6165
f 6172 	6161 	6170
f 6169 	6163 	6164
f 6167 	6163 	6169
f 6170 	5990 	5991
f 6166 	6165 	7073
f 7073 	7075 	6166
f 6167 	6022 	6163
f 5975 	6170 	5991
f 6164 	6682 	6695
f 6173 	5915 	5922
f 6170 	6203 	6172
f 5917 	5915 	6173
f 6174 	5917 	6173
f 5917 	6174 	6175
f 5975 	5991 	5995
f 6172 	6203 	6544
f 6203 	6170 	5975
f 6175 	6174 	6179
f 6056 	6191 	6145
f 5861 	6175 	6183
f 6187 	5861 	6183
f 6066 	6188 	6064
f 6188 	6067 	6064
f 6187 	6183 	6212
f 6187 	6212 	6210
f 6169 	6088 	7715
f 6093 	6118 	6037
f 6324 	6183 	6175
f 6118 	6093 	6087
f 6087 	6193 	6118
f 6192 	6193 	6087
f 6164 	6192 	6169
f 6087 	6088 	6192
f 6192 	6088 	6169
f 6164 	6695 	6192
f 6196 	5950 	5934
f 5934 	5948 	6196
f 5467 	6208 	6202
f 6202 	6208 	703
f 5948 	6198 	6196
f 6202 	5466 	5467
f 6195 	6341 	6201
f 703 	5456 	6202
f 6196 	6333 	5950
f 5456 	703 	701
f 6204 	5672 	6346
f 5980 	5330 	5672
f 5950 	6333 	6182
f 3015 	6346 	5672
f 5980 	5672 	6204
f 6206 	6346 	6348
f 6050 	5980 	6206
f 6204 	6346 	6206
f 6205 	5467 	8015
f 6204 	6206 	5980
f 6206 	6209 	6053
f 6050 	6206 	6053
f 6205 	6208 	5467
f 5471 	5449 	6211
f 6213 	6055 	6053
f 6213 	6328 	6055
f 6213 	6053 	6209
f 5705 	6036 	6215
f 6216 	6215 	6040
f 6224 	6223 	6205
f 6226 	6216 	6040
f 6221 	6084 	6080
f 6223 	703 	6208
f 6225 	6221 	6080
f 6226 	1360 	6216
f 4758 	6226 	6221
f 6040 	6073 	6226
f 6073 	6221 	6226
f 6220 	6225 	6080
f 6320 	6232 	6231
f 1359 	6225 	6220
f 6221 	6225 	4758
f 1359 	4758 	6225
f 767 	6231 	6232
f 6059 	6191 	6056
f 6103 	6140 	6244
f 6140 	6145 	6244
f 6244 	6145 	6191
f 6103 	6102 	6140
f 6244 	6191 	6243
f 6247 	6115 	6246
f 6237 	6247 	6246
f 6233 	6104 	6313
f 6094 	6104 	6233
f 6326 	6231 	767
f 6237 	6188 	6247
f 6846 	6103 	6243
f 6197 	6262 	6261
f 6243 	6197 	6261
f 6197 	6243 	6191
f 6269 	6279 	3328
f 6270 	6279 	5357
f 5357 	6279 	6269
f 2161 	5357 	6269
f 5975 	5982 	6203
f 3328 	6279 	3386
f 6774 	6279 	6270
f 6101 	5821 	6311
f 6296 	5377 	6020
f 5350 	6284 	6285
f 6286 	3379 	6290
f 5350 	6289 	6284
f 6289 	5350 	5376
f 5350 	6285 	5351
f 5377 	6289 	5376
f 5377 	6296 	6289
f 6300 	3367 	6292
f 6292 	3367 	6286
f 6198 	6298 	6196
f 6293 	6378 	6295
f 6030 	6299 	6298
f 6302 	6296 	6297
f 6198 	6030 	6298
f 6289 	6296 	6302
f 5445 	6293 	6295
f 6302 	6284 	6289
f 6284 	6302 	6305
f 5445 	6300 	6292
f 5445 	6292 	6293
f 5445 	6295 	5434
f 5435 	3367 	6300
f 5434 	6295 	6108
f 6302 	6297 	8272
f 3386 	6279 	6303
f 6303 	6279 	6774
f 3386 	6303 	3384
f 6312 	6284 	6305
f 6290 	6389 	6307
f 6311 	5821 	4334
f 6100 	6101 	6310
f 6307 	6286 	6290
f 6311 	6310 	6101
f 6326 	6327 	6231
f 6310 	6313 	6104
f 6208 	6205 	6223
f 5990 	6161 	6386
f 6310 	6104 	6100
f 6232 	6211 	5449
f 6376 	5990 	6386
f 6232 	5449 	706
f 6311 	4334 	6310
f 6284 	6312 	6285
f 6314 	6205 	8015
f 6583 	6561 	6312
f 6285 	6312 	6561
f 6316 	6195 	6111
f 6112 	6316 	6111
f 6318 	6119 	6233
f 6119 	6094 	6233
f 6316 	6112 	6321
f 6322 	6320 	6231
f 6035 	5519 	6210
f 6210 	5519 	6024
f 6322 	6231 	6327
f 6320 	5471 	6211
f 6333 	6196 	6298
f 6232 	6320 	6211
f 4213 	6220 	4372
f 4331 	6233 	4354
f 6212 	6183 	6324
f 4354 	6233 	6313
f 6316 	6321 	4374
f 6175 	6179 	6324
f 6327 	6396 	6322
f 6554 	6324 	6179
f 4760 	6330 	6328
f 6128 	6328 	6330
f 6182 	6333 	6585
f 6330 	6130 	6128
f 6330 	6334 	6130
f 6337 	6321 	6144
f 6337 	4380 	4371
f 6337 	4371 	6321
f 6144 	6142 	6337
f 6337 	6142 	6338
f 6338 	4380 	6337
f 1870 	6160 	6339
f 6130 	6334 	6338
f 6316 	6341 	6195
f 6201 	5859 	5556
f 5859 	6201 	6345
f 6341 	4546 	6345
f 6201 	6341 	6345
f 6290 	6384 	6389
f 6307 	6292 	6286
f 6292 	6307 	6293
f 6319 	6379 	6349
f 6303 	6774 	6351
f 3384 	6303 	6351
f 6346 	6347 	6348
f 6347 	4174 	6348
f 6206 	6348 	6209
f 4179 	6209 	6348
f 4174 	4179 	6348
f 6213 	6209 	1353
f 4179 	1353 	6209
f 4760 	6328 	1353
f 4123 	6216 	1360
f 6215 	6216 	6368
f 4123 	6368 	6216
f 4123 	4155 	6368
f 6368 	5953 	5705
f 6215 	6368 	5705
f 6376 	6349 	6379
f 6376 	6379 	6129
f 6293 	6307 	6378
f 6770 	6295 	6378
f 6326 	6404 	6327
f 3384 	6351 	6352
f 3427 	3384 	6352
f 6376 	6129 	6153
f 3427 	6352 	6401
f 5990 	6376 	6153
f 3379 	3398 	6384
f 6290 	3379 	6384
f 6037 	6385 	6019
f 3398 	3420 	6384
f 6385 	6314 	6019
f 6384 	3420 	6389
f 6149 	6385 	6037
f 6149 	6388 	6385
f 6307 	6389 	6378
f 6310 	4334 	4333
f 6313 	6310 	4354
f 4333 	4354 	6310
f 6385 	6388 	6224
f 6318 	6233 	4372
f 4331 	4372 	6233
f 6388 	757 	6224
f 6318 	4372 	6220
f 4213 	1359 	6220
f 860 	757 	6388
f 6321 	4371 	4374
f 6224 	6205 	6385
f 6385 	6205 	6314
f 1360 	6226 	4758
f 6223 	6224 	757
f 6330 	4760 	4759
f 6334 	6330 	4759
f 766 	6326 	767
f 6327 	6406 	6396
f 6404 	6406 	6327
f 6405 	3433 	3428
f 6471 	3333 	6405
f 3333 	3433 	6405
f 6809 	6872 	6401
f 6402 	6404 	6326
f 3428 	6401 	6405
f 6402 	6326 	867
f 6872 	6405 	6401
f 860 	6388 	6149
f 6409 	6407 	6386
f 6408 	6871 	6362
f 6362 	6378 	6389
f 6402 	6406 	6404
f 6386 	6172 	6409
f 6362 	6389 	6390
f 6390 	6408 	6362
f 6396 	6406 	6410
f 6408 	6390 	6413
f 9539 	6339 	6411
f 6413 	6874 	6408
f 6390 	6389 	3420
f 6412 	6410 	6406
f 9537 	9539 	6411
f 6413 	3422 	4541
f 3420 	6413 	6390
f 6172 	6386 	6161
f 6412 	7870 	6410
f 6173 	5922 	6414
f 6711 	6407 	6409
f 5922 	6411 	6414
f 6270 	5937 	6772
f 5937 	6102 	6772
f 5937 	6270 	5357
f 6407 	6422 	6423
f 6407 	6423 	6386
f 6003 	6416 	6436
f 9514 	6007 	6825
f 6007 	6003 	6825
f 6420 	8962 	6317
f 6814 	6417 	6863
f 6422 	6420 	6317
f 6213 	1353 	6328
f 1366 	6334 	4759
f 4377 	4380 	6338
f 6424 	6676 	6411
f 6334 	1366 	6338
f 4377 	6338 	1366
f 6319 	6423 	6422
f 6316 	4374 	6341
f 4547 	3423 	6345
f 4547 	6345 	4546
f 6415 	6420 	6422
f 6422 	6387 	6415
f 6174 	6173 	6685
f 6685 	6179 	6174
f 6423 	6319 	6349
f 6339 	6424 	6411
f 6319 	6422 	6317
f 6339 	6160 	6429
f 6386 	6423 	6349
f 6339 	6429 	6424
f 6376 	6386 	6349
f 6422 	6407 	6387
f 6424 	6429 	6717
f 6416 	6458 	6436
f 6445 	6444 	6452
f 5548 	5607 	6433
f 6445 	6450 	6451
f 6449 	6034 	6015
f 6445 	6452 	6450
f 6445 	6451 	6458
f 5940 	6444 	5939
f 6444 	6445 	5939
f 5940 	5950 	6444
f 5939 	6445 	6458
f 5950 	6182 	6444
f 6416 	6013 	6458
f 6466 	6850 	6472
f 6436 	6458 	6451
f 8990 	8988 	6457
f 6599 	6850 	6466
f 6560 	6574 	6479
f 6547 	6446 	6470
f 6591 	6547 	6470
f 6471 	6405 	6469
f 3866 	3333 	6471
f 6471 	6469 	3866
f 3857 	6479 	6480
f 3857 	3866 	6479
f 6479 	3866 	6469
f 6034 	6449 	6483
f 6446 	6483 	6449
f 4659 	4594 	6489
f 6487 	6488 	6490
f 6489 	4594 	3857
f 6480 	6489 	3857
f 3926 	4659 	6489
f 6488 	6491 	6490
f 6457 	6599 	6466
f 6543 	6701 	6492
f 6493 	6497 	6545
f 5569 	6487 	6490
f 6490 	6491 	5982
f 6490 	5982 	5984
f 5570 	6487 	5569
f 6433 	6487 	5570
f 6497 	6034 	6483
f 6433 	5570 	5548
f 6490 	5984 	5569
f 5605 	5952 	6505
f 6505 	6506 	6514
f 6514 	5605 	6505
f 6779 	6451 	6450
f 6182 	6777 	6452
f 6182 	6452 	6444
f 6782 	6779 	6450
f 6506 	6515 	6514
f 6433 	5605 	6514
f 7140 	6134 	6518
f 6488 	6541 	6491
f 6518 	6035 	6210
f 6541 	6544 	6491
f 6026 	6034 	6497
f 6514 	6487 	6433
f 6514 	6541 	6488
f 6203 	6491 	6544
f 6488 	6487 	6514
f 6285 	5842 	5351
f 6561 	5842 	6285
f 6491 	6203 	5982
f 6298 	6299 	6546
f 6493 	6492 	6022
f 6589 	6515 	6506
f 6542 	3952 	6535
f 6540 	6555 	6638
f 3814 	3789 	6536
f 6539 	6541 	6537
f 6493 	6025 	6026
f 6536 	3953 	6542
f 3952 	6542 	3953
f 6210 	6212 	6540
f 6497 	6493 	6026
f 6493 	6022 	6025
f 6539 	6172 	6544
f 6515 	6533 	6537
f 6492 	6493 	6543
f 6541 	6515 	6537
f 6514 	6515 	6541
f 6541 	6539 	6544
f 6549 	6755 	6535
f 6535 	3952 	6549
f 6497 	6483 	6547
f 6547 	6545 	6497
f 6299 	5647 	6155
f 6755 	6549 	3849
f 6155 	6546 	6299
f 6550 	6493 	6545
f 6554 	6555 	6212
f 6554 	6212 	6324
f 200 	196 	8179
f 6562 	5843 	5842
f 5842 	6561 	6562
f 6550 	6543 	6493
f 6574 	6560 	6418
f 6565 	5882 	6562
f 6545 	6570 	6571
f 6545 	6571 	6550
f 6570 	6545 	6547
f 6480 	6569 	6572
f 6562 	6561 	6568
f 6489 	6480 	6572
f 6569 	6419 	6572
f 6469 	6560 	6479
f 6565 	6562 	6568
f 5882 	6565 	5881
f 6574 	6419 	6569
f 6574 	6480 	6479
f 6574 	6569 	6480
f 6567 	6550 	6571
f 6565 	8551 	6566
f 6540 	6212 	6555
f 6179 	6517 	6554
f 6543 	6550 	6567
f 6543 	6567 	6781
f 6547 	6483 	6446
f 6591 	6570 	6547
f 6589 	6588 	6533
f 6597 	6600 	6599
f 6597 	6619 	6600
f 6599 	6600 	6850
f 6599 	6602 	6597
f 6599 	6457 	6602
f 6589 	6533 	6515
f 6617 	6619 	6597
f 6537 	6533 	6669
f 6583 	6568 	6561
f 6669 	6712 	6537
f 6643 	6655 	6587
f 6587 	6298 	6546
f 6643 	6587 	6546
f 6585 	6298 	6587
f 6298 	6585 	6333
f 6540 	6518 	6210
f 6540 	7140 	6518
f 6540 	6638 	7140
f 6574 	6418 	6421
f 6643 	6546 	6844
f 6649 	6505 	6650
f 6650 	6505 	5952
f 6588 	6658 	8605
f 6505 	6649 	6506
f 6651 	6777 	6585
f 6506 	6649 	6589
f 6588 	6589 	6658
f 6655 	6651 	6587
f 6649 	6658 	6589
f 6587 	6651 	6585
f 7171 	6661 	6660
f 6662 	6649 	5970
f 6660 	6661 	6554
f 6555 	6554 	6661
f 6421 	6419 	6574
f 6669 	6533 	6588
f 6638 	6555 	6661
f 6670 	6572 	6419
f 6581 	6670 	7993
f 6676 	6414 	6411
f 6675 	6678 	6120
f 6676 	6687 	6414
f 6678 	1161 	1159
f 6120 	6149 	6675
f 6149 	6118 	6675
f 6679 	6678 	6675
f 6517 	6179 	6685
f 6676 	6424 	6717
f 6173 	6414 	6687
f 6675 	6193 	6688
f 6173 	6687 	6685
f 6675 	6118 	6193
f 6685 	6687 	6727
f 6679 	6675 	6688
f 6722 	6685 	6727
f 6695 	6679 	6688
f 6678 	6679 	1164
f 1161 	6678 	1170
f 1170 	6678 	1164
f 6669 	6588 	6668
f 6686 	6679 	6695
f 6686 	6695 	6682
f 6695 	6193 	6192
f 6695 	6688 	6193
f 6517 	6685 	6697
f 6697 	6685 	6722
f 1164 	6679 	6686
f 6697 	6554 	6517
f 6713 	6160 	6166
f 6701 	6682 	6164
f 6676 	6717 	6704
f 6588 	6665 	6668
f 6707 	6708 	6711
f 6708 	6407 	6711
f 6712 	6707 	6711
f 6160 	6713 	6429
f 6669 	6668 	6712
f 6668 	6707 	6712
f 6712 	6711 	6537
f 6717 	6429 	6713
f 7243 	6713 	7237
f 6711 	6539 	6537
f 6717 	6713 	7243
f 6704 	6717 	7243
f 6687 	6676 	6727
f 6703 	6709 	6725
f 6704 	6727 	6676
f 6709 	6726 	6730
f 6711 	6409 	6172
f 6711 	6172 	6539
f 6750 	6760 	6
f 6750 	6892 	6760
f 6755 	6761 	6580
f 6581 	6580 	6761
f 6755 	6580 	6535
f 6755 	3849 	3925
f 3926 	6755 	3925
f 3926 	6761 	6755
f 3926 	6489 	6572
f 6407 	6708 	6757
f 6387 	6407 	6757
f 6415 	6387 	6757
f 3926 	6572 	6761
f 6761 	6572 	6670
f 6581 	6761 	6670
f 190 	6763 	192
f 194 	6763 	6760
f 6757 	6762 	6415
f 6760 	6763 	6
f 200 	8234 	6768
f 6763 	190 	6768
f 6765 	6769 	6766
f 6766 	6668 	6665
f 6768 	8234 	127
f 127 	6 	6768
f 6768 	6 	6763
f 6668 	6766 	6707
f 6771 	6708 	6707
f 6771 	6757 	6708
f 6766 	6769 	6771
f 6766 	6771 	6707
f 6709 	6730 	6725
f 6773 	6774 	6789
f 6730 	6726 	6921
f 6182 	6585 	6777
f 6451 	6779 	6436
f 6351 	6774 	6773
f 6022 	6701 	6163
f 6701 	6022 	6492
f 6772 	6774 	6270
f 6164 	6163 	6701
f 8273 	6804 	6617
f 6781 	6682 	6701
f 6781 	6783 	6682
f 6295 	6796 	6108
f 6781 	6701 	6543
f 6770 	6796 	6295
f 6450 	6785 	6782
f 6452 	6785 	6450
f 6567 	6784 	6781
f 6785 	6452 	6777
f 6777 	6775 	6785
f 6682 	6783 	6686
f 6772 	6789 	6774
f 6789 	6772 	6102
f 6789 	6102 	6103
f 6789 	6103 	6788
f 6846 	6788 	6103
f 6773 	6788 	6803
f 6773 	6789 	6788
f 6790 	6686 	6783
f 6781 	6790 	6783
f 6781 	6784 	6790
f 6244 	6243 	6103
f 6762 	6757 	6769
f 6793 	6115 	6796
f 6793 	6796 	6770
f 6771 	6769 	6757
f 6770 	6811 	6793
f 6108 	6796 	6107
f 6107 	6796 	6115
f 6798 	1164 	6686
f 6863 	6560 	6799
f 6799 	6800 	6863
f 1449 	1164 	6798
f 6799 	6560 	6469
f 6686 	6790 	6798
f 1450 	1449 	6798
f 6351 	6773 	6352
f 6801 	4669 	6802
f 6401 	6352 	6803
f 6799 	6469 	6872
f 6804 	6703 	6810
f 6703 	6725 	6810
f 6773 	6803 	6352
f 6806 	6804 	6810
f 6803 	6788 	6800
f 6809 	6803 	6800
f 6799 	6809 	6800
f 6660 	6554 	6697
f 6807 	6801 	6805
f 6697 	7330 	6660
f 6801 	6802 	6805
f 6378 	6362 	6811
f 6777 	6651 	6775
f 6811 	6770 	6378
f 6806 	6810 	6913
f 6619 	6617 	6804
f 6725 	6817 	6810
f 6813 	6812 	6829
f 6810 	6817 	6913
f 6812 	6813 	2325
f 6812 	2324 	9514
f 6812 	2325 	2324
f 6818 	6725 	6730
f 6817 	6725 	6818
f 6730 	6921 	6818
f 4670 	6801 	6807
f 6003 	6436 	6823
f 6826 	6822 	6827
f 6823 	6829 	6825
f 6828 	6826 	6827
f 6820 	6829 	6823
f 6828 	6827 	4669
f 6436 	6819 	6820
f 6436 	6820 	6823
f 6812 	9514 	6825
f 6823 	6825 	6003
f 4708 	6832 	6828
f 6812 	6825 	6829
f 6832 	6826 	6828
f 6779 	6819 	6436
f 6832 	4708 	5304
f 6125 	6832 	5304
f 4672 	4708 	6828
f 6827 	6802 	4669
f 1458 	6834 	2860
f 6834 	6134 	6836
f 6837 	6822 	6826
f 1458 	6134 	6834
f 6134 	7140 	6836
f 6837 	6838 	6839
f 6839 	6822 	6837
f 6838 	7959 	620
f 6842 	6838 	620
f 6837 	7945 	7959
f 6837 	7959 	6838
f 6843 	6839 	6838
f 6839 	6843 	6805
f 6802 	6839 	6805
f 6840 	2860 	6834
f 2951 	2860 	6840
f 6838 	6842 	6843
f 620 	249 	6842
f 6788 	6846 	6816
f 6816 	6846 	6261
f 6816 	6800 	6788
f 6814 	6863 	6261
f 6418 	6863 	6417
f 6619 	6804 	6806
f 6570 	8307 	6571
f 6591 	6470 	1437
f 1437 	8311 	6591
f 6600 	6851 	6850
f 6600 	6619 	8363
f 8363 	6851 	6600
f 6619 	6806 	8363
f 6913 	6817 	6854
f 6817 	6818 	6854
f 6847 	6848 	6793
f 6854 	6818 	6797
f 7817 	6237 	6856
f 6246 	6856 	6237
f 6797 	8409 	6854
f 6115 	6793 	6848
f 6115 	6848 	6246
f 6243 	6261 	6846
f 6802 	6827 	6839
f 6827 	6822 	6839
f 6857 	6856 	6847
f 6246 	6848 	6847
f 6246 	6847 	6856
f 5154 	3892 	6861
f 7817 	6856 	6857
f 6808 	6847 	6793
f 6862 	6847 	6808
f 6862 	6808 	6884
f 6816 	6863 	6800
f 6880 	4450 	4412
f 6863 	6816 	6261
f 6560 	6863 	6418
f 138 	6862 	6866
f 6857 	6862 	138
f 6857 	6847 	6862
f 5154 	6869 	5158
f 6861 	6889 	6869
f 5154 	6861 	6869
f 6870 	6808 	6871
f 6793 	6871 	6808
f 6811 	6871 	6793
f 6803 	6809 	6401
f 6872 	6469 	6405
f 6890 	6861 	6860
f 6809 	6799 	6872
f 6362 	6871 	6811
f 4412 	6873 	6880
f 6408 	6874 	6870
f 6871 	6408 	6870
f 206 	6877 	6875
f 6880 	3892 	4450
f 206 	6878 	6877
f 6860 	3892 	6880
f 6880 	6890 	6860
f 6877 	6874 	6875
f 6877 	6870 	6874
f 6884 	6870 	6877
f 6879 	6992 	6873
f 6877 	6888 	6884
f 4541 	6875 	6413
f 6874 	6413 	6875
f 6808 	6870 	6884
f 6887 	6878 	194
f 6886 	6807 	6805
f 6760 	6887 	194
f 6878 	6887 	6877
f 6887 	6888 	6877
f 4453 	6807 	6886
f 5182 	6869 	6889
f 6891 	6861 	6890
f 6892 	6750 	134
f 6888 	6887 	6892
f 6892 	6866 	6888
f 6884 	6888 	6862
f 6866 	6862 	6888
f 6889 	6861 	6891
f 134 	6866 	6892
f 6889 	6891 	7271
f 6900 	5182 	6889
f 5268 	5270 	6901
f 5279 	5268 	6903
f 5288 	5279 	6903
f 6017 	5288 	6903
f 6760 	6892 	6887
f 6901 	5270 	5171
f 2220 	3961 	6907
f 2220 	6907 	3959
f 4671 	6907 	3961
f 5268 	6905 	6903
f 6906 	6910 	6904
f 6910 	3974 	6907
f 1450 	6798 	6790
f 6907 	4626 	6904
f 6907 	6904 	6910
f 3974 	3959 	6907
f 4733 	4674 	6914
f 6916 	4733 	6914
f 6806 	6913 	6915
f 6915 	6913 	8425
f 6726 	6412 	6921
f 6921 	6922 	6818
f 6921 	6412 	6406
f 6818 	6922 	6919
f 6797 	6818 	6919
f 6922 	6921 	6924
f 6922 	6924 	6925
f 6925 	1295 	6922
f 6919 	6922 	1295
f 1295 	8753 	6919
f 6921 	6406 	6924
f 6924 	6406 	6402
f 1265 	1295 	6925
f 6924 	6402 	6925
f 1265 	6925 	6402
f 1295 	2660 	8753
f 6926 	6914 	4687
f 6920 	6926 	4689
f 6926 	6958 	6914
f 8646 	9034 	6937
f 6940 	6944 	7037
f 6920 	4689 	4681
f 6937 	6933 	6949
f 6949 	6940 	6948
f 6940 	6949 	6944
f 4677 	4687 	6914
f 6949 	7036 	6966
f 6914 	4674 	4677
f 6949 	6948 	7036
f 6949 	6966 	6937
f 6954 	5341 	5500
f 6937 	6954 	5500
f 6920 	5486 	5487
f 6958 	6926 	7117
f 6959 	7117 	6926
f 5487 	6959 	6920
f 6954 	6966 	6961
f 6937 	6966 	6954
f 6920 	6959 	6926
f 5487 	2533 	6959
f 2558 	6959 	2531
f 5171 	6900 	6901
f 6961 	6953 	6036
f 6961 	6966 	6953
f 6966 	7036 	6953
f 6954 	6961 	5341
f 6961 	6036 	5341
f 6036 	6953 	6040
f 6053 	6974 	6050
f 6978 	6979 	6889
f 6889 	7271 	6978
f 6982 	6905 	5268
f 5268 	6901 	6982
f 6900 	6889 	6979
f 6982 	6900 	6979
f 7262 	8186 	6982
f 6900 	6982 	6901
f 6873 	6992 	6991
f 6991 	6880 	6873
f 6880 	6991 	7021
f 6886 	7012 	7007
f 7007 	4497 	6886
f 7021 	6991 	7116
f 6974 	7032 	7026
f 7032 	6974 	6053
f 7032 	7098 	7026
f 7142 	7032 	6053
f 6008 	7037 	8882
f 7039 	8882 	7037
f 6944 	7039 	7037
f 7051 	5706 	7069
f 7051 	5659 	5668
f 7051 	5668 	5706
f 2976 	7485 	2972
f 7485 	2976 	7486
f 7061 	2976 	2951
f 6958 	6964 	6914
f 6840 	7061 	2951
f 6964 	6916 	6914
f 7068 	6904 	4622
f 7068 	6906 	6904
f 7061 	7486 	2976
f 7068 	7084 	6906
f 4733 	6916 	7071
f 4740 	4733 	7071
f 7073 	6165 	3370
f 7071 	6964 	6955
f 7071 	6916 	6964
f 4745 	7074 	7072
f 7071 	4741 	4740
f 7071 	7083 	4741
f 4741 	7074 	4736
f 7044 	6946 	7026
f 7074 	4741 	7083
f 7045 	7044 	7085
f 7150 	7085 	7044
f 7045 	7085 	7093
f 4800 	7084 	7068
f 7125 	7124 	7073
f 7068 	4714 	4800
f 7125 	7073 	3370
f 7125 	3370 	3371
f 7075 	7073 	7088
f 7089 	6454 	8973
f 4745 	7072 	7307
f 7092 	6454 	7089
f 7090 	4805 	4807
f 4792 	4805 	7090
f 4792 	7090 	7087
f 7045 	7093 	7091
f 4792 	7087 	7086
f 7091 	7092 	7089
f 4798 	4792 	7086
f 7086 	4800 	4798
f 7084 	4800 	7086
f 7091 	7093 	7092
f 7084 	7095 	7094
f 7084 	7086 	7095
f 7123 	6991 	6992
f 6890 	7021 	7264
f 7094 	7112 	6906
f 6890 	7264 	6891
f 6880 	7021 	6890
f 7074 	7102 	7072
f 7012 	6805 	6843
f 7103 	7102 	7074
f 6886 	6805 	7012
f 7083 	7103 	7074
f 6843 	7134 	7012
f 7103 	7083 	6950
f 7098 	7044 	7026
f 7072 	7102 	7305
f 7083 	7071 	6950
f 7071 	6955 	6950
f 6906 	7084 	7094
f 7095 	7086 	7087
f 7095 	7087 	7265
f 7104 	130 	4562
f 4561 	4564 	7104
f 4562 	4561 	7104
f 7087 	7090 	7265
f 7104 	7111 	135
f 3972 	3974 	7112
f 3974 	6910 	7112
f 7112 	6910 	6906
f 6959 	2533 	2531
f 6959 	2558 	7117
f 7114 	6958 	7117
f 7114 	6964 	6958
f 6950 	7145 	7144
f 7021 	7116 	7119
f 7120 	6950 	6955
f 7119 	7264 	7021
f 6950 	7120 	7145
f 7116 	7334 	7119
f 7114 	7120 	6955
f 6964 	7114 	6955
f 297 	215 	7123
f 215 	7116 	7123
f 7123 	7116 	6991
f 7073 	7124 	7088
f 7111 	7007 	135
f 3371 	3482 	7125
f 7007 	7126 	135
f 7490 	7489 	7124
f 7490 	7124 	7125
f 7489 	7088 	7124
f 7490 	7125 	3482
f 7137 	6840 	6834
f 222 	7126 	7134
f 222 	218 	7126
f 7012 	7134 	7126
f 7007 	7012 	7126
f 220 	135 	7126
f 7137 	6834 	6836
f 218 	220 	7126
f 7137 	6836 	7140
f 7123 	6992 	7139
f 7136 	7137 	7140
f 7139 	6992 	4548
f 7187 	7139 	4548
f 4548 	4538 	7187
f 6992 	6879 	4548
f 7142 	7098 	7032
f 7098 	7142 	7147
f 7136 	7140 	7154
f 6638 	7154 	7140
f 7044 	7147 	7150
f 7098 	7147 	7044
f 7897 	7150 	7147
f 7147 	7893 	7897
f 7142 	7893 	7147
f 6546 	6155 	6844
f 6948 	7161 	7036
f 6948 	6940 	7161
f 6643 	6844 	7213
f 5659 	7051 	7213
f 6844 	5659 	7213
f 7154 	7428 	7425
f 6660 	7330 	7170
f 6660 	7170 	7171
f 7171 	6638 	6661
f 7159 	7158 	7539
f 7171 	7154 	6638
f 6655 	7212 	7180
f 2558 	2551 	7195
f 7195 	7201 	7120
f 7114 	7117 	2558
f 7195 	7114 	2558
f 7836 	7192 	3658
f 7836 	7208 	7192
f 6037 	6019 	7717
f 7180 	7212 	7434
f 6019 	7211 	7717
f 7224 	7210 	7178
f 6643 	7212 	6655
f 7211 	7210 	7224
f 7211 	7224 	7207
f 7193 	7236 	7141
f 7193 	7141 	4543
f 7212 	6643 	7213
f 7154 	7171 	7428
f 7196 	7224 	7178
f 7224 	7225 	7207
f 7196 	7417 	7224
f 7136 	7154 	7421
f 4580 	342 	4647
f 284 	297 	7242
f 297 	7234 	7242
f 7234 	7123 	7139
f 7139 	7242 	7234
f 6166 	7075 	7237
f 7236 	7248 	287
f 7236 	284 	7242
f 6713 	6166 	7237
f 7236 	7187 	7141
f 7242 	7139 	7187
f 7114 	7195 	7120
f 7242 	7187 	7236
f 7094 	7245 	7246
f 7112 	7094 	7246
f 7236 	7193 	7248
f 7245 	7095 	7265
f 342 	4580 	191
f 193 	191 	4583
f 130 	193 	4583
f 4562 	130 	4583
f 7216 	7439 	7219
f 7216 	7207 	7225
f 7207 	7216 	7206
f 7250 	7144 	7208
f 7225 	7437 	7436
f 7201 	7192 	7120
f 7436 	7216 	7225
f 7437 	7225 	7224
f 7145 	7120 	7192
f 7144 	7145 	7208
f 7262 	6979 	6978
f 7208 	7145 	7192
f 7262 	6978 	7261
f 7246 	3972 	7112
f 4094 	3972 	7246
f 7245 	7265 	7266
f 7245 	7094 	7095
f 7271 	7261 	6978
f 7264 	7271 	6891
f 7273 	7287 	7275
f 7273 	7266 	7287
f 7217 	7461 	7159
f 7287 	7289 	7275
f 7265 	7287 	7266
f 7090 	7297 	7289
f 7287 	7090 	7289
f 7265 	7090 	7287
f 7159 	7291 	7306
f 7144 	7102 	7103
f 7102 	7144 	7250
f 7144 	7103 	6950
f 6953 	7036 	7294
f 6953 	7294 	7312
f 7161 	7294 	7036
f 7090 	4807 	7297
f 7158 	7159 	7306
f 7580 	7289 	7297
f 7294 	7161 	7293
f 7293 	7161 	7165
f 7461 	7291 	7159
f 7293 	7165 	7158
f 7307 	7305 	7304
f 7304 	4866 	4867
f 4875 	7307 	7304
f 7304 	4867 	4875
f 7158 	7306 	7293
f 4866 	7304 	7303
f 7479 	7305 	7102
f 7479 	7102 	7250
f 7355 	7293 	7306
f 7305 	7307 	7072
f 7355 	7294 	7293
f 7306 	7352 	7355
f 6040 	6953 	7312
f 7312 	7294 	7355
f 7355 	6073 	7312
f 7499 	6081 	7322
f 7261 	7328 	8510
f 7324 	7326 	6722
f 6982 	6979 	7262
f 6722 	6727 	7324
f 6727 	6704 	7324
f 7328 	7271 	7327
f 7261 	7271 	7328
f 7243 	7237 	7447
f 215 	217 	7116
f 7457 	7243 	7447
f 7327 	7271 	7264
f 7335 	6704 	7243
f 7328 	7327 	641
f 7116 	217 	7334
f 234 	7334 	217
f 6697 	6722 	7330
f 7326 	7442 	7330
f 7264 	7119 	7334
f 7330 	6722 	7326
f 7327 	7264 	7334
f 7446 	7326 	7324
f 7334 	234 	233
f 7327 	7334 	233
f 7324 	6704 	7335
f 7324 	7335 	7446
f 6842 	249 	222
f 7134 	6843 	222
f 6842 	222 	6843
f 7123 	7234 	297
f 7340 	4620 	4598
f 7339 	6651 	7338
f 7339 	6775 	6651
f 4896 	4897 	7319
f 7348 	7362 	7319
f 7346 	4917 	7320
f 7344 	7347 	7343
f 4897 	4917 	7348
f 7342 	7347 	7345
f 4917 	7346 	7348
f 7319 	4897 	7348
f 7349 	4911 	4866
f 7303 	7349 	4866
f 4914 	7350 	7320
f 4916 	7349 	7350
f 7340 	4598 	7341
f 4914 	4916 	7350
f 4917 	4914 	7320
f 7352 	7322 	6081
f 7322 	7306 	7291
f 6081 	6080 	7352
f 7354 	4920 	5275
f 7322 	7352 	7306
f 7353 	4920 	7354
f 7353 	4940 	4941
f 7352 	6080 	7355
f 6084 	7355 	6080
f 4941 	4920 	7353
f 6040 	7312 	6073
f 7357 	7359 	7320
f 7359 	7346 	7320
f 5976 	6001 	7196
f 7359 	7362 	7348
f 7359 	7348 	7346
f 7349 	7356 	7350
f 7349 	7403 	7522
f 4605 	4330 	7341
f 4598 	4605 	7341
f 7319 	7362 	7298
f 7350 	7356 	7320
f 7320 	7356 	7357
f 7577 	7353 	7528
f 4325 	7373 	7342
f 4330 	4325 	7342
f 7342 	7341 	4330
f 7522 	7356 	7349
f 5681 	7343 	4325
f 7347 	7342 	7373
f 7373 	7343 	7347
f 7389 	7379 	5798
f 7343 	5681 	7379
f 5763 	7379 	5681
f 7379 	5763 	5723
f 4385 	4633 	7377
f 5766 	7377 	7376
f 5723 	5798 	7379
f 7382 	7381 	7385
f 7381 	7397 	7385
f 7397 	7381 	7298
f 7389 	7343 	7379
f 7389 	7344 	7343
f 7971 	7964 	7385
f 7390 	4633 	4637
f 7391 	7392 	7376
f 7357 	7395 	7384
f 7384 	7385 	7397
f 7384 	7397 	7362
f 7362 	7397 	7298
f 7479 	7517 	7398
f 7398 	7303 	7304
f 7349 	7303 	7403
f 7403 	7303 	7398
f 7398 	7304 	7305
f 7398 	7305 	7479
f 7472 	7338 	7180
f 6782 	7413 	7409
f 6779 	6782 	7409
f 6785 	7413 	6782
f 6819 	6779 	7409
f 6785 	7414 	7413
f 7339 	7414 	6775
f 6785 	6775 	7414
f 7409 	7413 	7464
f 7414 	7339 	7470
f 7338 	6655 	7180
f 7417 	7363 	7364
f 7442 	7170 	7330
f 6001 	7363 	7196
f 6655 	7338 	6651
f 7417 	7196 	7363
f 7061 	7418 	7486
f 7061 	6840 	7418
f 7363 	5518 	7364
f 7421 	7418 	7136
f 7364 	7361 	7417
f 7421 	7501 	7418
f 6840 	7137 	7418
f 7418 	7137 	7136
f 7421 	7425 	7501
f 7417 	7361 	7437
f 7154 	7425 	7421
f 7364 	6100 	7361
f 7361 	6100 	7360
f 7428 	7503 	7425
f 7437 	7224 	7417
f 7363 	6001 	5518
f 7428 	7170 	7423
f 7428 	7171 	7170
f 7503 	7428 	7423
f 7503 	7423 	7504
f 7360 	6104 	6094
f 7441 	7360 	6094
f 7432 	7472 	7180
f 6100 	7364 	6101
f 7432 	7180 	7434
f 7360 	6100 	6104
f 7436 	7437 	7361
f 7434 	7213 	7438
f 7434 	7212 	7213
f 7213 	7051 	7438
f 7436 	7439 	7216
f 7542 	7541 	7438
f 7360 	7439 	7436
f 7438 	7051 	7069
f 7436 	7361 	7360
f 7542 	7438 	7069
f 7439 	7360 	7441
f 7391 	7377 	7390
f 7445 	7075 	7088
f 7391 	7376 	7377
f 7445 	7237 	7075
f 7335 	7457 	7446
f 7377 	4633 	7390
f 7237 	7445 	7447
f 7335 	7243 	7457
f 7326 	7453 	7442
f 7453 	7326 	7446
f 7615 	7614 	7446
f 7453 	7446 	7614
f 7446 	7457 	7615
f 7614 	7613 	7453
f 7442 	7453 	7613
f 7441 	7461 	7439
f 7461 	7217 	7439
f 7617 	7445 	7088
f 7447 	7445 	7617
f 7219 	7439 	7217
f 7442 	7613 	7423
f 7450 	7516 	5891
f 7449 	7450 	5891
f 7449 	5891 	5892
f 7468 	7389 	5798
f 7170 	7442 	7423
f 7468 	5773 	7473
f 7339 	7338 	7472
f 7468 	5798 	5773
f 5891 	7516 	7473
f 7464 	7413 	7414
f 5786 	7392 	7476
f 7414 	7465 	7464
f 7414 	7470 	7465
f 7409 	7464 	7463
f 7482 	7483 	5955
f 7472 	7470 	7339
f 7480 	7483 	7482
f 5709 	7540 	7484
f 7542 	7484 	7540
f 7483 	8657 	8607
f 6662 	7483 	8607
f 7483 	5970 	5955
f 7069 	7484 	7542
f 7484 	5714 	5709
f 7069 	5714 	7484
f 7476 	7523 	7480
f 7613 	7614 	7501
f 5718 	7485 	7616
f 7476 	7480 	7482
f 7476 	7482 	5786
f 7486 	7418 	7500
f 7489 	7488 	7088
f 7088 	7488 	7617
f 3482 	7491 	7490
f 7616 	7617 	5718
f 7461 	7441 	7499
f 7488 	7489 	3525
f 7489 	7490 	3525
f 3513 	3525 	7490
f 7490 	7491 	3513
f 3627 	3513 	7491
f 7461 	7499 	7322
f 7461 	7322 	7291
f 7500 	7418 	7501
f 7501 	7425 	7502
f 7434 	7438 	7541
f 7463 	7464 	7547
f 7548 	7547 	7464
f 7465 	7548 	7464
f 7496 	7495 	7492
f 7496 	6112 	6111
f 6144 	6112 	7496
f 7496 	6111 	7495
f 7616 	7447 	7617
f 7613 	7504 	7423
f 7503 	7504 	7502
f 7501 	7502 	7504
f 7504 	7613 	7501
f 7486 	7500 	7615
f 3525 	5718 	7488
f 7425 	7503 	7502
f 7509 	6028 	7508
f 5795 	7472 	5794
f 7510 	7508 	6029
f 7511 	7512 	7514
f 7511 	5780 	7512
f 6662 	5970 	7483
f 7512 	7432 	7514
f 5794 	7432 	7512
f 7434 	7514 	7432
f 7434 	5793 	7514
f 7398 	7519 	7403
f 7517 	7519 	7398
f 7539 	7508 	7510
f 7525 	7509 	7508
f 7510 	6029 	7507
f 6023 	7507 	6029
f 7517 	7879 	7519
f 7507 	7539 	7510
f 7529 	7539 	7507
f 7477 	7406 	7520
f 7407 	7406 	7477
f 7389 	7515 	7521
f 7561 	7520 	7406
f 7289 	7407 	7477
f 7289 	7477 	7275
f 7516 	7515 	7468
f 7403 	7519 	7522
f 8661 	7516 	7450
f 7468 	7473 	7516
f 7564 	7356 	7522
f 7450 	8601 	8661
f 7389 	7468 	7515
f 7567 	7356 	7564
f 7356 	7567 	7395
f 7357 	7384 	7359
f 7523 	7854 	7874
f 7357 	7356 	7395
f 7476 	7854 	7523
f 7392 	7854 	7476
f 7359 	7384 	7362
f 7037 	6008 	7509
f 7508 	7532 	7525
f 6940 	7037 	7525
f 7509 	7525 	7037
f 7530 	7353 	7354
f 7530 	7528 	7353
f 7161 	7532 	7165
f 7161 	7525 	7532
f 7560 	7534 	7526
f 7562 	7526 	7528
f 7562 	7560 	7526
f 7534 	7579 	7526
f 7729 	7159 	7529
f 7562 	7528 	7530
f 7525 	7161 	6940
f 7165 	7532 	7158
f 7512 	5780 	5794
f 7529 	7159 	7539
f 7541 	7542 	7540
f 7532 	7539 	7158
f 7874 	7480 	7523
f 7541 	5793 	7434
f 7548 	7550 	7549
f 7547 	7548 	7549
f 7551 	7549 	7550
f 7465 	7550 	7548
f 7193 	4543 	7553
f 5796 	7551 	7470
f 7470 	7551 	7465
f 7550 	7465 	7551
f 7554 	7555 	7556
f 7472 	5795 	7556
f 7472 	7556 	7470
f 7555 	7470 	7556
f 7560 	7561 	7534
f 7522 	7519 	7564
f 7748 	7559 	7345
f 7559 	7748 	7586
f 7746 	7748 	7345
f 7746 	7345 	7347
f 7530 	7568 	7562
f 7553 	7340 	7558
f 7553 	4620 	7340
f 7559 	7558 	7340
f 7559 	7340 	7341
f 7559 	7341 	7342
f 7345 	7559 	7342
f 4648 	339 	7573
f 334 	7573 	339
f 8165 	7520 	7561
f 7406 	7534 	7561
f 7577 	7528 	7526
f 4940 	7353 	7577
f 287 	7248 	376
f 7579 	7534 	7406
f 7526 	7579 	7577
f 7578 	7193 	7553
f 7578 	376 	7248
f 7578 	7248 	7193
f 7578 	7553 	7558
f 7297 	4933 	7580
f 7297 	4807 	4933
f 7406 	7407 	7580
f 7588 	7558 	7559
f 7580 	7585 	7406
f 7588 	7559 	7586
f 7407 	7289 	7580
f 7580 	4933 	7585
f 4933 	4935 	7585
f 7588 	7578 	7558
f 7585 	7579 	7406
f 7586 	7839 	7833
f 5262 	5258 	7589
f 5258 	7609 	7589
f 4647 	342 	339
f 6038 	7590 	6056
f 7591 	7592 	4635
f 7590 	6059 	6056
f 5259 	7590 	6038
f 5262 	7589 	7590
f 7591 	7573 	334
f 7594 	6054 	6067
f 6067 	7601 	7594
f 4635 	7592 	4637
f 7594 	5266 	4312
f 7592 	7598 	7390
f 4312 	6054 	7594
f 7592 	7390 	4637
f 5266 	7594 	7601
f 7391 	7390 	7598
f 5266 	7601 	5267
f 7601 	7664 	7718
f 7640 	5267 	7601
f 7698 	7640 	7601
f 489 	7607 	7608
f 5796 	7470 	7555
f 5285 	7319 	7611
f 7615 	7500 	7614
f 7615 	7618 	7485
f 7617 	7488 	5718
f 7485 	7486 	7615
f 7608 	492 	489
f 7457 	7447 	7616
f 7592 	7591 	7607
f 7616 	7485 	7618
f 7616 	7618 	7457
f 7615 	7457 	7618
f 7539 	7532 	7508
f 7432 	5794 	7472
f 7150 	7679 	7085
f 6829 	7623 	6813
f 7623 	2325 	6813
f 7628 	2325 	7623
f 7093 	7686 	7092
f 7628 	2303 	2325
f 7623 	7631 	7628
f 6023 	6167 	7507
f 7705 	7507 	6167
f 7508 	6031 	6029
f 7725 	7632 	7631
f 7725 	7695 	7632
f 7632 	7628 	7631
f 7637 	7685 	7636
f 5285 	7611 	7609
f 5285 	7609 	5246
f 7640 	7698 	7688
f 7640 	7688 	7704
f 7589 	7609 	7668
f 6191 	7652 	6197
f 7652 	6191 	6059
f 7590 	7652 	6059
f 7590 	7589 	7652
f 7664 	7601 	6067
f 6237 	7664 	6188
f 6067 	6188 	7664
f 7589 	7668 	7713
f 7637 	7638 	7690
f 7684 	5769 	7636
f 7672 	7409 	7638
f 7676 	7672 	7638
f 7463 	7638 	7409
f 7690 	7638 	7463
f 7667 	7668 	7609
f 7319 	7298 	7667
f 6819 	7672 	7676
f 7676 	6820 	6819
f 7409 	7672 	6819
f 7623 	6829 	7678
f 6829 	6820 	7678
f 6820 	7676 	7678
f 7631 	7678 	7636
f 7678 	7637 	7636
f 7093 	7085 	7679
f 7678 	7631 	7623
f 7894 	7682 	7679
f 7150 	7897 	7679
f 7676 	7637 	7678
f 7679 	7897 	7894
f 7676 	7638 	7637
f 7686 	7093 	7679
f 7687 	5765 	7685
f 7685 	7690 	7687
f 7686 	7679 	7682
f 7686 	7682 	7689
f 7667 	7609 	7611
f 7667 	7611 	7319
f 7626 	7092 	7686
f 7684 	7636 	7685
f 7690 	7685 	7637
f 7686 	7689 	7626
f 7629 	7626 	7689
f 7684 	7685 	5765
f 7631 	7636 	5769
f 5768 	3705 	7695
f 3706 	7695 	3705
f 7691 	7689 	7682
f 7689 	7691 	7692
f 7702 	7701 	5275
f 7629 	7689 	7692
f 5276 	7702 	5275
f 7688 	7703 	7702
f 7715 	7206 	7707
f 7702 	7704 	7688
f 5276 	7704 	7702
f 5280 	5249 	7704
f 5249 	7640 	7704
f 7354 	7701 	7530
f 7354 	5275 	7701
f 7715 	7707 	6169
f 6169 	7707 	7705
f 7709 	7707 	7206
f 7709 	7729 	7707
f 7719 	7703 	7688
f 7607 	7591 	7608
f 6262 	6197 	7652
f 7667 	7298 	7711
f 7591 	334 	7608
f 7713 	6262 	7652
f 7592 	7607 	7598
f 7667 	7711 	7668
f 7607 	7610 	7598
f 7713 	7668 	7711
f 7705 	7729 	7507
f 7713 	7652 	7589
f 7381 	7711 	7298
f 7717 	7207 	7714
f 7817 	7664 	6237
f 7664 	7817 	7718
f 7714 	6093 	7717
f 7718 	7698 	7601
f 7206 	7715 	7714
f 7714 	7207 	7206
f 6088 	7714 	7715
f 7719 	7698 	7718
f 7688 	7698 	7719
f 6037 	7717 	6093
f 7724 	6261 	6262
f 7381 	7382 	7724
f 7711 	7381 	7724
f 7711 	7724 	6262
f 5769 	5767 	7725
f 7631 	5769 	7725
f 7207 	7717 	7211
f 7695 	7725 	5768
f 3669 	7632 	7695
f 7549 	7687 	7547
f 7690 	7547 	7687
f 7463 	7547 	7690
f 7705 	7707 	7729
f 7529 	7507 	7729
f 7216 	7219 	7709
f 7216 	7709 	7206
f 7219 	7217 	7729
f 7709 	7219 	7729
f 7159 	7729 	7217
f 410 	7608 	334
f 7782 	7511 	5777
f 7514 	5777 	7511
f 7511 	7782 	5780
f 5793 	5777 	7514
f 7541 	7540 	5778
f 7541 	5778 	5793
f 7739 	7735 	7737
f 5781 	7549 	7551
f 5796 	5781 	7551
f 7739 	7737 	7738
f 7787 	7554 	5779
f 7556 	5779 	7554
f 7555 	7554 	5782
f 7787 	5782 	7554
f 5795 	5779 	7556
f 7555 	5782 	5796
f 410 	492 	7608
f 4635 	4642 	7591
f 4642 	7573 	7591
f 3705 	7777 	4262
f 6262 	7713 	7711
f 7772 	5768 	7761
f 7769 	3705 	7768
f 7747 	7746 	7344
f 7761 	5768 	7760
f 7746 	7347 	7344
f 7758 	7759 	5767
f 7760 	5767 	7759
f 7770 	3705 	7769
f 5768 	7768 	3705
f 7778 	4262 	7777
f 7768 	5768 	7767
f 7766 	7767 	5768
f 5767 	7760 	5768
f 7777 	3705 	7775
f 7770 	7775 	3705
f 7766 	5768 	7772
f 4346 	4262 	4345
f 5381 	5385 	5709
f 5385 	8002 	5709
f 7790 	5782 	7789
f 7549 	5781 	7791
f 7791 	7792 	7549
f 7994 	7739 	7727
f 7791 	5782 	7790
f 8346 	7549 	7792
f 7822 	7813 	7782
f 7802 	7795 	7797
f 7789 	5782 	7796
f 7804 	7796 	7787
f 7804 	7787 	7803
f 7787 	7782 	7806
f 7803 	7787 	7806
f 6169 	7705 	6167
f 7813 	7806 	7782
f 6417 	7724 	7382
f 7724 	6417 	6814
f 6814 	6261 	7724
f 137 	7819 	6857
f 7817 	6857 	7819
f 7719 	7819 	7721
f 7819 	137 	7721
f 7819 	7718 	7817
f 7782 	5778 	7842
f 7819 	7719 	7718
f 7530 	7701 	7823
f 7702 	7703 	7823
f 7701 	7702 	7823
f 7827 	7568 	7823
f 7822 	7782 	7829
f 7830 	7829 	7782
f 7568 	7530 	7823
f 7747 	7344 	7389
f 7721 	7823 	7703
f 7827 	7823 	7721
f 7827 	132 	7568
f 7721 	132 	7827
f 7830 	7782 	7832
f 7833 	378 	399
f 7719 	7721 	7703
f 7578 	399 	376
f 7836 	3658 	3684
f 7586 	7833 	399
f 399 	7578 	7588
f 7586 	399 	7588
f 3659 	7192 	7201
f 7201 	7195 	3659
f 7192 	3659 	3658
f 7840 	7839 	7746
f 7839 	7586 	7748
f 7839 	7748 	7746
f 7831 	7782 	7837
f 7840 	7747 	7843
f 7840 	7746 	7747
f 405 	378 	7833
f 7841 	5778 	7845
f 7839 	405 	7833
f 403 	405 	7839
f 4098 	7847 	7846
f 7847 	7245 	7266
f 7839 	7840 	1011
f 7847 	7246 	7245
f 403 	7839 	1011
f 7847 	7266 	7846
f 7840 	7843 	1011
f 7246 	7847 	4094
f 7846 	4104 	4098
f 7846 	7850 	4104
f 7868 	7747 	7521
f 7850 	7846 	7266
f 7747 	7389 	7521
f 7208 	7836 	7853
f 7836 	7865 	7853
f 7853 	7250 	7208
f 7598 	7857 	7391
f 7859 	4104 	7850
f 7857 	7854 	7391
f 7836 	3677 	3814
f 7392 	7391 	7854
f 3814 	7865 	7836
f 7864 	7738 	7722
f 7862 	7864 	7722
f 3684 	3677 	7836
f 7738 	7864 	7739
f 7610 	7857 	7598
f 7727 	7739 	7864
f 7727 	7864 	7795
f 7515 	7516 	7867
f 7795 	7864 	7862
f 7521 	7515 	7867
f 7862 	6709 	8267
f 7521 	7867 	7868
f 7797 	7795 	7862
f 7859 	7850 	7875
f 8871 	7868 	7867
f 7862 	8267 	7797
f 7273 	7275 	7869
f 7516 	8661 	7867
f 7722 	6410 	7870
f 7273 	7869 	7850
f 7850 	7266 	7273
f 7868 	7843 	7747
f 6412 	6726 	7870
f 7869 	7275 	7477
f 7873 	7874 	7854
f 6726 	6709 	7870
f 7722 	7870 	7862
f 7862 	7870 	6709
f 4110 	7859 	4109
f 7859 	7875 	4109
f 4110 	4104 	7859
f 7869 	7875 	7850
f 7795 	7876 	7727
f 7875 	7869 	8172
f 8674 	7480 	7874
f 7876 	7878 	7727
f 7519 	7879 	7972
f 7874 	8888 	8886
f 7881 	7517 	7479
f 7250 	7881 	7479
f 7874 	7873 	8897
f 7691 	7990 	7878
f 7802 	7876 	7795
f 7691 	7878 	7876
f 7692 	7691 	7876
f 7876 	7802 	7692
f 7873 	7854 	7857
f 7881 	7250 	7853
f 1055 	7873 	7890
f 7890 	488 	482
f 7890 	482 	1055
f 7873 	7857 	7890
f 7610 	7607 	489
f 488 	7610 	489
f 7897 	7893 	7894
f 7610 	488 	7857
f 7857 	488 	7890
f 6837 	6826 	7899
f 7899 	7952 	6837
f 7691 	7682 	7894
f 7691 	7894 	7927
f 7894 	7893 	7913
f 7979 	7913 	7893
f 7883 	7913 	7973
f 7894 	7913 	7883
f 8393 	8394 	7915
f 7900 	7904 	7899
f 6832 	7899 	6826
f 6832 	7900 	7899
f 7947 	7904 	7905
f 7904 	7947 	7952
f 7952 	7899 	7904
f 7949 	7880 	7881
f 7949 	7881 	7853
f 8393 	7915 	7905
f 8019 	7900 	6832
f 8019 	6832 	6125
f 7880 	7879 	7517
f 7880 	7517 	7881
f 7947 	7943 	7945
f 6536 	7958 	7949
f 7958 	6536 	6542
f 7952 	7947 	7945
f 6536 	7949 	7865
f 7865 	3814 	6536
f 7853 	7865 	7949
f 7880 	7946 	7879
f 7943 	630 	7963
f 7952 	7945 	6837
f 7959 	7945 	7943
f 7958 	7946 	7880
f 7958 	7880 	7949
f 6421 	6418 	7964
f 6417 	7382 	7385
f 7959 	7963 	620
f 7943 	7963 	7959
f 7963 	622 	620
f 6417 	7385 	7964
f 7943 	7985 	630
f 7963 	630 	633
f 633 	622 	7963
f 7969 	7384 	7395
f 7971 	7385 	7384
f 7894 	7883 	7927
f 7969 	7971 	7384
f 7519 	7972 	7564
f 7913 	7979 	7973
f 7973 	6128 	6130
f 7972 	7567 	7564
f 7979 	7142 	6137
f 7972 	7980 	7567
f 7567 	7969 	7395
f 7893 	7142 	7979
f 7969 	7567 	7980
f 7946 	7972 	7879
f 7979 	6137 	7973
f 6128 	7973 	6137
f 7982 	7883 	7973
f 7985 	7984 	7966
f 7967 	7985 	7966
f 7982 	7973 	6130
f 7985 	7943 	7947
f 7947 	7984 	7985
f 7990 	7988 	7994
f 132 	134 	7986
f 7992 	8968 	7966
f 7992 	7984 	7915
f 7992 	7966 	7984
f 7991 	7988 	7990
f 7947 	7905 	7984
f 7727 	7878 	7990
f 8007 	7496 	7995
f 7988 	7995 	7994
f 7994 	7995 	7735
f 7496 	7492 	7995
f 7995 	7492 	7735
f 7735 	7739 	7994
f 7990 	7883 	7991
f 7990 	7994 	7727
f 7927 	7883 	7990
f 7737 	7735 	7492
f 8002 	8003 	5709
f 7990 	7691 	7927
f 7999 	8000 	5709
f 8006 	6144 	8007
f 7540 	5709 	8000
f 8005 	7540 	8000
f 8007 	7991 	8006
f 8003 	7999 	5709
f 8006 	7991 	7883
f 6130 	6142 	8006
f 7991 	8007 	7988
f 7883 	7982 	8006
f 7982 	6130 	8006
f 8007 	6144 	7496
f 7905 	7915 	7984
f 7995 	7988 	8007
f 7178 	7210 	8014
f 630 	7985 	631
f 8015 	5895 	8016
f 8014 	8015 	8016
f 7985 	7967 	631
f 8014 	6314 	8015
f 7178 	8014 	8016
f 7196 	7178 	8016
f 7842 	5778 	7841
f 8024 	5778 	8005
f 6125 	6122 	8019
f 8130 	6903 	6905
f 8113 	8111 	8038
f 8016 	5976 	7196
f 5471 	6320 	8037
f 8036 	7993 	7980
f 8036 	7980 	7972
f 8037 	8039 	5471
f 8015 	5467 	5895
f 7972 	7946 	8036
f 6670 	8047 	7993
f 7964 	8042 	6419
f 6670 	6419 	8042
f 8042 	8047 	6670
f 6419 	6421 	7964
f 6417 	7964 	6418
f 7980 	7993 	8047
f 6322 	8037 	6320
f 7971 	7969 	8047
f 8046 	8043 	5981
f 8042 	7971 	8047
f 8046 	5981 	8039
f 8042 	7964 	7971
f 7980 	8047 	7969
f 8037 	8046 	8039
f 8162 	8043 	8046
f 8053 	8057 	6750
f 8059 	8058 	8056
f 8053 	6750 	6
f 8057 	134 	6750
f 8059 	8056 	6322
f 8053 	7986 	8057
f 7986 	134 	8057
f 8180 	8059 	6322
f 7986 	8053 	7983
f 8046 	8056 	8058
f 8056 	8046 	8037
f 8053 	2 	8169
f 8037 	6322 	8056
f 8064 	7477 	7520
f 8064 	7869 	7477
f 8059 	8175 	8058
f 8058 	8175 	8067
f 7845 	5778 	7852
f 7852 	5778 	8041
f 7837 	7782 	7842
f 7831 	7832 	7782
f 8041 	5778 	8038
f 8105 	8041 	8038
f 8108 	8105 	8038
f 8111 	8108 	8038
f 8038 	5778 	8024
f 6020 	8027 	6296
f 8116 	8038 	8117
f 8116 	8113 	8038
f 8124 	8117 	8038
f 8040 	8126 	8038
f 8126 	8124 	8038
f 8136 	6903 	8130
f 8028 	6017 	8136
f 8136 	8130 	8156
f 8136 	8156 	8028
f 8014 	7210 	6314
f 8019 	6122 	6157
f 8019 	8150 	7900
f 8151 	7495 	8149
f 7900 	8150 	7904
f 7492 	7495 	8151
f 7492 	8151 	8067
f 6111 	6195 	8149
f 8149 	7495 	6111
f 8162 	8046 	8058
f 8064 	7520 	8164
f 8172 	8064 	8164
f 8149 	8171 	8162
f 8165 	7561 	7560
f 8058 	8067 	8162
f 8151 	8149 	8162
f 8067 	8151 	8162
f 7520 	8165 	8164
f 8028 	8156 	8168
f 8149 	6195 	6201
f 8171 	8149 	6201
f 8165 	7560 	8169
f 7983 	8169 	7560
f 7560 	7562 	7983
f 8028 	8157 	8027
f 6004 	8043 	8170
f 7986 	7983 	7568
f 6297 	8027 	8157
f 7568 	132 	7986
f 7562 	7568 	7983
f 6004 	5981 	8043
f 7983 	8053 	8169
f 8162 	8171 	8170
f 7869 	8064 	8172
f 8028 	8168 	8157
f 8164 	8173 	8172
f 8162 	8170 	8043
f 8164 	8165 	8173
f 8171 	6201 	8170
f 8150 	8019 	6157
f 6201 	5556 	8170
f 8173 	8174 	8172
f 8172 	8174 	4109
f 8174 	3843 	4109
f 8157 	8168 	8319
f 8175 	7737 	8067
f 8176 	8175 	8059
f 7875 	8172 	4109
f 8036 	7946 	6535
f 6580 	8036 	6535
f 6535 	7946 	7958
f 7958 	6542 	6535
f 7492 	8067 	7737
f 7737 	8175 	7738
f 8177 	8150 	6157
f 8176 	7738 	8175
f 8174 	8179 	4748
f 6157 	6148 	8177
f 8176 	6396 	6410
f 8174 	8173 	8179
f 8180 	6322 	6396
f 8411 	8168 	8156
f 8174 	4748 	3843
f 8173 	131 	8179
f 8194 	8156 	8185
f 8185 	8130 	8184
f 8185 	8156 	8130
f 8184 	8186 	8187
f 8186 	6905 	6982
f 8184 	8187 	8185
f 8193 	8190 	8209
f 8185 	8187 	8194
f 8209 	8195 	8193
f 6905 	8186 	8184
f 8130 	6905 	8184
f 8186 	8495 	8187
f 8209 	8190 	8188
f 8209 	8188 	8202
f 7722 	7738 	8176
f 7722 	8176 	6410
f 8180 	8176 	8059
f 8176 	8180 	6396
f 8227 	6454 	7092
f 7993 	8036 	6580
f 7993 	6580 	6581
f 7626 	8231 	7092
f 8231 	7626 	8232
f 7626 	7629 	8232
f 8165 	131 	8173
f 8169 	2 	8165
f 7092 	8231 	8227
f 8165 	2 	131
f 200 	8179 	8234
f 6602 	8227 	8231
f 6602 	6457 	8227
f 8231 	8232 	6602
f 6597 	6602 	8232
f 8179 	131 	8234
f 131 	127 	8234
f 127 	131 	2
f 6 	127 	8053
f 2 	8053 	127
f 8444 	8238 	8237
f 8188 	8237 	8202
f 8238 	8199 	8237
f 8199 	8238 	8323
f 8199 	8202 	8237
f 8254 	8255 	8257
f 8236 	7802 	7797
f 6804 	8236 	6703
f 7797 	8267 	8236
f 8236 	8267 	6703
f 8269 	6312 	8268
f 8267 	6709 	6703
f 8271 	7692 	7802
f 8027 	6297 	6296
f 8271 	7802 	8236
f 8273 	8271 	8236
f 8157 	8272 	6297
f 7629 	7692 	8271
f 7629 	8271 	8232
f 8232 	8271 	8273
f 8280 	6302 	8272
f 8273 	8236 	6804
f 8273 	6617 	6597
f 8273 	6597 	8232
f 8454 	8272 	8157
f 8279 	8995 	8276
f 8279 	8276 	8480
f 8268 	8280 	8457
f 8255 	8254 	8262
f 6305 	6302 	8268
f 8262 	8259 	8255
f 8280 	8268 	6302
f 6312 	6305 	8268
f 8287 	8331 	8288
f 8287 	8288 	8590
f 8251 	8287 	8590
f 8250 	8213 	8292
f 8292 	8252 	8250
f 8251 	8252 	8287
f 4262 	5308 	3641
f 8292 	8287 	8252
f 3641 	3705 	4262
f 3541 	3641 	5308
f 5765 	8305 	5767
f 8324 	8325 	7687
f 6850 	8281 	6472
f 8301 	6784 	6567
f 7758 	5767 	8306
f 8306 	5767 	8305
f 5765 	8325 	8305
f 8301 	6567 	6571
f 6571 	8308 	8301
f 6312 	8269 	6583
f 8393 	7904 	8150
f 8307 	8391 	8308
f 8150 	8177 	8393
f 8308 	6571 	8307
f 6591 	8307 	6570
f 1441 	8307 	8311
f 8307 	6591 	8311
f 8330 	8177 	6148
f 1437 	1441 	8311
f 8330 	8309 	8177
f 8313 	6850 	8315
f 8168 	8411 	8319
f 8281 	6850 	8313
f 8319 	8411 	8408
f 8323 	8238 	8259
f 5765 	7687 	8325
f 8323 	8259 	8262
f 8309 	8347 	8344
f 8262 	9195 	8323
f 8330 	8347 	8309
f 8332 	8333 	8288
f 8330 	6148 	6129
f 8332 	8288 	8331
f 6129 	6379 	8330
f 8340 	8341 	7549
f 8346 	8340 	7549
f 8336 	7687 	8335
f 8324 	7687 	8336
f 8341 	8335 	7687
f 7687 	7549 	8341
f 8826 	8342 	8337
f 8338 	8330 	6379
f 8338 	8347 	8330
f 8333 	8332 	8337
f 8355 	169 	286
f 8350 	9259 	5074
f 8355 	8356 	177
f 9259 	8350 	8193
f 177 	169 	8355
f 6851 	8315 	6850
f 8360 	177 	8356
f 276 	177 	8360
f 8360 	180 	276
f 180 	8360 	8421
f 8315 	6851 	8363
f 8360 	8460 	8456
f 8363 	8364 	8315
f 6806 	6915 	8363
f 8395 	8276 	8313
f 322 	8446 	8438
f 8437 	8416 	8367
f 8438 	328 	322
f 8446 	322 	8450
f 8355 	286 	8374
f 8250 	8373 	8372
f 8250 	8372 	8213
f 8375 	8377 	8374
f 289 	8379 	8374
f 8378 	8348 	8344
f 8375 	8374 	8379
f 286 	289 	8374
f 8338 	8378 	8347
f 8338 	8390 	8378
f 8347 	8378 	8344
f 8390 	8980 	8378
f 8384 	8443 	8388
f 8367 	8301 	8308
f 8367 	8308 	8369
f 8984 	8390 	6317
f 8355 	8374 	8463
f 8509 	8508 	8369
f 8344 	8348 	8449
f 8459 	8356 	8355
f 8391 	8509 	8369
f 8463 	8459 	8355
f 8338 	6379 	6319
f 8308 	8391 	8369
f 8338 	6317 	8390
f 8338 	6319 	6317
f 8276 	8281 	8313
f 8313 	8396 	8395
f 8315 	8396 	8313
f 8393 	7905 	7904
f 8364 	8396 	8315
f 8394 	8393 	8344
f 8393 	8309 	8344
f 8420 	346 	180
f 8420 	164 	346
f 8177 	8309 	8393
f 8449 	7915 	8394
f 333 	336 	8400
f 333 	8400 	8401
f 336 	8427 	8400
f 8404 	8403 	8405
f 8194 	8403 	8404
f 8396 	8364 	8406
f 8406 	8364 	8435
f 8156 	8194 	8404
f 8405 	8408 	8404
f 8408 	8411 	8404
f 6913 	6854 	8409
f 8401 	8414 	333
f 321 	8414 	8450
f 6797 	8415 	8409
f 8414 	321 	341
f 8414 	341 	333
f 8301 	8416 	6784
f 8412 	8408 	8428
f 8301 	8367 	8416
f 8418 	1450 	6790
f 8416 	8418 	6784
f 180 	8421 	8420
f 6784 	8418 	6790
f 8412 	8319 	8408
f 8422 	8388 	8190
f 8360 	8456 	8421
f 8193 	8422 	8190
f 8418 	8416 	1471
f 8420 	8297 	164
f 8193 	8350 	8422
f 8423 	5281 	5269
f 8411 	8156 	8404
f 8409 	8424 	6913
f 5269 	8384 	8423
f 5477 	8388 	8422
f 8425 	6913 	8424
f 5477 	8423 	8388
f 8384 	8388 	8423
f 9076 	8297 	8420
f 8425 	8363 	6915
f 8425 	8364 	8363
f 8364 	8425 	8435
f 8238 	8426 	8560
f 336 	344 	8427
f 7 	8428 	8429
f 8430 	8537 	8539
f 8427 	8470 	8400
f 8430 	8539 	8431
f 8430 	8431 	8409
f 7 	8429 	8
f 8431 	8424 	8409
f 8433 	8428 	7
f 24 	8433 	13
f 8420 	8496 	9076
f 7 	13 	8433
f 1471 	8437 	1915
f 1471 	8416 	8437
f 8405 	8403 	8529
f 8412 	8428 	8433
f 8443 	8444 	8237
f 8529 	8429 	8405
f 8405 	8429 	8428
f 8443 	8451 	8444
f 8408 	8405 	8428
f 8439 	317 	8438
f 8444 	8451 	8447
f 317 	328 	8438
f 8188 	8443 	8237
f 7992 	7915 	8449
f 8438 	8446 	8556
f 8981 	15 	8449
f 8450 	8556 	8446
f 8384 	8451 	8443
f 8394 	8344 	8449
f 8268 	8452 	8269
f 8268 	8453 	8452
f 322 	321 	8450
f 8454 	8412 	8455
f 8190 	8388 	8443
f 8157 	8319 	8454
f 8188 	8190 	8443
f 8455 	8457 	8454
f 8454 	8280 	8272
f 8360 	8356 	8459
f 8454 	8457 	8280
f 8360 	8459 	8460
f 8457 	8453 	8268
f 8458 	8250 	8252
f 8421 	8456 	8420
f 8455 	8469 	8457
f 8705 	8555 	8452
f 8467 	24 	30
f 8467 	30 	29
f 8469 	8467 	8472
f 29 	33 	8471
f 8472 	8467 	29
f 8471 	8472 	29
f 8473 	8462 	8590
f 8469 	8472 	8476
f 8458 	8373 	8250
f 8457 	8469 	8476
f 8409 	8464 	8430
f 8477 	8476 	8472
f 8415 	8464 	8409
f 8458 	8478 	5485
f 8476 	8452 	8453
f 8462 	5485 	8478
f 8477 	8452 	8476
f 8478 	8251 	8462
f 8476 	8453 	8457
f 8252 	8251 	8478
f 8472 	8471 	8477
f 8458 	8252 	8478
f 8425 	8431 	8435
f 8473 	8590 	8461
f 8431 	8425 	8424
f 8435 	8431 	8539
f 8462 	8251 	8590
f 33 	73 	8471
f 8444 	8447 	8238
f 8454 	8319 	8412
f 8467 	8481 	24
f 8238 	8447 	8426
f 8467 	8469 	8481
f 8481 	8433 	24
f 8482 	8401 	8485
f 8414 	8401 	8482
f 8433 	8481 	8412
f 8455 	8412 	8481
f 8455 	8481 	8469
f 8483 	8486 	5292
f 8486 	8426 	8447
f 8401 	8488 	8485
f 8489 	642 	8487
f 8487 	642 	884
f 5294 	5292 	8486
f 8401 	8400 	8488
f 8491 	8487 	8490
f 8510 	8489 	8487
f 8488 	8400 	8470
f 642 	8489 	641
f 641 	8489 	7328
f 8456 	8496 	8420
f 8187 	8497 	8194
f 8490 	8495 	8491
f 8495 	7262 	8491
f 8186 	7262 	8495
f 8652 	8651 	8480
f 8480 	8276 	8501
f 8276 	8395 	8501
f 9009 	8480 	8651
f 8187 	8502 	8497
f 8495 	8490 	8502
f 8495 	8502 	8187
f 8507 	8437 	8367
f 8507 	8367 	8369
f 8508 	8507 	8369
f 7261 	8491 	7262
f 8510 	8487 	8491
f 7328 	8489 	8510
f 7261 	8510 	8491
f 8482 	8485 	9147
f 8514 	8516 	8490
f 8517 	1214 	43
f 873 	1214 	8517
f 8514 	8517 	8523
f 8514 	8523 	8516
f 8517 	8514 	873
f 8516 	8521 	8497
f 8502 	8490 	8516
f 8516 	8497 	8502
f 8523 	8517 	43
f 8523 	43 	46
f 8528 	8523 	46
f 8523 	8528 	8516
f 8194 	8521 	8403
f 8497 	8521 	8194
f 8492 	8486 	8447
f 8395 	8396 	8525
f 8447 	8451 	8492
f 8395 	8525 	8527
f 5303 	8492 	5300
f 46 	52 	8528
f 8384 	5300 	8451
f 8501 	8395 	8527
f 8492 	8451 	5300
f 8529 	8528 	52
f 5303 	5294 	8492
f 5300 	8384 	5269
f 8492 	5294 	8486
f 8529 	52 	55
f 8525 	8396 	8406
f 8521 	8516 	8528
f 8521 	8528 	8529
f 8525 	8406 	8532
f 8403 	8521 	8529
f 8711 	8710 	8532
f 8711 	8532 	8717
f 8490 	8487 	8514
f 8535 	1915 	8437
f 884 	873 	8514
f 8531 	5485 	8462
f 8507 	8535 	8437
f 8487 	884 	8514
f 8540 	8462 	8473
f 8537 	8580 	8539
f 8604 	8563 	8602
f 8531 	8540 	5306
f 5306 	8540 	8534
f 8540 	8531 	8462
f 8534 	8540 	8461
f 6565 	6568 	8536
f 8464 	8544 	8430
f 8464 	8755 	8544
f 8755 	8762 	8544
f 8536 	8545 	8547
f 8456 	8518 	8496
f 8551 	8547 	8546
f 8456 	8460 	8518
f 8460 	8519 	8518
f 8536 	8547 	8551
f 8518 	9183 	8496
f 8547 	8699 	8768
f 7449 	8546 	7450
f 8460 	8459 	8896
f 8551 	8546 	7449
f 8551 	7449 	6566
f 8460 	8896 	8519
f 8540 	8473 	8461
f 8438 	8556 	8565
f 8557 	6583 	8555
f 5324 	8534 	8716
f 8439 	8438 	8565
f 6568 	6583 	8557
f 8565 	8559 	8439
f 8255 	8259 	8560
f 8536 	6568 	8557
f 8561 	8255 	8560
f 8536 	8551 	6565
f 8537 	8430 	8544
f 8699 	8545 	8557
f 8545 	8536 	8557
f 8559 	8565 	8609
f 8406 	8563 	8532
f 6583 	8269 	8555
f 8406 	8435 	8563
f 8435 	8539 	8563
f 8562 	8572 	8564
f 8762 	8791 	8544
f 8570 	8537 	8569
f 9017 	8572 	8562
f 8568 	8544 	8567
f 8547 	8566 	8546
f 8567 	8544 	8571
f 8450 	8622 	8556
f 8569 	8544 	8568
f 8579 	8564 	8561
f 8544 	8569 	8537
f 8482 	8450 	8414
f 8564 	8572 	8561
f 8571 	8544 	8573
f 8583 	8566 	8547
f 9017 	8257 	8572
f 8621 	8614 	8535
f 8377 	8375 	8889
f 8560 	8579 	8561
f 8580 	8537 	8570
f 8539 	8580 	8581
f 8581 	8589 	8539
f 8463 	8374 	8377
f 8539 	8602 	8563
f 8604 	8608 	8563
f 8572 	8257 	8561
f 8257 	8255 	8561
f 8583 	8574 	8566
f 8560 	8426 	8579
f 8623 	8624 	8507
f 8535 	8507 	8621
f 8259 	8238 	8560
f 8507 	8508 	8623
f 8579 	8483 	8564
f 8426 	8486 	8579
f 8589 	8599 	8539
f 8599 	8600 	8539
f 8579 	8486 	8483
f 8591 	8461 	8590
f 8333 	8591 	8590
f 2062 	2061 	8535
f 8333 	8590 	8288
f 8624 	8621 	8507
f 8623 	8508 	8626
f 8603 	8539 	8600
f 8566 	8574 	8601
f 8601 	8546 	8566
f 8602 	8539 	8603
f 7450 	8546 	8601
f 1928 	2155 	8509
f 8608 	8616 	8563
f 8631 	8532 	8630
f 6658 	8607 	8606
f 8565 	8556 	8609
f 2158 	8509 	2155
f 2064 	8535 	8614
f 8638 	8628 	8508
f 8556 	8615 	8609
f 8720 	8532 	8631
f 8559 	8609 	8617
f 8616 	8619 	8563
f 8630 	8563 	8619
f 8720 	8721 	8532
f 8615 	8556 	8622
f 8622 	8450 	8482
f 8584 	8615 	8622
f 8626 	8508 	8628
f 8482 	9171 	8622
f 317 	8439 	365
f 368 	8629 	8637
f 8706 	370 	368
f 8706 	289 	370
f 8706 	368 	8637
f 8639 	8672 	8501
f 8480 	8501 	8671
f 8640 	8639 	8501
f 8592 	8591 	8643
f 8685 	8687 	8527
f 8637 	8629 	8815
f 8592 	8461 	8591
f 8501 	8642 	8640
f 8647 	8595 	8592
f 8592 	8643 	8647
f 8763 	8764 	379
f 8333 	8643 	8591
f 6658 	6649 	8607
f 6649 	6662 	8607
f 6658 	8606 	8605
f 8646 	6937 	5500
f 8646 	5500 	5507
f 8647 	8337 	8342
f 8643 	8333 	8337
f 8643 	8337 	8647
f 8649 	8647 	8342
f 8605 	8846 	8858
f 8649 	8653 	8595
f 8647 	8649 	8595
f 8674 	8657 	7483
f 8606 	8607 	8657
f 8656 	9009 	8655
f 8654 	9009 	8651
f 8655 	9009 	8654
f 8661 	8601 	8574
f 7483 	7480 	8674
f 8671 	8670 	8480
f 8672 	8671 	8501
f 8652 	8480 	8670
f 8509 	2169 	8680
f 8657 	8674 	8678
f 8694 	8693 	8525
f 8886 	8678 	8674
f 8657 	8678 	8606
f 8527 	8525 	8693
f 8653 	8649 	9034
f 8691 	8846 	8678
f 8846 	8606 	8678
f 8646 	5507 	8653
f 8698 	5331 	5330
f 8698 	8704 	5331
f 8532 	8712 	8525
f 8701 	8525 	8712
f 8694 	8525 	8701
f 8483 	8704 	8564
f 8699 	8547 	8545
f 8501 	8527 	8687
f 8642 	8501 	8687
f 8704 	8698 	8562
f 8685 	8527 	8688
f 8269 	8452 	8555
f 8564 	8704 	8562
f 8693 	8688 	8527
f 8483 	5292 	8704
f 8707 	8375 	8379
f 8706 	8707 	8379
f 5331 	8704 	5339
f 8379 	289 	8706
f 8704 	5292 	5339
f 8726 	8705 	8452
f 8637 	8823 	8707
f 8710 	8709 	8532
f 8705 	8726 	8713
f 8709 	8712 	8532
f 8707 	8706 	8637
f 8715 	5383 	5324
f 5324 	8716 	8715
f 8595 	8653 	5507
f 8714 	8713 	8726
f 8715 	8595 	5507
f 5386 	8715 	5507
f 5386 	5383 	8715
f 8563 	8630 	8532
f 8721 	8722 	8532
f 8722 	8723 	8532
f 8717 	8532 	8723
f 8534 	8461 	8716
f 8724 	8717 	8723
f 8716 	8461 	8592
f 8724 	8718 	8717
f 8715 	8716 	8592
f 8858 	6665 	6588
f 8595 	8715 	8592
f 8422 	8350 	5523
f 8705 	8557 	8555
f 8713 	8699 	8557
f 8705 	8713 	8557
f 5617 	5079 	8373
f 5613 	5617 	8458
f 5617 	8373 	8458
f 8759 	8726 	8727
f 8726 	8477 	8471
f 8726 	8471 	8727
f 8257 	8728 	8254
f 8726 	8452 	8477
f 90 	85 	8730
f 365 	8439 	8725
f 8732 	8821 	8733
f 8471 	73 	8727
f 8734 	6665 	8858
f 8730 	6765 	6766
f 6766 	8734 	8730
f 6766 	6665 	8734
f 73 	8759 	8727
f 8737 	393 	8725
f 8735 	393 	8737
f 8728 	8257 	8732
f 8729 	8732 	8733
f 8735 	8737 	8834
f 8728 	8732 	8729
f 8638 	8508 	8742
f 8743 	8742 	8739
f 8750 	8749 	8739
f 8737 	8832 	8834
f 8741 	8739 	8508
f 389 	407 	8744
f 407 	8735 	8744
f 8741 	8508 	8679
f 8679 	8508 	8680
f 8509 	8680 	8508
f 76 	99 	8746
f 8508 	8739 	8742
f 8749 	8743 	8739
f 8738 	8750 	8739
f 8748 	8750 	8738
f 76 	8746 	8745
f 8747 	389 	8744
f 6797 	8753 	8415
f 8919 	8864 	8583
f 8753 	8464 	8415
f 2680 	8755 	2660
f 2680 	8762 	8755
f 8746 	8752 	8758
f 8753 	8755 	8464
f 6919 	8753 	6797
f 8740 	8768 	8752
f 8755 	8753 	2660
f 8745 	72 	79
f 8714 	8758 	8713
f 8758 	8714 	8745
f 8759 	73 	72
f 9315 	8756 	142
f 8759 	8745 	8714
f 8759 	8714 	8726
f 2923 	2924 	8762
f 8763 	379 	381
f 381 	8765 	8763
f 2924 	2926 	8762
f 2926 	2934 	8762
f 417 	8756 	8765
f 2934 	2937 	8762
f 8745 	8746 	8758
f 8583 	8768 	8740
f 8768 	8583 	8547
f 8752 	8768 	8758
f 8758 	8768 	8699
f 8791 	8762 	2937
f 8793 	8544 	8791
f 8573 	8544 	8793
f 414 	417 	8765
f 8756 	417 	142
f 8765 	8865 	8866
f 8765 	8866 	8763
f 8866 	8868 	8763
f 8729 	8254 	8728
f 8559 	8827 	8439
f 8827 	8725 	8439
f 8737 	8725 	8827
f 8827 	8832 	8737
f 8815 	8823 	8637
f 8337 	8332 	8826
f 8707 	8889 	8375
f 8831 	8830 	8342
f 8831 	8342 	8826
f 8834 	8832 	9330
f 8758 	8699 	8713
f 8836 	1937 	1903
f 8831 	8838 	8830
f 8851 	8830 	8838
f 1852 	1937 	8836
f 8842 	9039 	8844
f 8843 	8848 	8836
f 8834 	9330 	8839
f 6944 	9039 	8842
f 8848 	1852 	8836
f 8848 	8843 	8846
f 8838 	56 	57
f 8848 	8846 	8691
f 8735 	8834 	8839
f 90 	8730 	8852
f 8851 	8875 	8830
f 8744 	8735 	8839
f 8839 	8849 	8747
f 8875 	8880 	8842
f 8744 	8839 	8747
f 8875 	8842 	8844
f 8852 	8853 	8836
f 8843 	8836 	8853
f 8853 	8846 	8843
f 8853 	8852 	8730
f 8733 	8854 	22
f 8853 	8730 	8734
f 8617 	8855 	8827
f 26 	19 	8854
f 8734 	8858 	8853
f 8559 	8617 	8827
f 8733 	8821 	8857
f 8846 	8605 	8606
f 8854 	8733 	8857
f 8827 	8855 	8832
f 8846 	8853 	8858
f 8859 	8854 	8857
f 8617 	9452 	8855
f 8854 	8859 	8860
f 8858 	6588 	8605
f 8832 	9331 	9330
f 8823 	8815 	8909
f 8860 	26 	8854
f 9314 	9345 	8756
f 8583 	8864 	8574
f 8867 	1009 	1011
f 7843 	8867 	1011
f 8860 	8859 	8972
f 8764 	8763 	8868
f 8972 	8983 	8860
f 9345 	8865 	8765
f 8851 	8838 	57
f 8756 	9345 	8765
f 8851 	57 	8870
f 8574 	8879 	8872
f 8864 	8879 	8574
f 8866 	8874 	8868
f 8875 	8851 	8870
f 8875 	8844 	8830
f 9346 	9347 	8866
f 8866 	9347 	8874
f 8902 	7868 	8871
f 8865 	9346 	8866
f 8872 	8871 	7867
f 8661 	8574 	8872
f 7867 	8661 	8872
f 8904 	8871 	8872
f 8874 	8815 	8868
f 8764 	8868 	8815
f 8815 	8629 	8764
f 8874 	8909 	8815
f 8887 	8970 	8972
f 8889 	8891 	8377
f 8821 	9072 	8887
f 8883 	8888 	8911
f 8857 	8821 	8887
f 8886 	8888 	8883
f 8857 	8887 	8972
f 8859 	8857 	8972
f 8691 	8678 	8883
f 7874 	8897 	8888
f 8958 	8978 	6449
f 8892 	8891 	8889
f 8892 	8893 	8891
f 8674 	7874 	8886
f 8892 	8889 	8884
f 8886 	8883 	8678
f 8893 	8892 	9414
f 8893 	9414 	9415
f 8896 	8893 	9415
f 8897 	7873 	1055
f 9415 	8519 	8896
f 8519 	9419 	8518
f 8519 	9420 	9419
f 8463 	8377 	8891
f 8891 	8893 	8463
f 8896 	8459 	8463
f 8900 	8867 	8902
f 8463 	8893 	8896
f 8900 	1009 	8867
f 8902 	8871 	8900
f 8879 	8904 	8872
f 8904 	8900 	8871
f 7868 	8902 	7843
f 8867 	7843 	8902
f 8910 	8911 	8897
f 2037 	8911 	8910
f 8913 	8905 	8884
f 8911 	8888 	8897
f 8913 	8907 	8905
f 8913 	8823 	8907
f 8707 	8823 	8913
f 8897 	1055 	8910
f 1066 	8910 	1055
f 8823 	8909 	8907
f 8913 	8889 	8707
f 1066 	2043 	8910
f 8884 	8889 	8913
f 2043 	2037 	8910
f 8746 	99 	8918
f 8583 	8740 	8919
f 8918 	8752 	8746
f 8918 	8919 	8740
f 8918 	8740 	8752
f 8919 	8918 	8925
f 8925 	8918 	1908
f 1942 	8925 	1908
f 1852 	8848 	1856
f 8691 	8883 	1856
f 1856 	8848 	8691
f 8934 	8904 	8879
f 8864 	8919 	8934
f 8934 	8879 	8864
f 1876 	1856 	8883
f 1876 	8883 	8911
f 8943 	8941 	8934
f 8934 	8925 	8943
f 8934 	8919 	8925
f 1942 	8943 	8925
f 2028 	8941 	1874
f 1203 	8941 	2028
f 8941 	8904 	8934
f 1941 	1874 	8943
f 8943 	1874 	8941
f 1203 	1009 	8900
f 8941 	8900 	8904
f 8941 	1203 	8900
f 8948 	8950 	6765
f 8948 	8730 	85
f 8948 	85 	2352
f 2494 	2352 	85
f 6769 	6765 	8950
f 2354 	8951 	8950
f 8950 	2352 	2354
f 2352 	8950 	8948
f 8951 	2353 	2330
f 6762 	8950 	8951
f 8875 	8870 	8953
f 8730 	8948 	6765
f 6762 	6769 	8950
f 2330 	8959 	8951
f 8875 	8953 	8880
f 8958 	8880 	8953
f 6415 	6762 	8951
f 8953 	8978 	8958
f 8959 	2330 	8965
f 6415 	8951 	8959
f 6420 	8965 	8962
f 8962 	8965 	2399
f 8962 	2399 	2401
f 6420 	6415 	8965
f 6415 	8959 	8965
f 2399 	8965 	2330
f 8958 	8882 	8880
f 8882 	8958 	6008
f 6015 	6008 	8958
f 9001 	8968 	9008
f 8971 	9008 	8968
f 8958 	6449 	6015
f 8973 	8972 	8970
f 147 	146 	4954
f 8968 	7992 	8971
f 15 	9008 	8971
f 8973 	8989 	8972
f 5004 	8960 	4952
f 8449 	8971 	7992
f 8961 	4952 	8960
f 15 	8971 	8449
f 8976 	4953 	8967
f 8977 	1210 	631
f 631 	7967 	8977
f 6454 	8989 	8973
f 9001 	8977 	8968
f 8968 	7967 	7966
f 8977 	7967 	8968
f 6446 	6449 	8978
f 8964 	4954 	146
f 8974 	8964 	146
f 147 	4954 	4953
f 111 	112 	4953
f 147 	4953 	148
f 8953 	8956 	8978
f 4952 	8961 	4953
f 149 	4953 	150
f 152 	4953 	155
f 8981 	8348 	8980
f 8987 	8978 	8956
f 8961 	8967 	4953
f 8348 	8378 	8980
f 111 	4953 	8976
f 409 	8860 	8982
f 8449 	8348 	8981
f 2140 	1293 	445
f 8984 	8980 	8390
f 8982 	8860 	8983
f 445 	2287 	2140
f 8989 	8983 	8972
f 940 	1273 	443
f 8984 	6317 	8962
f 1260 	441 	1276
f 8985 	443 	1276
f 8984 	8962 	2344
f 2401 	2344 	8962
f 8985 	1276 	441
f 8980 	8984 	2344
f 753 	1162 	8986
f 1284 	1047 	1283
f 8986 	8920 	753
f 8986 	9218 	8920
f 8429 	8529 	55
f 430 	2137 	455
f 55 	8 	8429
f 8987 	6446 	8978
f 6470 	6446 	8987
f 1044 	1285 	430
f 8956 	512 	8987
f 1293 	1068 	445
f 520 	6470 	8987
f 1293 	940 	1068
f 2287 	445 	8992
f 8988 	6454 	8227
f 459 	2290 	2285
f 8227 	6457 	8988
f 2285 	2287 	459
f 8963 	1166 	1124
f 2297 	2290 	451
f 1720 	451 	2290
f 8924 	8963 	1124
f 2297 	451 	2295
f 450 	2295 	451
f 1720 	2290 	459
f 6454 	8988 	8989
f 8963 	8986 	1166
f 8989 	8988 	8990
f 8986 	1162 	1166
f 2283 	455 	2137
f 2283 	2284 	455
f 8989 	8990 	8991
f 2287 	8992 	459
f 1228 	8924 	1124
f 442 	443 	8985
f 441 	442 	8985
f 445 	460 	8992
f 461 	8992 	460
f 459 	8992 	461
f 6457 	6466 	8990
f 8990 	6466 	8996
f 8924 	9251 	8963
f 9001 	8997 	8977
f 563 	409 	8982
f 8983 	8989 	8991
f 8982 	8983 	8991
f 8991 	8994 	563
f 8 	9030 	9029
f 563 	8982 	8991
f 1216 	1223 	9038
f 563 	8994 	8999
f 9038 	1223 	9035
f 1228 	1258 	8924
f 1272 	563 	8999
f 1258 	1351 	9279
f 2365 	9231 	9234
f 9234 	9235 	2365
f 8281 	8276 	8995
f 8480 	9003 	8279
f 1941 	9246 	2276
f 6466 	6472 	8996
f 8995 	8996 	8281
f 8996 	6472 	8281
f 597 	8998 	598
f 8999 	8994 	8995
f 597 	8977 	8997
f 8997 	8998 	597
f 8995 	8279 	8999
f 9000 	8997 	9001
f 1333 	1272 	9003
f 8999 	9003 	1272
f 8999 	8279 	9003
f 8997 	9000 	8998
f 9006 	9007 	9352
f 8991 	8990 	8996
f 1447 	9007 	9006
f 1892 	1447 	9006
f 8994 	8991 	8996
f 8996 	8995 	8994
f 9001 	9004 	9000
f 9008 	9004 	9001
f 9003 	8480 	9009
f 15 	9037 	9008
f 1775 	1333 	9009
f 9009 	1333 	9003
f 9010 	164 	8297
f 1882 	9006 	9005
f 8297 	4830 	9010
f 4830 	603 	9010
f 8998 	606 	598
f 603 	606 	9012
f 9010 	603 	9012
f 606 	8998 	9000
f 9007 	1447 	9305
f 9000 	9012 	606
f 9000 	9004 	9013
f 9013 	9012 	9000
f 346 	164 	9013
f 9363 	1920 	9005
f 9005 	9006 	9363
f 9013 	9010 	9012
f 1919 	1920 	9359
f 164 	9010 	9013
f 2318 	1775 	2315
f 2316 	9009 	2321
f 8656 	8665 	9009
f 2321 	9009 	8665
f 8732 	8257 	9016
f 9016 	8821 	8732
f 8562 	9020 	9017
f 8257 	9017 	9016
f 9016 	9020 	9021
f 9016 	9021 	8821
f 9019 	2455 	9176
f 2403 	2455 	9019
f 9021 	9045 	8821
f 9015 	2399 	2403
f 9015 	2403 	9019
f 8562 	8698 	9024
f 9024 	9020 	8562
f 9017 	9020 	9016
f 9070 	2407 	2406
f 9065 	9070 	2406
f 6937 	9034 	6933
f 9026 	1933 	1935
f 9381 	1935 	1925
f 9026 	9023 	1933
f 9379 	9023 	9026
f 8844 	9027 	9031
f 9031 	8342 	8830
f 9041 	9029 	9030
f 9031 	8649 	8342
f 1972 	1952 	9032
f 8844 	9031 	8830
f 9034 	9027 	6933
f 9029 	9044 	9033
f 9041 	9044 	9029
f 476 	9032 	140
f 8646 	8653 	9034
f 9034 	9031 	9027
f 9035 	1223 	4886
f 9031 	9034 	8649
f 9037 	9004 	9008
f 9035 	294 	153
f 15 	1520 	9037
f 7039 	8842 	8880
f 9039 	6949 	6933
f 153 	143 	9035
f 9035 	143 	9038
f 9039 	6944 	6949
f 9030 	9040 	9041
f 1216 	9038 	1952
f 1952 	9038 	9032
f 9032 	143 	140
f 8842 	7039 	6944
f 9039 	6933 	9027
f 9032 	9038 	143
f 9027 	8844 	9039
f 9043 	1972 	9032
f 9044 	9057 	9050
f 9044 	9050 	9033
f 9032 	476 	9043
f 8821 	9045 	9072
f 9046 	1990 	1972
f 9046 	2210 	1990
f 9046 	9043 	476
f 9048 	9045 	9021
f 476 	491 	9046
f 9047 	9004 	9037
f 9084 	9004 	9047
f 9046 	1972 	9043
f 9062 	6946 	9048
f 1899 	9052 	9053
f 9020 	9048 	9021
f 9055 	8698 	5330
f 9051 	9093 	9052
f 9051 	9099 	9093
f 9054 	1925 	9056
f 9055 	5330 	5980
f 9055 	9024 	8698
f 9056 	1925 	2203
f 9057 	9051 	9050
f 9056 	2203 	9060
f 9058 	5980 	6974
f 9057 	9099 	9051
f 9111 	9057 	9044
f 6974 	9062 	9058
f 1027 	9054 	9056
f 9060 	1027 	9056
f 9063 	2401 	2399
f 9381 	1925 	9054
f 9058 	9055 	5980
f 9055 	9058 	9062
f 9024 	9055 	9062
f 9024 	9062 	9020
f 7026 	9062 	6974
f 2406 	9063 	9065
f 1151 	1027 	9060
f 9062 	7026 	6946
f 1151 	9060 	9064
f 9048 	9020 	9062
f 2406 	2401 	9063
f 2210 	9046 	9064
f 9066 	7091 	7089
f 9066 	8970 	8887
f 7091 	9066 	7045
f 9065 	9063 	9059
f 8880 	8882 	7039
f 9061 	9065 	9059
f 1160 	1151 	9064
f 9073 	7045 	9066
f 9064 	9046 	1160
f 1160 	9046 	491
f 9073 	9066 	9045
f 9070 	9061 	9068
f 9074 	4822 	9071
f 9045 	9066 	9072
f 9086 	4822 	9074
f 9071 	4830 	8297
f 9072 	9066 	8887
f 8297 	9076 	9071
f 177 	9068 	9061
f 9073 	6946 	7044
f 9069 	9025 	2407
f 7044 	7045 	9073
f 9037 	9025 	9069
f 9073 	9048 	6946
f 9069 	2407 	9070
f 9045 	9048 	9073
f 8970 	9066 	7089
f 9077 	9074 	9071
f 9065 	9061 	9070
f 8970 	7089 	8973
f 9078 	9041 	9040
f 9078 	9044 	9041
f 9076 	9077 	9071
f 9044 	9079 	9111
f 9044 	9078 	9079
f 9074 	9077 	9081
f 9079 	333 	341
f 9081 	9092 	9074
f 346 	9084 	9083
f 9083 	276 	180
f 9083 	9068 	276
f 9070 	9068 	9083
f 276 	9068 	177
f 8496 	9077 	9076
f 180 	346 	9083
f 9047 	9037 	9069
f 9069 	9070 	9083
f 9084 	9069 	9083
f 9047 	9069 	9084
f 4919 	4822 	9086
f 9086 	9087 	4919
f 9059 	9088 	169
f 9089 	4919 	9087
f 286 	169 	9088
f 9063 	2399 	9015
f 9089 	9087 	9090
f 9015 	9088 	9059
f 9015 	9059 	9063
f 9015 	9019 	9091
f 4839 	4919 	9089
f 9015 	9091 	9088
f 118 	4930 	9089
f 9091 	289 	9088
f 9087 	9086 	9074
f 286 	9088 	289
f 4930 	4839 	9089
f 9087 	9092 	9090
f 9091 	9019 	9176
f 9092 	9087 	9074
f 9093 	9053 	9052
f 9103 	9053 	9093
f 9103 	9093 	9104
f 9108 	9104 	9099
f 9093 	9099 	9104
f 9099 	9057 	9111
f 9096 	8427 	8432
f 9108 	9099 	9111
f 9119 	9096 	8432
f 9104 	9108 	328
f 317 	9216 	9118
f 9108 	322 	328
f 9111 	321 	9108
f 321 	322 	9108
f 317 	9104 	328
f 753 	9115 	747
f 9103 	9104 	9118
f 8920 	9115 	753
f 317 	9118 	9104
f 9098 	9096 	9119
f 9101 	9098 	9126
f 9119 	9126 	9098
f 9079 	321 	9111
f 9079 	341 	321
f 9030 	8 	9123
f 9230 	9101 	9114
f 9130 	9122 	9125
f 729 	9129 	9126
f 9129 	9101 	9126
f 9129 	9114 	9101
f 9040 	9030 	9127
f 9115 	9114 	9129
f 9127 	9030 	9123
f 9122 	9130 	9127
f 9127 	9123 	9122
f 9125 	9122 	9121
f 9121 	9124 	9141
f 9125 	9121 	9141
f 9124 	681 	9141
f 9096 	8470 	8427
f 9147 	8485 	8488
f 9146 	9127 	9145
f 8496 	9183 	9077
f 9127 	9130 	9145
f 8622 	9171 	8584
f 9078 	9040 	9154
f 9146 	9154 	9040
f 9040 	9127 	9146
f 333 	9079 	9078
f 9149 	9158 	8488
f 9154 	336 	333
f 9154 	333 	9078
f 9154 	9146 	336
f 9084 	9013 	9004
f 9013 	9084 	346
f 9155 	9148 	9378
f 9167 	9148 	9155
f 9173 	9145 	9125
f 9145 	9130 	9125
f 9146 	9145 	9172
f 681 	732 	9141
f 9141 	732 	9125
f 9147 	8488 	9158
f 9155 	9161 	9167
f 9161 	9169 	9167
f 344 	9146 	9172
f 8427 	344 	9172
f 9171 	8482 	9147
f 9151 	9148 	9167
f 9172 	9162 	8432
f 9162 	732 	729
f 9125 	732 	9173
f 9172 	9173 	9162
f 9173 	732 	9162
f 9172 	9145 	9173
f 9174 	9175 	9169
f 9126 	9162 	729
f 9174 	167 	9175
f 9119 	8432 	9162
f 9126 	9119 	9162
f 8427 	9172 	8432
f 9169 	9161 	9174
f 9174 	166 	167
f 9208 	2455 	2453
f 2453 	2494 	9204
f 184 	9175 	167
f 2362 	9182 	9231
f 79 	1974 	9179
f 79 	9179 	2362
f 9182 	2362 	9179
f 9178 	9053 	9180
f 9053 	9103 	9180
f 8470 	9149 	8488
f 8195 	9201 	9177
f 9180 	9184 	9178
f 9178 	9184 	9179
f 9181 	9182 	9184
f 9179 	9184 	9182
f 8195 	8209 	9201
f 8518 	9435 	9183
f 8262 	9445 	9221
f 9187 	9190 	9188
f 8470 	9096 	9207
f 9190 	9197 	9188
f 9198 	9187 	9188
f 9098 	9207 	9096
f 2322 	9187 	1968
f 9098 	9199 	9207
f 9199 	9098 	9101
f 2494 	9198 	9204
f 9189 	9196 	9223
f 9198 	1968 	9187
f 2322 	9190 	9187
f 8209 	8202 	9189
f 9177 	9201 	9202
f 9202 	9151 	9177
f 9149 	9284 	9193
f 9205 	370 	9206
f 9284 	9149 	9207
f 9201 	8209 	9189
f 9205 	368 	370
f 9205 	364 	368
f 9149 	8470 	9207
f 9205 	9203 	364
f 9204 	9208 	2453
f 9210 	9232 	9233
f 9171 	9446 	8584
f 8213 	9210 	9233
f 9208 	9203 	9205
f 8615 	8584 	9446
f 9208 	9204 	9203
f 8609 	9451 	9450
f 9208 	9205 	9206
f 9206 	370 	289
f 8609 	8615 	9451
f 289 	9091 	9206
f 2455 	9208 	9176
f 9091 	9176 	9206
f 9208 	9206 	9176
f 9103 	9118 	9216
f 9103 	9216 	9180
f 9180 	9216 	9215
f 9184 	9180 	9215
f 9181 	9184 	9215
f 9219 	8920 	9218
f 9216 	317 	365
f 393 	9215 	9216
f 9216 	365 	393
f 364 	9203 	9228
f 9195 	9221 	9220
f 379 	9227 	381
f 379 	9228 	9227
f 9229 	9198 	9188
f 9188 	9228 	9229
f 9223 	9202 	9201
f 9226 	9188 	9197
f 9226 	9227 	9188
f 9223 	9297 	9202
f 9227 	9228 	9188
f 379 	364 	9228
f 9204 	9229 	9203
f 9201 	9189 	9223
f 9203 	9229 	9228
f 9219 	9114 	9115
f 9297 	9151 	9202
f 9229 	9204 	9198
f 1908 	2365 	9235
f 9214 	9232 	9210
f 9181 	9236 	9231
f 8920 	9219 	9115
f 9231 	9182 	9181
f 9231 	9236 	9237
f 9114 	9238 	9230
f 9234 	9231 	9237
f 9235 	9234 	9237
f 9235 	9237 	9239
f 9114 	9219 	9238
f 9218 	9272 	9238
f 9238 	9219 	9218
f 9232 	9255 	9233
f 1908 	9235 	9245
f 8331 	9464 	8332
f 9248 	9235 	9239
f 9286 	9101 	9230
f 9196 	9195 	9220
f 9254 	9271 	9241
f 144 	9271 	9254
f 9243 	9241 	9190
f 9197 	9190 	9241
f 9223 	9196 	9220
f 9218 	9244 	9272
f 9243 	9240 	9241
f 9197 	9241 	9226
f 9195 	8262 	9221
f 9218 	8986 	9244
f 9240 	9243 	1947
f 1947 	9252 	9240
f 8254 	9445 	8262
f 9245 	9235 	9248
f 8213 	9275 	9210
f 9249 	9246 	9245
f 9249 	9245 	9248
f 8292 	8213 	9233
f 9249 	1411 	9246
f 9249 	1465 	1411
f 1416 	9246 	1411
f 8292 	9233 	8287
f 1941 	9245 	9246
f 1416 	2276 	9246
f 8199 	9189 	8202
f 8323 	9195 	8199
f 9195 	9196 	8199
f 9250 	9267 	9251
f 9249 	9248 	1465
f 8199 	9196 	9189
f 9252 	9253 	9254
f 8287 	9233 	9255
f 1473 	9254 	9253
f 8287 	9255 	8331
f 9240 	9252 	9254
f 8986 	9251 	9244
f 8986 	8963 	9251
f 9253 	1403 	1410
f 9250 	9247 	9267
f 1944 	2278 	9252
f 9252 	1403 	9253
f 1473 	9253 	1410
f 9254 	9241 	9240
f 9265 	9237 	9236
f 9181 	9215 	9262
f 9250 	9251 	8924
f 9265 	9181 	9262
f 9261 	9177 	9167
f 9181 	9265 	9236
f 9264 	9237 	9263
f 9263 	389 	390
f 9261 	8195 	9177
f 9237 	9265 	9263
f 9263 	9265 	389
f 9259 	9261 	9268
f 9263 	390 	9269
f 9264 	9263 	9269
f 9215 	393 	9262
f 9268 	9258 	9259
f 9267 	329 	9273
f 389 	9265 	9262
f 9258 	9268 	178
f 393 	407 	9262
f 327 	9267 	9247
f 9262 	407 	389
f 9261 	9169 	9268
f 9269 	390 	8747
f 9269 	8747 	8751
f 9237 	9264 	9239
f 9268 	179 	178
f 327 	9247 	457
f 9239 	9264 	9248
f 178 	5070 	9258
f 139 	9264 	9269
f 136 	139 	9269
f 5074 	9259 	9258
f 5074 	9258 	5070
f 8193 	8195 	9259
f 9271 	414 	9226
f 9227 	414 	381
f 8195 	9261 	9259
f 9267 	9273 	9251
f 9227 	9226 	414
f 9270 	9272 	329
f 9241 	9271 	9226
f 5089 	5139 	9274
f 9274 	283 	9282
f 9274 	5139 	221
f 9272 	9273 	329
f 9248 	9264 	139
f 8359 	9274 	9276
f 1465 	9248 	139
f 9272 	9244 	9273
f 561 	9293 	9270
f 9273 	9244 	9251
f 1257 	1256 	9277
f 9279 	1257 	9278
f 9279 	9278 	435
f 1257 	9277 	9278
f 9210 	9275 	9214
f 9280 	9279 	468
f 9169 	9261 	9167
f 9279 	429 	468
f 9247 	468 	457
f 9247 	9250 	468
f 9177 	9151 	9167
f 9250 	9280 	468
f 8924 	1258 	9280
f 9250 	8924 	9280
f 9268 	9169 	9175
f 1258 	9279 	9280
f 9279 	435 	429
f 9289 	9384 	9283
f 9279 	1351 	1257
f 9275 	9289 	9283
f 9359 	9277 	1256
f 9275 	9283 	9214
f 9199 	9101 	9286
f 9286 	9285 	9199
f 9207 	9199 	9285
f 9285 	9286 	9290
f 9303 	9292 	9285
f 9384 	9282 	9380
f 9207 	9285 	9284
f 9289 	9274 	9282
f 9238 	9293 	9230
f 9289 	9282 	9384
f 9276 	9274 	9289
f 9276 	9289 	9275
f 9290 	9286 	9230
f 179 	9268 	9175
f 9274 	8359 	5089
f 9276 	9275 	8372
f 9276 	8372 	8359
f 9275 	8213 	8372
f 9293 	582 	9294
f 9238 	9272 	9293
f 9270 	9293 	9272
f 9270 	329 	560
f 9296 	9297 	9223
f 9297 	9301 	9148
f 9148 	9151 	9297
f 9307 	9344 	9299
f 560 	561 	9270
f 9148 	9301 	9302
f 9294 	582 	583
f 9302 	9301 	9326
f 9294 	9230 	9293
f 9327 	9302 	9326
f 583 	9290 	9294
f 9285 	9290 	9303
f 9303 	9290 	583
f 583 	1554 	9303
f 9294 	9290 	9230
f 8751 	8747 	9304
f 8849 	9304 	8747
f 9321 	9305 	9323
f 9307 	9295 	9308
f 9311 	1519 	136
f 136 	8751 	9312
f 136 	9312 	9311
f 9304 	9310 	9312
f 9312 	8751 	9304
f 9311 	9312 	9310
f 9314 	8756 	9315
f 142 	1524 	9315
f 9316 	9315 	1524
f 9351 	9320 	9310
f 9311 	9310 	9320
f 9299 	9295 	9307
f 9295 	9299 	9296
f 9295 	9454 	9308
f 9299 	9301 	9297
f 9320 	9323 	9311
f 9297 	9296 	9299
f 9321 	9323 	9320
f 9323 	1519 	9311
f 1516 	1519 	9323
f 9323 	9305 	1516
f 9316 	1619 	9325
f 9322 	9316 	9325
f 9315 	9316 	9322
f 9322 	9325 	9377
f 9328 	9329 	9327
f 9023 	9325 	1619
f 9322 	9314 	9315
f 9326 	9328 	9327
f 8855 	9331 	8832
f 9328 	107 	108
f 9328 	108 	9329
f 171 	107 	9328
f 9337 	8839 	9330
f 100 	171 	9328
f 8849 	8839 	9335
f 9327 	9329 	9413
f 9341 	9304 	8849
f 9341 	8849 	9335
f 9335 	8839 	9337
f 9336 	9338 	188
f 9340 	9335 	9337
f 9520 	9340 	9337
f 9449 	37 	9339
f 9338 	9339 	37
f 9339 	9338 	9336
f 9343 	9335 	9340
f 9336 	187 	210
f 9343 	9340 	9534
f 9341 	9310 	9304
f 9301 	9299 	9326
f 5389 	8865 	9345
f 9344 	9326 	9299
f 9314 	5393 	5389
f 9344 	9328 	9326
f 9314 	5389 	9345
f 8865 	5389 	9346
f 9347 	5883 	5878
f 5883 	9346 	5389
f 9307 	9362 	9342
f 5883 	9347 	9346
f 9362 	9307 	9308
f 9351 	9310 	9341
f 9342 	9344 	9307
f 9351 	9341 	9400
f 9313 	9391 	9348
f 9322 	5393 	9314
f 9322 	5415 	5393
f 9319 	9313 	9348
f 9364 	9006 	9352
f 9353 	9319 	9371
f 9348 	9368 	9319
f 9007 	9357 	9352
f 9007 	9305 	9357
f 9356 	9471 	9353
f 9357 	9305 	9321
f 9321 	9355 	9357
f 9357 	9355 	9352
f 9359 	1920 	9360
f 9308 	9449 	9339
f 9363 	9360 	1920
f 9361 	9360 	9363
f 9361 	1029 	9360
f 100 	9342 	208
f 9342 	9362 	210
f 210 	208 	9342
f 9342 	100 	9344
f 9006 	9364 	9363
f 9362 	9308 	9339
f 9336 	9362 	9339
f 9364 	9361 	9363
f 9359 	1256 	1919
f 197 	198 	9348
f 9359 	9360 	1028
f 9359 	1028 	9277
f 9368 	9348 	198
f 9368 	198 	207
f 9361 	1073 	1029
f 9371 	9368 	207
f 1073 	9361 	1072
f 100 	9328 	9344
f 9336 	210 	9362
f 9371 	9356 	9353
f 9361 	9373 	1072
f 9319 	9368 	9371
f 9361 	9364 	9373
f 1072 	9372 	9370
f 1072 	9373 	9372
f 9374 	9375 	195
f 9352 	9355 	9372
f 9375 	9356 	9371
f 9372 	9364 	9352
f 41 	9375 	9374
f 9372 	9373 	9364
f 41 	9356 	9375
f 9401 	9376 	9320
f 9321 	9320 	9376
f 9371 	195 	9375
f 9374 	195 	216
f 9355 	9321 	9376
f 66 	41 	9374
f 66 	9374 	214
f 9322 	9377 	5402
f 9374 	216 	214
f 9377 	9325 	9023
f 9023 	9379 	9377
f 9302 	9378 	9148
f 9026 	9387 	9379
f 9377 	9379 	9386
f 9379 	9387 	9386
f 9283 	9384 	9385
f 9386 	5433 	5431
f 9385 	9298 	9283
f 9386 	5402 	9377
f 9386 	5431 	5402
f 283 	9404 	9282
f 9384 	9380 	9390
f 9380 	9396 	9390
f 9390 	9385 	9384
f 9388 	9161 	9155
f 9378 	9388 	9155
f 9386 	1198 	5433
f 9386 	9387 	9389
f 1198 	9386 	9389
f 1186 	9387 	9381
f 9389 	9387 	1186
f 9389 	1186 	1198
f 9026 	9381 	9387
f 1935 	9381 	9026
f 9385 	9390 	9391
f 9313 	9385 	9391
f 9335 	9394 	9341
f 9335 	9343 	9394
f 9385 	9313 	9298
f 9393 	1202 	9370
f 9372 	9355 	9393
f 9370 	9372 	9393
f 9404 	9396 	9380
f 9376 	9401 	9399
f 9400 	5909 	5861
f 9327 	9378 	9302
f 5909 	9400 	9394
f 9401 	9320 	9351
f 9400 	9341 	9394
f 9401 	9351 	9400
f 9399 	9401 	9400
f 9174 	9388 	9403
f 9388 	9174 	9161
f 1199 	9393 	9406
f 386 	166 	9174
f 9393 	9355 	9376
f 9403 	386 	9174
f 9376 	9406 	9393
f 5866 	9400 	5861
f 9404 	9409 	9396
f 5866 	6187 	1278
f 5866 	9399 	9400
f 1278 	9406 	9399
f 9399 	5866 	1278
f 9282 	9404 	9380
f 1278 	1199 	9406
f 9376 	9399 	9406
f 9410 	9081 	9408
f 9410 	1475 	9090
f 9410 	1499 	1475
f 9410 	9092 	9081
f 9410 	9090 	9092
f 9404 	408 	9409
f 1492 	1499 	9411
f 9408 	1499 	9410
f 1757 	1490 	9411
f 1490 	1492 	9411
f 9329 	335 	9413
f 108 	335 	9329
f 343 	302 	9425
f 302 	304 	9430
f 9378 	9417 	9388
f 9418 	9417 	9378
f 9403 	9388 	9417
f 9327 	9418 	9378
f 9418 	9413 	9417
f 9415 	9420 	8519
f 9422 	9417 	9413
f 9327 	9413 	9418
f 9413 	335 	9422
f 9484 	9419 	9441
f 335 	337 	9422
f 337 	385 	9422
f 9422 	9436 	9417
f 385 	9436 	9422
f 9390 	9396 	9430
f 8518 	9419 	9435
f 9430 	9391 	9390
f 9442 	9425 	9396
f 9409 	9442 	9396
f 9147 	9432 	9426
f 9430 	9396 	9425
f 9171 	9426 	9427
f 9171 	9147 	9426
f 9432 	9147 	9158
f 302 	9430 	9425
f 9429 	304 	340
f 9430 	304 	9429
f 9149 	9193 	9432
f 9391 	9430 	9429
f 9348 	9391 	9429
f 9429 	340 	197
f 9432 	9158 	9149
f 197 	9348 	9429
f 9403 	9434 	386
f 502 	386 	9434
f 9436 	502 	9434
f 502 	9436 	505
f 9081 	9077 	9435
f 9077 	9183 	9435
f 9434 	9403 	9417
f 9434 	9417 	9436
f 9436 	385 	505
f 9439 	9415 	9437
f 9439 	9420 	9415
f 9409 	523 	9442
f 408 	523 	9409
f 9419 	9420 	9439
f 343 	9425 	9442
f 9419 	9439 	9441
f 9442 	523 	343
f 9441 	9494 	9484
f 9445 	9447 	9448
f 9446 	9171 	9427
f 9445 	9448 	9449
f 8254 	9447 	9445
f 8615 	9446 	9451
f 37 	9449 	9448
f 8617 	8609 	9452
f 9448 	19 	37
f 9451 	9446 	9461
f 22 	9447 	8729
f 9451 	9461 	9456
f 8733 	22 	8729
f 9447 	22 	9448
f 8254 	8729 	9447
f 9450 	9451 	9456
f 9452 	8609 	9450
f 9452 	9450 	9459
f 9298 	9458 	9232
f 9467 	9468 	9414
f 9214 	9283 	9298
f 9414 	8892 	9467
f 9232 	9214 	9298
f 9458 	9298 	9313
f 9471 	9463 	9232
f 9296 	9220 	9295
f 9220 	9221 	9454
f 9454 	9295 	9220
f 9296 	9223 	9220
f 9445 	9454 	9221
f 9445 	9449 	9454
f 9446 	9427 	9461
f 9313 	9319 	9458
f 9427 	9482 	9461
f 9458 	9471 	9232
f 9308 	9454 	9449
f 9255 	9232 	9463
f 9456 	9457 	9450
f 9463 	9464 	8331
f 9450 	9457 	9459
f 8331 	9255 	9463
f 9462 	8332 	9464
f 9460 	8826 	8332
f 9462 	9460 	8332
f 8826 	9460 	8831
f 9503 	9467 	9465
f 8831 	9460 	8838
f 9467 	8884 	9465
f 9467 	8892 	8884
f 9468 	9437 	9415
f 9468 	9415 	9414
f 9460 	56 	8838
f 9460 	9462 	9474
f 9460 	9474 	9475
f 9193 	9284 	9473
f 9475 	56 	9460
f 53 	56 	9475
f 9474 	9478 	9356
f 9473 	9284 	9285
f 9471 	9478 	9464
f 9464 	9474 	9462
f 9193 	9473 	9477
f 9479 	9193 	9477
f 9474 	9464 	9478
f 9426 	9481 	9427
f 9471 	9464 	9463
f 41 	50 	9475
f 9475 	9474 	41
f 9432 	9193 	9479
f 53 	9475 	50
f 9353 	9458 	9319
f 9432 	9479 	9426
f 9458 	9353 	9471
f 9484 	9408 	9081
f 9471 	9356 	9478
f 9356 	41 	9474
f 9479 	9488 	9493
f 9481 	9486 	9482
f 9481 	9482 	9427
f 9426 	9479 	9481
f 9441 	9499 	9494
f 9484 	9435 	9419
f 9484 	9081 	9435
f 9488 	9473 	1548
f 1562 	1548 	9292
f 9473 	9285 	9292
f 1548 	9473 	9292
f 1562 	9292 	1554
f 9292 	9303 	1554
f 9481 	9479 	9486
f 9479 	9477 	9488
f 9477 	9473 	9488
f 9488 	1548 	1570
f 9482 	9486 	9491
f 1736 	9491 	9486
f 9479 	9493 	9486
f 1747 	9486 	9493
f 9493 	1570 	1747
f 9493 	9488 	1570
f 9494 	9411 	9408
f 9484 	9494 	9408
f 9411 	9494 	1757
f 9510 	9482 	9491
f 9497 	9495 	9496
f 9496 	1764 	9497
f 9486 	1738 	1736
f 9486 	1747 	1738
f 1736 	1918 	9491
f 1765 	1755 	9498
f 1755 	9499 	9498
f 9494 	9499 	1755
f 9495 	9437 	9468
f 9495 	9497 	9437
f 9437 	9498 	9439
f 9498 	9441 	9439
f 9497 	9498 	9437
f 9499 	9441 	9498
f 9503 	9504 	9467
f 9495 	9504 	9512
f 9468 	9467 	9495
f 9467 	9504 	9495
f 9507 	9511 	1870
f 9506 	1918 	1927
f 9511 	1872 	1870
f 9456 	9510 	9506
f 9461 	9510 	9456
f 9461 	9482 	9510
f 1918 	9506 	9510
f 1918 	9510 	9491
f 9457 	9507 	9459
f 9456 	9506 	9511
f 9456 	9511 	9457
f 9511 	9507 	9457
f 1927 	1872 	9511
f 9511 	9506 	1927
f 9512 	9496 	9495
f 9496 	9512 	2324
f 9538 	9514 	9503
f 9514 	9538 	6007
f 9514 	9512 	9504
f 9504 	9503 	9514
f 2324 	9512 	9514
f 9465 	8884 	8905
f 9516 	8905 	8907
f 9517 	9452 	9459
f 8855 	9452 	9517
f 9519 	9331 	8855
f 9518 	9516 	8907
f 8909 	9518 	8907
f 8909 	5877 	9518
f 5877 	5870 	9518
f 8855 	9517 	9519
f 9331 	9519 	9520
f 9330 	9331 	9520
f 9330 	9520 	9337
f 9523 	9517 	9459
f 9533 	9517 	9523
f 9534 	9340 	9520
f 9519 	9517 	9533
f 9519 	9533 	9520
f 8905 	9516 	9526
f 5870 	9526 	9516
f 9516 	9518 	5870
f 5878 	5877 	9347
f 9347 	5877 	8874
f 5877 	8909 	8874
f 5993 	9526 	5992
f 5870 	5992 	9526
f 9527 	9526 	9538
f 9526 	5993 	9538
f 9503 	9465 	9527
f 9527 	9465 	8905
f 8905 	9526 	9527
f 5915 	9534 	9535
f 5915 	5917 	9534
f 5909 	9536 	5917
f 5909 	9394 	9343
f 9536 	9343 	9534
f 5909 	9343 	9536
f 9537 	9533 	9523
f 9535 	9520 	9533
f 5922 	5915 	9535
f 9520 	9535 	9534
f 9507 	9523 	9459
f 9536 	9534 	5917
f 9537 	9535 	9533
f 9537 	5922 	9535
f 9507 	1870 	9539
f 9523 	9507 	9539
f 9537 	9523 	9539
f 9539 	1870 	6339
f 9503 	9527 	9538
f 6003 	6007 	9538
f 1472 	9550 	121
f 1476 	1472 	121
f 9547 	1472 	1522
f 9550 	1472 	9547
f 118 	9089 	9090
f 928 	9550 	9547
f 121 	9550 	123
f 750 	123 	9550
f 928 	750 	9550
f 2336 	9547 	1522
f 2336 	2451 	928
f 9547 	2336 	928
f 9621 	9622 	3834
f 9562 	9563 	3834
f 9621 	3834 	9563
f 9564 	9562 	3834
f 3834 	3315 	9608
f 9608 	9609 	3834
f 9608 	3315 	9607
f 9616 	9617 	3834
f 9614 	9615 	3834
f 3834 	9609 	9612
f 9612 	9613 	3834
f 9614 	3834 	9618
f 9618 	3834 	9613
f 9619 	3834 	9617
f 9615 	9616 	3834
f 9620 	3834 	9619
f 9564 	3834 	9620
f 9651 	9652 	3315
f 9651 	3315 	9656
f 3315 	9652 	9653
f 3315 	9653 	9654
f 9680 	3315 	9678
f 9675 	9676 	5118
f 9676 	9677 	5118
f 9674 	9675 	5118
f 9677 	9682 	5118
f 9674 	5118 	3528
f 9678 	5118 	9679
f 9683 	9656 	3315
f 9679 	5118 	9682
f 5118 	9678 	3315
f 9684 	9685 	3315
f 9684 	3315 	9655
f 9654 	9655 	3315
f 9685 	9686 	3315
f 9686 	9717 	3315
f 9717 	9604 	3315
f 9605 	3315 	9604
f 9606 	9607 	3315
f 9605 	9606 	3315
f 9681 	3315 	9680
f 3686 	3687 	3834
f 9718 	9687 	3834
f 9687 	3690 	3834
f 3686 	3834 	3690
f 3834 	9752 	9718
f 9752 	3834 	9751
f 9751 	3834 	9622
# 9814 faces

 #end of obj_0

